	Kingdom	Phylum	Class	Order	Family	Genus	Species
ASV_1	k__Fungi	p__Ascomycota	c__Sordariomycetes	o__Cephalothecales	f__Cephalothecaceae	g__Phialemonium	s__inflatum
ASV_2	k__Fungi	p__Ascomycota	c__Leotiomycetes	o__Helotiales	f__Sclerotiniaceae	g__Botrytis	NA
ASV_3	k__Fungi	p__Ascomycota	NA	NA	NA	NA	NA
ASV_4	k__Fungi	p__Ascomycota	c__Dothideomycetes	o__Cladosporiales	f__Cladosporiaceae	g__Cladosporium	s__herbarum
ASV_5	k__Fungi	p__Ascomycota	c__Eurotiomycetes	o__Eurotiales	f__Aspergillaceae	g__Aspergillus	s__viridicatenatus
ASV_6	k__Fungi	p__Basidiomycota	c__Ustilaginomycetes	o__Urocystidales	f__Urocystidaceae	g__Urocystis	s__magica
ASV_7	k__Fungi	p__Basidiomycota	c__Ustilaginomycetes	o__Urocystidales	f__Floromycetaceae	g__Antherospora	s__vindobonensis
ASV_8	k__Fungi	p__Basidiomycota	NA	NA	NA	NA	NA
ASV_9	k__Fungi	p__Basidiomycota	NA	NA	NA	NA	NA
ASV_10	k__Fungi	NA	NA	NA	NA	NA	NA
ASV_11	k__Fungi	NA	NA	NA	NA	NA	NA
ASV_12	k__Fungi	p__Ascomycota	c__Leotiomycetes	o__Thelebolales	f__Pseudeurotiaceae	g__Pseudogymnoascus	s__appendiculatus
ASV_13	k__Fungi	NA	NA	NA	NA	NA	NA
ASV_14	k__Fungi	NA	NA	NA	NA	NA	NA
ASV_15	k__Fungi	NA	NA	NA	NA	NA	NA
ASV_16	k__Fungi	NA	NA	NA	NA	NA	NA
ASV_17	k__Fungi	NA	NA	NA	NA	NA	NA
ASV_18	k__Fungi	p__Ascomycota	NA	NA	NA	NA	NA
ASV_19	k__Fungi	NA	NA	NA	NA	NA	NA
ASV_20	k__Fungi	NA	NA	NA	NA	NA	NA
ASV_21	k__Fungi	p__Basidiomycota	c__Microbotryomycetes	o__Microbotryales	f__Microbotryaceae	g__Microbotryum	s__alpinum
ASV_22	k__Fungi	NA	NA	NA	NA	NA	NA
ASV_23	k__Fungi	p__Ascomycota	c__Dothideomycetes	o__Cladosporiales	f__Cladosporiaceae	g__Cladosporium	s__herbarum
ASV_24	k__Fungi	NA	NA	NA	NA	NA	NA
ASV_25	k__Fungi	NA	NA	NA	NA	NA	NA
ASV_26	k__Fungi	p__Basidiomycota	NA	NA	NA	NA	NA
ASV_27	k__Fungi	p__Ascomycota	c__Dothideomycetes	o__Pleosporales	f__Periconiaceae	g__Periconia	NA
ASV_28	k__Fungi	NA	NA	NA	NA	NA	NA
ASV_29	k__Fungi	p__Ascomycota	c__Leotiomycetes	o__Helotiales	f__Sclerotiniaceae	g__Monilinia	s__gaylussaciae
ASV_30	k__Fungi	NA	NA	NA	NA	NA	NA
ASV_31	k__Fungi	NA	NA	NA	NA	NA	NA
ASV_32	k__Fungi	p__Ascomycota	c__Saccharomycetes	o__Saccharomycetales	f__Debaryomycetaceae	g__Debaryomyces	s__prosopidis
ASV_33	k__Fungi	NA	NA	NA	NA	NA	NA
ASV_34	k__Fungi	p__Ascomycota	c__Eurotiomycetes	o__Eurotiales	f__Aspergillaceae	g__Penicillium	s__spinulosum
ASV_35	k__Fungi	p__Ascomycota	c__Leotiomycetes	o__Helotiales	f__Myxotrichaceae	g__Oidiodendron	s__echinulatum
ASV_36	k__Fungi	p__Ascomycota	c__Leotiomycetes	o__Helotiales	f__Sclerotiniaceae	g__Botrytis	s__caroliniana
ASV_37	k__Fungi	NA	NA	NA	NA	NA	NA
ASV_38	k__Fungi	p__Ascomycota	c__Sordariomycetes	NA	NA	NA	NA
ASV_39	k__Fungi	NA	NA	NA	NA	NA	NA
ASV_40	k__Fungi	NA	NA	NA	NA	NA	NA
ASV_41	k__Fungi	p__Ascomycota	NA	NA	NA	NA	NA
ASV_42	k__Fungi	NA	NA	NA	NA	NA	NA
ASV_43	k__Fungi	p__Basidiomycota	NA	NA	NA	NA	NA
ASV_44	k__Fungi	NA	NA	NA	NA	NA	NA
ASV_45	k__Fungi	NA	NA	NA	NA	NA	NA
ASV_46	k__Fungi	NA	NA	NA	NA	NA	NA
ASV_47	k__Fungi	p__Ascomycota	NA	NA	NA	NA	NA
ASV_48	k__Fungi	NA	NA	NA	NA	NA	NA
ASV_49	k__Fungi	p__Ascomycota	NA	NA	NA	NA	NA
ASV_50	k__Fungi	p__Ascomycota	NA	NA	NA	NA	NA
ASV_51	k__Fungi	p__Ascomycota	c__Saccharomycetes	o__Saccharomycetales	NA	NA	NA
ASV_52	k__Fungi	NA	NA	NA	NA	NA	NA
ASV_53	k__Fungi	NA	NA	NA	NA	NA	NA
ASV_54	k__Fungi	NA	NA	NA	NA	NA	NA
ASV_55	k__Fungi	NA	NA	NA	NA	NA	NA
ASV_56	k__Fungi	p__Basidiomycota	c__Tremellomycetes	o__Filobasidiales	f__Filobasidiaceae	g__Filobasidium	s__wieringae
ASV_57	k__Fungi	p__Mortierellomycota	c__Mortierellomycetes	o__Mortierellales	f__Mortierellaceae	g__Linnemannia	s__gamsii
ASV_58	k__Fungi	p__Ascomycota	NA	NA	NA	NA	NA
ASV_59	k__Fungi	NA	NA	NA	NA	NA	NA
ASV_60	k__Fungi	NA	NA	NA	NA	NA	NA
ASV_61	k__Fungi	p__Ascomycota	c__Dothideomycetes	o__Pleosporales	f__Periconiaceae	g__Periconia	NA
ASV_62	k__Fungi	p__Mortierellomycota	c__Mortierellomycetes	o__Mortierellales	f__Mortierellaceae	g__Podila	s__humilis
ASV_63	k__Fungi	NA	NA	NA	NA	NA	NA
ASV_64	k__Fungi	NA	NA	NA	NA	NA	NA
ASV_65	k__Fungi	p__Ascomycota	c__Sordariomycetes	o__Hypocreales	f__Stachybotryaceae	g__Grandibotrys	s__pseudotheobromae
ASV_66	k__Fungi	NA	NA	NA	NA	NA	NA
ASV_67	k__Fungi	p__Basidiomycota	c__Ustilaginomycetes	o__Urocystidales	f__Glomosporiaceae	g__Thecaphora	NA
ASV_68	k__Fungi	p__Ascomycota	c__Saccharomycetes	o__Saccharomycetales	NA	NA	NA
ASV_69	k__Fungi	NA	NA	NA	NA	NA	NA
ASV_70	k__Fungi	p__Ascomycota	NA	NA	NA	NA	NA
ASV_71	k__Fungi	p__Ascomycota	c__Dothideomycetes	o__Pleosporales	f__Sporormiaceae	g__Preussia	NA
ASV_72	k__Fungi	p__Ascomycota	NA	NA	NA	NA	NA
ASV_73	k__Fungi	p__Basidiomycota	NA	NA	NA	NA	NA
ASV_74	k__Fungi	NA	NA	NA	NA	NA	NA
ASV_75	k__Fungi	NA	NA	NA	NA	NA	NA
ASV_76	k__Fungi	p__Ascomycota	c__Leotiomycetes	o__Thelebolales	f__Pseudeurotiaceae	g__Pseudogymnoascus	NA
ASV_77	k__Fungi	p__Ascomycota	NA	NA	NA	NA	NA
ASV_78	k__Fungi	NA	NA	NA	NA	NA	NA
ASV_79	k__Fungi	NA	NA	NA	NA	NA	NA
ASV_80	k__Fungi	NA	NA	NA	NA	NA	NA
ASV_81	k__Fungi	NA	NA	NA	NA	NA	NA
ASV_82	k__Fungi	p__Basidiomycota	NA	NA	NA	NA	NA
ASV_83	k__Fungi	NA	NA	NA	NA	NA	NA
ASV_84	k__Fungi	p__Basidiomycota	c__Tremellomycetes	o__Tremellales	f__Bulleribasidiaceae	g__Vishniacozyma	s__victoriae
ASV_85	k__Fungi	NA	NA	NA	NA	NA	NA
ASV_86	k__Fungi	p__Ascomycota	NA	NA	NA	NA	NA
ASV_87	k__Fungi	p__Ascomycota	c__Dothideomycetes	o__Cladosporiales	f__Cladosporiaceae	g__Cladosporium	s__herbarum
ASV_88	k__Fungi	p__Ascomycota	NA	NA	NA	NA	NA
ASV_89	k__Fungi	NA	NA	NA	NA	NA	NA
ASV_90	k__Fungi	NA	NA	NA	NA	NA	NA
ASV_91	k__Fungi	NA	NA	NA	NA	NA	NA
ASV_92	k__Fungi	p__Basidiomycota	c__Microbotryomycetes	o__Sporidiobolales	f__Sporidiobolaceae	g__Rhodotorula	s__graminis
ASV_93	k__Fungi	NA	NA	NA	NA	NA	NA
ASV_94	k__Fungi	NA	NA	NA	NA	NA	NA
ASV_95	k__Fungi	p__Ascomycota	c__Dothideomycetes	o__Cladosporiales	f__Cladosporiaceae	g__Cladosporium	s__herbarum
ASV_96	k__Fungi	p__Ascomycota	c__Dothideomycetes	o__Pleosporales	f__Periconiaceae	g__Periconia	s__verrucosa
ASV_97	k__Fungi	NA	NA	NA	NA	NA	NA
ASV_98	k__Fungi	NA	NA	NA	NA	NA	NA
ASV_99	k__Fungi	p__Ascomycota	c__Leotiomycetes	o__Helotiales	f__Myxotrichaceae	g__Oidiodendron	s__setiferum
ASV_100	k__Fungi	p__Ascomycota	c__Eurotiomycetes	o__Eurotiales	f__Aspergillaceae	g__Penicillium	s__coprobium
ASV_101	k__Fungi	p__Mucoromycota	c__Mucoromycetes	o__Mucorales	f__Mucoraceae	g__Mucor	s__flavus
ASV_102	k__Fungi	p__Ascomycota	NA	NA	NA	NA	NA
ASV_103	k__Fungi	p__Ascomycota	c__Leotiomycetes	o__Helotiales	f__Myxotrichaceae	g__Oidiodendron	s__myxotrichoides
ASV_104	k__Fungi	NA	NA	NA	NA	NA	NA
ASV_105	k__Fungi	NA	NA	NA	NA	NA	NA
ASV_106	k__Fungi	NA	NA	NA	NA	NA	NA
ASV_107	k__Fungi	p__Ascomycota	c__Leotiomycetes	o__Helotiales	f__Sclerotiniaceae	g__Botrytis	s__caroliniana
ASV_108	k__Fungi	p__Basidiomycota	NA	NA	NA	NA	NA
ASV_109	k__Fungi	NA	NA	NA	NA	NA	NA
ASV_110	k__Fungi	p__Ascomycota	NA	NA	NA	NA	NA
ASV_111	k__Fungi	NA	NA	NA	NA	NA	NA
ASV_112	k__Fungi	p__Ascomycota	c__Saccharomycetes	o__Saccharomycetales	NA	NA	NA
ASV_113	k__Fungi	p__Ascomycota	NA	NA	NA	NA	NA
ASV_114	k__Fungi	NA	NA	NA	NA	NA	NA
ASV_115	k__Fungi	NA	NA	NA	NA	NA	NA
ASV_116	k__Fungi	NA	NA	NA	NA	NA	NA
ASV_117	k__Fungi	p__Ascomycota	c__Sordariomycetes	o__Amphisphaeriales	f__Apiosporaceae	g__Apiospora	NA
ASV_118	k__Fungi	NA	NA	NA	NA	NA	NA
ASV_119	k__Fungi	NA	NA	NA	NA	NA	NA
ASV_120	k__Fungi	p__Basidiomycota	NA	NA	NA	NA	NA
ASV_121	k__Fungi	NA	NA	NA	NA	NA	NA
ASV_122	k__Fungi	NA	NA	NA	NA	NA	NA
ASV_123	k__Fungi	p__Basidiomycota	NA	NA	NA	NA	NA
ASV_124	k__Fungi	NA	NA	NA	NA	NA	NA
ASV_125	k__Fungi	NA	NA	NA	NA	NA	NA
ASV_126	k__Fungi	NA	NA	NA	NA	NA	NA
ASV_127	k__Fungi	NA	NA	NA	NA	NA	NA
ASV_128	k__Fungi	p__Basidiomycota	c__Tremellomycetes	o__Filobasidiales	f__Filobasidiaceae	g__Filobasidium	NA
ASV_129	k__Fungi	NA	NA	NA	NA	NA	NA
ASV_130	k__Fungi	p__Ascomycota	c__Sordariomycetes	o__Microascales	f__Microascaceae	g__Gamsia	s__simplex
ASV_131	k__Fungi	NA	NA	NA	NA	NA	NA
ASV_132	k__Fungi	p__Basidiomycota	NA	NA	NA	NA	NA
ASV_133	k__Fungi	NA	NA	NA	NA	NA	NA
ASV_134	k__Fungi	NA	NA	NA	NA	NA	NA
ASV_135	k__Fungi	NA	NA	NA	NA	NA	NA
ASV_136	k__Fungi	p__Ascomycota	c__Dothideomycetes	o__Pleosporales	f__Pleosporaceae	g__Pyrenophora	NA
ASV_137	k__Fungi	p__Ascomycota	NA	NA	NA	NA	NA
ASV_138	k__Fungi	p__Ascomycota	c__Saccharomycetes	o__Saccharomycetales	NA	NA	NA
ASV_139	k__Fungi	p__Ascomycota	c__Sordariomycetes	o__Microascales	f__Microascaceae	g__Cephalotrichum	s__stemonitis
ASV_140	k__Fungi	p__Ascomycota	NA	NA	NA	NA	NA
ASV_141	k__Fungi	NA	NA	NA	NA	NA	NA
ASV_142	k__Fungi	NA	NA	NA	NA	NA	NA
ASV_143	k__Fungi	NA	NA	NA	NA	NA	NA
ASV_144	k__Fungi	p__Basidiomycota	c__Tremellomycetes	o__Tremellales	f__Bulleribasidiaceae	g__Vishniacozyma	s__victoriae
ASV_145	k__Fungi	p__Ascomycota	c__Dothideomycetes	o__Mycosphaerellales	NA	NA	NA
ASV_146	k__Fungi	NA	NA	NA	NA	NA	NA
ASV_147	k__Fungi	NA	NA	NA	NA	NA	NA
ASV_148	k__Fungi	NA	NA	NA	NA	NA	NA
ASV_149	k__Fungi	NA	NA	NA	NA	NA	NA
ASV_150	k__Fungi	NA	NA	NA	NA	NA	NA
ASV_151	k__Fungi	p__Basidiomycota	NA	NA	NA	NA	NA
ASV_152	k__Fungi	NA	NA	NA	NA	NA	NA
ASV_153	k__Fungi	NA	NA	NA	NA	NA	NA
ASV_154	k__Fungi	NA	NA	NA	NA	NA	NA
ASV_155	k__Fungi	NA	NA	NA	NA	NA	NA
ASV_156	k__Fungi	p__Ascomycota	c__Saccharomycetes	o__Saccharomycetales	NA	NA	NA
ASV_157	k__Fungi	p__Basidiomycota	NA	NA	NA	NA	NA
ASV_158	k__Fungi	NA	NA	NA	NA	NA	NA
ASV_159	k__Fungi	NA	NA	NA	NA	NA	NA
ASV_160	k__Fungi	NA	NA	NA	NA	NA	NA
ASV_161	k__Fungi	p__Mucoromycota	c__Mucoromycetes	o__Mucorales	f__Mucoraceae	g__Mucor	NA
ASV_162	k__Fungi	NA	NA	NA	NA	NA	NA
ASV_163	k__Fungi	NA	NA	NA	NA	NA	NA
ASV_164	k__Fungi	p__Mortierellomycota	c__Mortierellomycetes	o__Mortierellales	f__Mortierellaceae	g__Mortierella	s__hypsicladia
ASV_165	k__Fungi	NA	NA	NA	NA	NA	NA
ASV_166	k__Fungi	NA	NA	NA	NA	NA	NA
ASV_167	k__Fungi	NA	NA	NA	NA	NA	NA
ASV_168	k__Fungi	NA	NA	NA	NA	NA	NA
ASV_169	k__Fungi	NA	NA	NA	NA	NA	NA
ASV_170	k__Fungi	p__Ascomycota	c__Saccharomycetes	o__Saccharomycetales	NA	NA	NA
ASV_171	k__Fungi	NA	NA	NA	NA	NA	NA
ASV_172	k__Fungi	NA	NA	NA	NA	NA	NA
ASV_173	k__Fungi	p__Basidiomycota	NA	NA	NA	NA	NA
ASV_174	k__Fungi	p__Ascomycota	c__Eurotiomycetes	o__Eurotiales	f__Aspergillaceae	g__Penicillium	s__angulare
ASV_175	k__Fungi	NA	NA	NA	NA	NA	NA
ASV_176	k__Fungi	p__Basidiomycota	c__Tremellomycetes	o__Filobasidiales	f__Filobasidiaceae	g__Filobasidium	s__chernovii
ASV_177	k__Fungi	p__Basidiomycota	NA	NA	NA	NA	NA
ASV_178	k__Fungi	NA	NA	NA	NA	NA	NA
ASV_179	k__Fungi	NA	NA	NA	NA	NA	NA
ASV_180	k__Fungi	p__Basidiomycota	c__Microbotryomycetes	o__Sporidiobolales	f__Sporidiobolaceae	g__Rhodotorula	s__mucilaginosa
ASV_181	k__Fungi	NA	NA	NA	NA	NA	NA
ASV_182	k__Fungi	NA	NA	NA	NA	NA	NA
ASV_183	k__Fungi	p__Ascomycota	c__Dothideomycetes	o__Pleosporales	f__Didymellaceae	NA	NA
ASV_184	k__Fungi	NA	NA	NA	NA	NA	NA
ASV_185	k__Fungi	p__Ascomycota	c__Leotiomycetes	o__Helotiales	f__Discinellaceae	g__Gyoerffyella	NA
ASV_186	k__Fungi	p__Ascomycota	c__Sordariomycetes	o__Hypocreales	f__Cordycipitaceae	g__Beauveria	s__pseudobassiana
ASV_187	k__Fungi	NA	NA	NA	NA	NA	NA
ASV_188	k__Fungi	NA	NA	NA	NA	NA	NA
ASV_189	k__Fungi	NA	NA	NA	NA	NA	NA
ASV_190	k__Fungi	p__Ascomycota	c__Leotiomycetes	o__Thelebolales	f__Pseudeurotiaceae	g__Pseudogymnoascus	NA
ASV_191	k__Fungi	NA	NA	NA	NA	NA	NA
ASV_192	k__Fungi	NA	NA	NA	NA	NA	NA
ASV_193	k__Fungi	NA	NA	NA	NA	NA	NA
ASV_194	k__Fungi	NA	NA	NA	NA	NA	NA
ASV_195	k__Fungi	p__Ascomycota	c__Saccharomycetes	o__Saccharomycetales	NA	NA	NA
ASV_196	k__Fungi	p__Ascomycota	c__Saccharomycetes	o__Saccharomycetales	NA	NA	NA
ASV_197	k__Fungi	p__Ascomycota	c__Saccharomycetes	o__Saccharomycetales	NA	NA	NA
ASV_198	k__Fungi	NA	NA	NA	NA	NA	NA
ASV_199	k__Fungi	p__Ascomycota	NA	NA	NA	NA	NA
ASV_200	k__Fungi	p__Basidiomycota	c__Tremellomycetes	o__Tremellales	f__Bulleribasidiaceae	g__Vishniacozyma	s__victoriae
ASV_201	k__Fungi	NA	NA	NA	NA	NA	NA
ASV_202	k__Fungi	NA	NA	NA	NA	NA	NA
ASV_203	k__Fungi	NA	NA	NA	NA	NA	NA
ASV_204	k__Fungi	p__Ascomycota	c__Sordariomycetes	o__Hypocreales	f__Cordycipitaceae	g__Beauveria	s__pseudobassiana
ASV_205	k__Fungi	NA	NA	NA	NA	NA	NA
ASV_206	k__Fungi	NA	NA	NA	NA	NA	NA
ASV_207	k__Fungi	NA	NA	NA	NA	NA	NA
ASV_208	k__Fungi	NA	NA	NA	NA	NA	NA
ASV_209	k__Fungi	p__Basidiomycota	NA	NA	NA	NA	NA
ASV_210	k__Fungi	NA	NA	NA	NA	NA	NA
ASV_211	k__Fungi	p__Ascomycota	NA	NA	NA	NA	NA
ASV_212	k__Fungi	NA	NA	NA	NA	NA	NA
ASV_213	k__Fungi	NA	NA	NA	NA	NA	NA
ASV_214	k__Fungi	p__Ascomycota	NA	NA	NA	NA	NA
ASV_215	k__Fungi	NA	NA	NA	NA	NA	NA
ASV_216	k__Fungi	p__Ascomycota	c__Leotiomycetes	o__Helotiales	f__Myxotrichaceae	g__Oidiodendron	s__flavum
ASV_217	k__Fungi	p__Ascomycota	c__Saccharomycetes	o__Saccharomycetales	NA	NA	NA
ASV_218	k__Fungi	p__Ascomycota	c__Saccharomycetes	o__Saccharomycetales	NA	NA	NA
ASV_219	k__Fungi	NA	NA	NA	NA	NA	NA
ASV_220	k__Fungi	p__Ascomycota	c__Sordariomycetes	o__Hypocreales	f__Nectriaceae	g__Fusarium	NA
ASV_221	k__Fungi	NA	NA	NA	NA	NA	NA
ASV_222	k__Fungi	NA	NA	NA	NA	NA	NA
ASV_223	k__Fungi	NA	NA	NA	NA	NA	NA
ASV_224	k__Fungi	NA	NA	NA	NA	NA	NA
ASV_225	k__Fungi	NA	NA	NA	NA	NA	NA
ASV_226	k__Fungi	NA	NA	NA	NA	NA	NA
ASV_227	k__Fungi	p__Basidiomycota	c__Tremellomycetes	o__Tremellales	f__Bulleribasidiaceae	g__Vishniacozyma	s__victoriae
ASV_228	k__Fungi	p__Ascomycota	NA	NA	NA	NA	NA
ASV_229	k__Fungi	p__Ascomycota	c__Saccharomycetes	o__Saccharomycetales	NA	NA	NA
ASV_230	k__Fungi	p__Ascomycota	c__Dothideomycetes	o__Cladosporiales	f__Cladosporiaceae	g__Cladosporium	s__herbarum
ASV_231	k__Fungi	p__Ascomycota	NA	NA	NA	NA	NA
ASV_232	k__Fungi	p__Ascomycota	c__Saccharomycetes	o__Saccharomycetales	NA	NA	NA
ASV_233	k__Fungi	p__Ascomycota	c__Sordariomycetes	o__Microascales	f__Microascaceae	g__Cephalotrichum	s__stemonitis
ASV_234	k__Fungi	p__Ascomycota	c__Dothideomycetes	o__Pleosporales	f__Didymellaceae	g__Neoascochyta	NA
ASV_235	k__Fungi	p__Ascomycota	NA	NA	NA	NA	NA
ASV_236	k__Fungi	p__Ascomycota	c__Eurotiomycetes	o__Eurotiales	f__Aspergillaceae	g__Penicillium	s__aquadulcis
ASV_237	k__Fungi	p__Ascomycota	c__Leotiomycetes	o__Thelebolales	f__Pseudeurotiaceae	g__Geomyces	NA
ASV_238	k__Fungi	NA	NA	NA	NA	NA	NA
ASV_239	k__Fungi	p__Ascomycota	c__Sordariomycetes	o__Xylariales	f__Xylariaceae	g__Xylaria	s__carpophila
ASV_240	k__Fungi	p__Ascomycota	c__Saccharomycetes	o__Saccharomycetales	NA	NA	NA
ASV_241	k__Fungi	p__Basidiomycota	NA	NA	NA	NA	NA
ASV_242	k__Fungi	NA	NA	NA	NA	NA	NA
ASV_243	k__Fungi	p__Ascomycota	c__Sordariomycetes	o__Amphisphaeriales	f__Apiosporaceae	g__Nigrospora	NA
ASV_244	k__Fungi	NA	NA	NA	NA	NA	NA
ASV_245	k__Fungi	NA	NA	NA	NA	NA	NA
ASV_246	k__Fungi	p__Basidiomycota	NA	NA	NA	NA	NA
ASV_247	k__Fungi	p__Ascomycota	c__Eurotiomycetes	o__Eurotiales	f__Aspergillaceae	g__Penicillium	s__spathulatum
ASV_248	k__Fungi	p__Ascomycota	c__Sordariomycetes	o__Microascales	f__Microascaceae	g__Gamsia	s__simplex
ASV_249	k__Fungi	NA	NA	NA	NA	NA	NA
ASV_250	k__Fungi	p__Ascomycota	NA	NA	NA	NA	NA
ASV_251	k__Fungi	NA	NA	NA	NA	NA	NA
ASV_252	k__Fungi	p__Ascomycota	NA	NA	NA	NA	NA
ASV_253	k__Fungi	NA	NA	NA	NA	NA	NA
ASV_254	k__Fungi	p__Ascomycota	NA	NA	NA	NA	NA
ASV_255	k__Fungi	NA	NA	NA	NA	NA	NA
ASV_256	k__Fungi	NA	NA	NA	NA	NA	NA
ASV_257	k__Fungi	p__Basidiomycota	c__Tremellomycetes	o__Tremellales	f__Bulleribasidiaceae	g__Vishniacozyma	s__victoriae
ASV_258	k__Fungi	p__Ascomycota	c__Saccharomycetes	o__Saccharomycetales	NA	NA	NA
ASV_259	k__Fungi	NA	NA	NA	NA	NA	NA
ASV_260	k__Fungi	p__Basidiomycota	NA	NA	NA	NA	NA
ASV_261	k__Fungi	p__Ascomycota	c__Sordariomycetes	o__Hypocreales	f__Sarocladiaceae	g__Sarocladium	s__summerbellii
ASV_262	k__Fungi	NA	NA	NA	NA	NA	NA
ASV_263	k__Fungi	NA	NA	NA	NA	NA	NA
ASV_264	k__Fungi	p__Ascomycota	c__Saccharomycetes	o__Saccharomycetales	NA	NA	NA
ASV_265	k__Fungi	NA	NA	NA	NA	NA	NA
ASV_266	k__Fungi	p__Basidiomycota	c__Tremellomycetes	o__Cystofilobasidiales	f__Cystofilobasidiaceae	g__Cystofilobasidium	s__macerans
ASV_267	k__Fungi	p__Ascomycota	c__Eurotiomycetes	o__Chaetothyriales	f__Herpotrichiellaceae	g__Cladophialophora	s__boppii
ASV_268	k__Fungi	p__Basidiomycota	c__Tremellomycetes	o__Tremellales	f__Bulleribasidiaceae	g__Vishniacozyma	s__heimaeyensis
ASV_269	k__Fungi	NA	NA	NA	NA	NA	NA
ASV_270	k__Fungi	p__Ascomycota	c__Taphrinomycetes	o__Taphrinales	f__Taphrinaceae	g__Taphrina	NA
ASV_271	k__Fungi	NA	NA	NA	NA	NA	NA
ASV_272	k__Fungi	p__Ascomycota	c__Leotiomycetes	o__Helotiales	f__Pezizellaceae	g__Calycina	s__crassipes
ASV_273	k__Fungi	p__Ascomycota	c__Leotiomycetes	o__Thelebolales	f__Pseudeurotiaceae	NA	NA
ASV_274	k__Fungi	NA	NA	NA	NA	NA	NA
ASV_275	k__Fungi	p__Ascomycota	c__Eurotiomycetes	o__Eurotiales	f__Aspergillaceae	g__Penicillium	s__aquadulcis
ASV_276	k__Fungi	p__Ascomycota	c__Dothideomycetes	NA	NA	NA	NA
ASV_277	k__Fungi	NA	NA	NA	NA	NA	NA
ASV_278	k__Fungi	p__Ascomycota	c__Saccharomycetes	o__Saccharomycetales	NA	NA	NA
ASV_279	k__Fungi	NA	NA	NA	NA	NA	NA
ASV_280	k__Fungi	p__Ascomycota	c__Saccharomycetes	o__Saccharomycetales	NA	NA	NA
ASV_281	k__Fungi	p__Ascomycota	NA	NA	NA	NA	NA
ASV_282	k__Fungi	NA	NA	NA	NA	NA	NA
ASV_283	k__Fungi	NA	NA	NA	NA	NA	NA
ASV_284	k__Fungi	NA	NA	NA	NA	NA	NA
ASV_285	k__Fungi	p__Ascomycota	c__Sordariomycetes	o__Glomerellales	f__Plectosphaerellaceae	g__Plectosphaerella	NA
ASV_286	k__Fungi	p__Basidiomycota	NA	NA	NA	NA	NA
ASV_287	k__Fungi	p__Ascomycota	c__Sordariomycetes	o__Amphisphaeriales	f__Apiosporaceae	g__Apiospora	s__qinlingensis
ASV_288	k__Fungi	NA	NA	NA	NA	NA	NA
ASV_289	k__Fungi	NA	NA	NA	NA	NA	NA
ASV_290	k__Fungi	p__Ascomycota	NA	NA	NA	NA	NA
ASV_291	k__Fungi	NA	NA	NA	NA	NA	NA
ASV_292	k__Fungi	p__Ascomycota	c__Sordariomycetes	o__Amphisphaeriales	f__Sporocadaceae	g__Pestalotiopsis	s__spathulata
ASV_293	k__Fungi	NA	NA	NA	NA	NA	NA
ASV_294	k__Fungi	NA	NA	NA	NA	NA	NA
ASV_295	k__Fungi	NA	NA	NA	NA	NA	NA
ASV_296	k__Fungi	NA	NA	NA	NA	NA	NA
ASV_297	k__Fungi	p__Ascomycota	c__Eurotiomycetes	o__Onygenales	f__Arthrodermataceae	g__Arthroderma	NA
ASV_298	k__Fungi	p__Ascomycota	NA	NA	NA	NA	NA
ASV_299	k__Fungi	p__Basidiomycota	NA	NA	NA	NA	NA
ASV_300	k__Fungi	p__Ascomycota	NA	NA	NA	NA	NA
ASV_301	k__Fungi	p__Basidiomycota	NA	NA	NA	NA	NA
ASV_302	k__Fungi	NA	NA	NA	NA	NA	NA
ASV_303	k__Fungi	NA	NA	NA	NA	NA	NA
ASV_304	k__Fungi	p__Basidiomycota	c__Tremellomycetes	o__Cystofilobasidiales	f__Cystofilobasidiaceae	g__Cystofilobasidium	s__macerans
ASV_305	k__Fungi	p__Ascomycota	c__Dothideomycetes	o__Pleosporales	f__Lentitheciaceae	g__Keissleriella	s__quadriseptata
ASV_306	k__Fungi	p__Ascomycota	c__Leotiomycetes	o__Helotiales	f__Sclerotiniaceae	NA	NA
ASV_307	k__Fungi	p__Ascomycota	c__Dothideomycetes	o__Cladosporiales	f__Cladosporiaceae	g__Cladosporium	s__herbarum
ASV_308	k__Fungi	p__Ascomycota	NA	NA	NA	NA	NA
ASV_309	k__Fungi	p__Ascomycota	c__Sordariomycetes	o__Hypocreales	f__Sarocladiaceae	g__Sarocladium	s__summerbellii
ASV_310	k__Fungi	p__Basidiomycota	NA	NA	NA	NA	NA
ASV_311	k__Fungi	NA	NA	NA	NA	NA	NA
ASV_312	k__Fungi	p__Basidiomycota	NA	NA	NA	NA	NA
ASV_313	k__Fungi	p__Ascomycota	NA	NA	NA	NA	NA
ASV_314	k__Fungi	p__Ascomycota	c__Leotiomycetes	o__Helotiales	f__Hyaloscyphaceae	NA	NA
ASV_315	k__Fungi	NA	NA	NA	NA	NA	NA
ASV_316	k__Fungi	p__Ascomycota	c__Sordariomycetes	o__Sordariales	f__Chaetomiaceae	g__Botryotrichum	s__atrogriseum
ASV_317	k__Fungi	NA	NA	NA	NA	NA	NA
ASV_318	k__Fungi	p__Ascomycota	NA	NA	NA	NA	NA
ASV_319	k__Fungi	p__Ascomycota	c__Saccharomycetes	o__Saccharomycetales	NA	NA	NA
ASV_320	k__Fungi	NA	NA	NA	NA	NA	NA
ASV_321	k__Fungi	p__Ascomycota	c__Saccharomycetes	o__Saccharomycetales	NA	NA	NA
ASV_322	k__Fungi	p__Ascomycota	c__Sordariomycetes	o__Hypocreales	f__Hypocreaceae	g__Hypomyces	s__rosellus
ASV_323	k__Fungi	NA	NA	NA	NA	NA	NA
ASV_324	k__Fungi	NA	NA	NA	NA	NA	NA
ASV_325	k__Fungi	NA	NA	NA	NA	NA	NA
ASV_326	k__Fungi	NA	NA	NA	NA	NA	NA
ASV_327	k__Fungi	NA	NA	NA	NA	NA	NA
ASV_328	k__Fungi	p__Ascomycota	NA	NA	NA	NA	NA
ASV_329	k__Fungi	p__Ascomycota	c__Sordariomycetes	o__Amphisphaeriales	f__Apiosporaceae	g__Apiospora	s__kogelbergensis
ASV_330	k__Fungi	p__Ascomycota	NA	NA	NA	NA	NA
ASV_331	k__Fungi	p__Ascomycota	NA	NA	NA	NA	NA
ASV_332	k__Fungi	NA	NA	NA	NA	NA	NA
ASV_333	k__Fungi	p__Ascomycota	c__Taphrinomycetes	o__Taphrinales	f__Taphrinaceae	g__Taphrina	s__carpini
ASV_334	k__Fungi	p__Ascomycota	NA	NA	NA	NA	NA
ASV_335	k__Fungi	NA	NA	NA	NA	NA	NA
ASV_336	k__Fungi	p__Basidiomycota	c__Agaricomycetes	o__Cantharellales	f__Botryobasidiaceae	g__Botryobasidium	s__conspersum
ASV_337	k__Fungi	p__Mortierellomycota	c__Mortierellomycetes	o__Mortierellales	f__Mortierellaceae	g__Mortierella	s__basiparvispora
ASV_338	k__Fungi	p__Ascomycota	NA	NA	NA	NA	NA
ASV_339	k__Fungi	p__Ascomycota	NA	NA	NA	NA	NA
ASV_340	k__Fungi	NA	NA	NA	NA	NA	NA
ASV_341	k__Fungi	NA	NA	NA	NA	NA	NA
ASV_342	k__Fungi	NA	NA	NA	NA	NA	NA
ASV_343	k__Fungi	NA	NA	NA	NA	NA	NA
ASV_344	k__Fungi	NA	NA	NA	NA	NA	NA
ASV_345	k__Fungi	NA	NA	NA	NA	NA	NA
ASV_346	k__Fungi	NA	NA	NA	NA	NA	NA
ASV_347	k__Fungi	p__Ascomycota	NA	NA	NA	NA	NA
ASV_348	k__Fungi	NA	NA	NA	NA	NA	NA
ASV_349	k__Fungi	p__Ascomycota	c__Saccharomycetes	o__Saccharomycetales	NA	NA	NA
ASV_350	k__Fungi	NA	NA	NA	NA	NA	NA
ASV_351	k__Fungi	p__Ascomycota	c__Sordariomycetes	o__Hypocreales	f__Cordycipitaceae	g__Beauveria	NA
ASV_352	k__Fungi	p__Ascomycota	c__Leotiomycetes	o__Helotiales	f__Myxotrichaceae	g__Oidiodendron	s__echinulatum
ASV_353	k__Fungi	p__Ascomycota	NA	NA	NA	NA	NA
ASV_354	k__Fungi	NA	NA	NA	NA	NA	NA
ASV_355	k__Fungi	NA	NA	NA	NA	NA	NA
ASV_356	k__Fungi	NA	NA	NA	NA	NA	NA
ASV_357	k__Fungi	NA	NA	NA	NA	NA	NA
ASV_358	k__Fungi	p__Ascomycota	c__Dothideomycetes	o__Pleosporales	f__Pleosporaceae	g__Alternaria	s__eureka
ASV_359	k__Fungi	p__Mucoromycota	c__Mucoromycetes	o__Mucorales	f__Mucoraceae	g__Mucor	s__flavus
ASV_360	k__Fungi	p__Ascomycota	NA	NA	NA	NA	NA
ASV_361	k__Fungi	NA	NA	NA	NA	NA	NA
ASV_362	k__Fungi	NA	NA	NA	NA	NA	NA
ASV_363	k__Fungi	NA	NA	NA	NA	NA	NA
ASV_364	k__Fungi	NA	NA	NA	NA	NA	NA
ASV_365	k__Fungi	p__Ascomycota	c__Saccharomycetes	o__Saccharomycetales	f__Debaryomycetaceae	g__Debaryomycetaceae_gen_Incertae_sedis	NA
ASV_366	k__Fungi	NA	NA	NA	NA	NA	NA
ASV_367	k__Fungi	p__Ascomycota	NA	NA	NA	NA	NA
ASV_368	k__Fungi	NA	NA	NA	NA	NA	NA
ASV_369	k__Fungi	NA	NA	NA	NA	NA	NA
ASV_370	k__Fungi	NA	NA	NA	NA	NA	NA
ASV_371	k__Fungi	NA	NA	NA	NA	NA	NA
ASV_372	k__Fungi	NA	NA	NA	NA	NA	NA
ASV_373	k__Fungi	NA	NA	NA	NA	NA	NA
ASV_374	k__Fungi	p__Ascomycota	c__Eurotiomycetes	o__Eurotiales	f__Aspergillaceae	g__Penicillium	s__lividum
ASV_375	k__Fungi	p__Ascomycota	NA	NA	NA	NA	NA
ASV_376	k__Fungi	p__Ascomycota	c__Sordariomycetes	o__Amphisphaeriales	f__Apiosporaceae	g__Arthrinium	s__koreanum
ASV_377	k__Fungi	NA	NA	NA	NA	NA	NA
ASV_378	k__Fungi	p__Ascomycota	c__Saccharomycetes	o__Saccharomycetales	NA	NA	NA
ASV_379	k__Fungi	NA	NA	NA	NA	NA	NA
ASV_380	k__Fungi	p__Ascomycota	NA	NA	NA	NA	NA
ASV_381	k__Fungi	p__Ascomycota	c__Dothideomycetes	o__Dothideales	f__Saccotheciaceae	g__Aureobasidium	s__pullulans
ASV_382	k__Fungi	p__Ascomycota	NA	NA	NA	NA	NA
ASV_383	k__Fungi	NA	NA	NA	NA	NA	NA
ASV_384	k__Fungi	NA	NA	NA	NA	NA	NA
ASV_385	k__Fungi	p__Basidiomycota	NA	NA	NA	NA	NA
ASV_386	k__Fungi	NA	NA	NA	NA	NA	NA
ASV_387	k__Fungi	NA	NA	NA	NA	NA	NA
ASV_388	k__Fungi	NA	NA	NA	NA	NA	NA
ASV_389	k__Fungi	p__Basidiomycota	c__Microbotryomycetes	o__Microbotryomycetes_ord_Incertae_sedis	f__Microbotryomycetes_fam_Incertae_sedis	g__Curvibasidium	s__cygneicollum
ASV_390	k__Fungi	NA	NA	NA	NA	NA	NA
ASV_391	k__Fungi	p__Ascomycota	NA	NA	NA	NA	NA
ASV_392	k__Fungi	NA	NA	NA	NA	NA	NA
ASV_393	k__Fungi	NA	NA	NA	NA	NA	NA
ASV_394	k__Fungi	NA	NA	NA	NA	NA	NA
ASV_395	k__Fungi	p__Basidiomycota	c__Tremellomycetes	o__Filobasidiales	f__Filobasidiaceae	g__Naganishia	s__vishniacii
ASV_396	k__Fungi	NA	NA	NA	NA	NA	NA
ASV_397	k__Fungi	NA	NA	NA	NA	NA	NA
ASV_398	k__Fungi	NA	NA	NA	NA	NA	NA
ASV_399	k__Fungi	p__Basidiomycota	c__Tremellomycetes	o__Holtermanniales	f__Holtermanniaceae	g__Holtermannia	s__saccardoi
ASV_400	k__Fungi	NA	NA	NA	NA	NA	NA
ASV_401	k__Fungi	NA	NA	NA	NA	NA	NA
ASV_402	k__Fungi	NA	NA	NA	NA	NA	NA
ASV_403	k__Fungi	NA	NA	NA	NA	NA	NA
ASV_404	k__Fungi	p__Ascomycota	c__Sordariomycetes	o__Xylariales	f__Xylariaceae	g__Xylaria	s__schimicola
ASV_405	k__Fungi	NA	NA	NA	NA	NA	NA
ASV_406	k__Fungi	p__Ascomycota	c__Sordariomycetes	o__Xylariales	f__Xylariaceae	g__Xylaria	s__schimicola
ASV_407	k__Fungi	NA	NA	NA	NA	NA	NA
ASV_408	k__Fungi	p__Mortierellomycota	c__Mortierellomycetes	o__Mortierellales	f__Mortierellaceae	g__Entomortierella	s__parvispora
ASV_409	k__Fungi	p__Chytridiomycota	c__Spizellomycetes	o__Spizellomycetales	f__Spizellomycetales_fam_Incertae_sedis	g__Spizellomycetales_gen_Incertae_sedis	NA
ASV_410	k__Fungi	p__Ascomycota	NA	NA	NA	NA	NA
ASV_411	k__Fungi	NA	NA	NA	NA	NA	NA
ASV_412	k__Fungi	NA	NA	NA	NA	NA	NA
ASV_413	k__Fungi	NA	NA	NA	NA	NA	NA
ASV_414	k__Fungi	NA	NA	NA	NA	NA	NA
ASV_415	k__Fungi	NA	NA	NA	NA	NA	NA
ASV_416	k__Fungi	p__Ascomycota	c__Leotiomycetes	o__Helotiales	f__Myxotrichaceae	g__Oidiodendron	s__truncatum
ASV_417	k__Fungi	p__Basidiomycota	c__Malasseziomycetes	o__Malasseziales	f__Malasseziaceae	g__Malassezia	s__restricta
ASV_418	k__Fungi	p__Ascomycota	c__Sordariomycetes	o__Microascales	f__Microascaceae	g__Gamsia	s__simplex
ASV_419	k__Fungi	NA	NA	NA	NA	NA	NA
ASV_420	k__Fungi	NA	NA	NA	NA	NA	NA
ASV_421	k__Fungi	p__Basidiomycota	c__Tremellomycetes	o__Tremellales	f__Rhynchogastremaceae	g__Papiliotrema	s__fonsecae
ASV_422	k__Fungi	p__Basidiomycota	c__Tremellomycetes	o__Cystofilobasidiales	f__Mrakiaceae	g__Mrakia	s__hoshinonis
ASV_423	k__Fungi	NA	NA	NA	NA	NA	NA
ASV_424	k__Fungi	NA	NA	NA	NA	NA	NA
ASV_425	k__Fungi	NA	NA	NA	NA	NA	NA
ASV_426	k__Fungi	p__Ascomycota	NA	NA	NA	NA	NA
ASV_427	k__Fungi	NA	NA	NA	NA	NA	NA
ASV_428	k__Fungi	NA	NA	NA	NA	NA	NA
ASV_429	k__Fungi	p__Ascomycota	NA	NA	NA	NA	NA
ASV_430	k__Fungi	p__Ascomycota	c__Saccharomycetes	o__Saccharomycetales	NA	NA	NA
ASV_431	k__Fungi	p__Ascomycota	NA	NA	NA	NA	NA
ASV_432	k__Fungi	p__Ascomycota	c__Saccharomycetes	o__Saccharomycetales	NA	NA	NA
ASV_433	k__Fungi	NA	NA	NA	NA	NA	NA
ASV_434	k__Fungi	NA	NA	NA	NA	NA	NA
ASV_435	k__Fungi	p__Ascomycota	c__Leotiomycetes	o__Thelebolales	f__Pseudeurotiaceae	g__Pseudogymnoascus	NA
ASV_436	k__Fungi	p__Ascomycota	c__Saccharomycetes	o__Saccharomycetales	NA	NA	NA
ASV_437	k__Fungi	p__Ascomycota	NA	NA	NA	NA	NA
ASV_438	k__Fungi	NA	NA	NA	NA	NA	NA
ASV_439	k__Fungi	p__Ascomycota	NA	NA	NA	NA	NA
ASV_440	k__Fungi	p__Ascomycota	c__Saccharomycetes	o__Saccharomycetales	NA	NA	NA
ASV_441	k__Fungi	p__Ascomycota	c__Saccharomycetes	o__Saccharomycetales	NA	NA	NA
ASV_442	k__Fungi	p__Ascomycota	NA	NA	NA	NA	NA
ASV_443	k__Fungi	p__Basidiomycota	c__Agaricomycetes	o__Agaricales	f__Pleurotaceae	g__Pleurotus	s__purpureo-olivaceus
ASV_444	k__Fungi	NA	NA	NA	NA	NA	NA
ASV_445	k__Fungi	p__Mucoromycota	c__Mucoromycetes	o__Mucorales	f__Mucoraceae	g__Mucor	s__flavus
ASV_446	k__Fungi	p__Ascomycota	c__Leotiomycetes	o__Helotiales	f__Myxotrichaceae	g__Oidiodendron	NA
ASV_447	k__Fungi	NA	NA	NA	NA	NA	NA
ASV_448	k__Fungi	NA	NA	NA	NA	NA	NA
ASV_449	k__Fungi	NA	NA	NA	NA	NA	NA
ASV_450	k__Fungi	p__Ascomycota	c__Saccharomycetes	o__Saccharomycetales	NA	NA	NA
ASV_451	k__Fungi	NA	NA	NA	NA	NA	NA
ASV_452	k__Fungi	p__Ascomycota	NA	NA	NA	NA	NA
ASV_453	k__Fungi	NA	NA	NA	NA	NA	NA
ASV_454	k__Fungi	NA	NA	NA	NA	NA	NA
ASV_455	k__Fungi	NA	NA	NA	NA	NA	NA
ASV_456	k__Fungi	NA	NA	NA	NA	NA	NA
ASV_457	k__Fungi	p__Ascomycota	c__Saccharomycetes	o__Saccharomycetales	NA	NA	NA
ASV_458	k__Fungi	NA	NA	NA	NA	NA	NA
ASV_459	k__Fungi	NA	NA	NA	NA	NA	NA
ASV_460	k__Fungi	p__Ascomycota	c__Saccharomycetes	o__Saccharomycetales	NA	NA	NA
ASV_461	k__Fungi	NA	NA	NA	NA	NA	NA
ASV_462	k__Fungi	p__Ascomycota	NA	NA	NA	NA	NA
ASV_463	k__Fungi	p__Ascomycota	NA	NA	NA	NA	NA
ASV_464	k__Fungi	NA	NA	NA	NA	NA	NA
ASV_465	k__Fungi	NA	NA	NA	NA	NA	NA
ASV_466	k__Fungi	p__Ascomycota	c__Sordariomycetes	o__Sordariales	f__Chaetomiaceae	g__Acrophialophora	s__levis
ASV_467	k__Fungi	p__Ascomycota	NA	NA	NA	NA	NA
ASV_468	k__Fungi	NA	NA	NA	NA	NA	NA
ASV_469	k__Fungi	p__Mucoromycota	c__Mucoromycetes	o__Mucorales	f__Mucoraceae	g__Mucor	s__hiemalis
ASV_470	k__Fungi	NA	NA	NA	NA	NA	NA
ASV_471	k__Fungi	p__Ascomycota	c__Leotiomycetes	o__Helotiales	f__Myxotrichaceae	g__Oidiodendron	NA
ASV_472	k__Fungi	NA	NA	NA	NA	NA	NA
ASV_473	k__Fungi	p__Basidiomycota	c__Microbotryomycetes	o__Microbotryales	f__Microbotryaceae	g__Microbotryum	s__silenes-saxifragae
ASV_474	k__Fungi	NA	NA	NA	NA	NA	NA
ASV_475	k__Fungi	p__Mortierellomycota	c__Mortierellomycetes	o__Mortierellales	f__Mortierellaceae	g__Mortierella	s__bisporalis
ASV_476	k__Fungi	NA	NA	NA	NA	NA	NA
ASV_477	k__Fungi	NA	NA	NA	NA	NA	NA
ASV_478	k__Fungi	NA	NA	NA	NA	NA	NA
ASV_479	k__Fungi	NA	NA	NA	NA	NA	NA
ASV_480	k__Fungi	NA	NA	NA	NA	NA	NA
ASV_481	k__Fungi	NA	NA	NA	NA	NA	NA
ASV_482	k__Fungi	NA	NA	NA	NA	NA	NA
ASV_483	k__Fungi	NA	NA	NA	NA	NA	NA
ASV_484	k__Fungi	NA	NA	NA	NA	NA	NA
ASV_485	k__Fungi	NA	NA	NA	NA	NA	NA
ASV_486	k__Fungi	NA	NA	NA	NA	NA	NA
ASV_487	k__Fungi	NA	NA	NA	NA	NA	NA
ASV_488	k__Fungi	p__Ascomycota	NA	NA	NA	NA	NA
ASV_489	k__Fungi	p__Ascomycota	NA	NA	NA	NA	NA
ASV_490	k__Fungi	p__Ascomycota	c__Dothideomycetes	o__Pleosporales	f__Pleosporaceae	g__Alternaria	s__infectoria
ASV_491	k__Fungi	p__Ascomycota	c__Leotiomycetes	o__Helotiales	f__Myxotrichaceae	g__Oidiodendron	NA
ASV_492	k__Fungi	NA	NA	NA	NA	NA	NA
ASV_493	k__Fungi	p__Ascomycota	c__Saccharomycetes	o__Saccharomycetales	NA	NA	NA
ASV_494	k__Fungi	p__Basidiomycota	c__Tremellomycetes	o__Cystofilobasidiales	f__Cystofilobasidiaceae	g__Cystofilobasidium	s__infirmominiatum
ASV_495	k__Fungi	p__Ascomycota	c__Eurotiomycetes	o__Onygenales	f__Arthrodermataceae	g__Arthroderma	s__redellii
ASV_496	k__Fungi	p__Ascomycota	c__Sordariomycetes	o__Sordariales	f__Chaetomiaceae	g__Humicola	NA
ASV_497	k__Fungi	p__Ascomycota	c__Sordariomycetes	o__Chaetosphaeriales	f__Chaetosphaeriaceae	g__Chaetosphaeria	NA
ASV_498	k__Fungi	p__Ascomycota	c__Arthoniomycetes	o__Lichenostigmatales	f__Phaeococcomycetaceae	g__Phaeococcomyces	s__mexicanus
ASV_499	k__Fungi	NA	NA	NA	NA	NA	NA
ASV_500	k__Fungi	p__Ascomycota	NA	NA	NA	NA	NA
ASV_501	k__Fungi	p__Ascomycota	c__Leotiomycetes	o__Helotiales	NA	NA	NA
ASV_502	k__Fungi	p__Ascomycota	c__Leotiomycetes	o__Helotiales	f__Myxotrichaceae	g__Oidiodendron	NA
ASV_503	k__Fungi	p__Ascomycota	c__Saccharomycetes	o__Saccharomycetales	NA	NA	NA
ASV_504	k__Fungi	p__Ascomycota	c__Saccharomycetes	o__Saccharomycetales	NA	NA	NA
ASV_505	k__Fungi	NA	NA	NA	NA	NA	NA
ASV_506	k__Fungi	NA	NA	NA	NA	NA	NA
ASV_507	k__Fungi	NA	NA	NA	NA	NA	NA
ASV_508	k__Fungi	NA	NA	NA	NA	NA	NA
ASV_509	k__Fungi	p__Ascomycota	NA	NA	NA	NA	NA
ASV_510	k__Fungi	NA	NA	NA	NA	NA	NA
ASV_511	k__Fungi	NA	NA	NA	NA	NA	NA
ASV_512	k__Fungi	p__Ascomycota	c__Dothideomycetes	o__Pleosporales	f__Periconiaceae	g__Periconia	NA
ASV_513	k__Fungi	p__Ascomycota	c__Leotiomycetes	NA	NA	NA	NA
ASV_514	k__Fungi	NA	NA	NA	NA	NA	NA
ASV_515	k__Fungi	NA	NA	NA	NA	NA	NA
ASV_516	k__Fungi	p__Ascomycota	c__Leotiomycetes	o__Helotiales	f__Leptodontidiaceae	NA	NA
ASV_517	k__Fungi	p__Mortierellomycota	c__Mortierellomycetes	o__Mortierellales	f__Mortierellaceae	g__Entomortierella	s__parvispora
ASV_518	k__Fungi	p__Ascomycota	c__Dothideomycetes	o__Pleosporales	f__Didymellaceae	g__Didymella	NA
ASV_519	k__Fungi	p__Basidiomycota	NA	NA	NA	NA	NA
ASV_520	k__Fungi	NA	NA	NA	NA	NA	NA
ASV_521	k__Fungi	p__Ascomycota	c__Eurotiomycetes	o__Eurotiales	f__Aspergillaceae	g__Aspergillus	s__viridicatenatus
ASV_522	k__Fungi	p__Basidiomycota	c__Microbotryomycetes	o__Sporidiobolales	f__Sporidiobolaceae	g__Sporobolomyces	s__roseus
ASV_523	k__Fungi	NA	NA	NA	NA	NA	NA
ASV_524	k__Fungi	NA	NA	NA	NA	NA	NA
ASV_525	k__Fungi	NA	NA	NA	NA	NA	NA
ASV_526	k__Fungi	NA	NA	NA	NA	NA	NA
ASV_527	k__Fungi	p__Ascomycota	c__Dothideomycetes	o__Pleosporales	f__Phaeosphaeriaceae	g__Septoriella	s__hirta
ASV_528	k__Fungi	p__Ascomycota	c__Dothideomycetes	o__Pleosporales	f__Didymellaceae	g__Xenodidymella	NA
ASV_529	k__Fungi	NA	NA	NA	NA	NA	NA
ASV_530	k__Fungi	NA	NA	NA	NA	NA	NA
ASV_531	k__Fungi	NA	NA	NA	NA	NA	NA
ASV_532	k__Fungi	NA	NA	NA	NA	NA	NA
ASV_533	k__Fungi	NA	NA	NA	NA	NA	NA
ASV_534	k__Fungi	NA	NA	NA	NA	NA	NA
ASV_535	k__Fungi	p__Ascomycota	c__Sordariomycetes	o__Hypocreales	f__Sarocladiaceae	g__Sarocladium	s__spirale
ASV_536	k__Fungi	NA	NA	NA	NA	NA	NA
ASV_537	k__Fungi	NA	NA	NA	NA	NA	NA
ASV_538	k__Fungi	NA	NA	NA	NA	NA	NA
ASV_539	k__Fungi	p__Ascomycota	NA	NA	NA	NA	NA
ASV_540	k__Fungi	p__Ascomycota	NA	NA	NA	NA	NA
ASV_541	k__Fungi	p__Ascomycota	c__Dothideomycetes	o__Cladosporiales	f__Cladosporiaceae	g__Cladosporium	s__herbarum
ASV_542	k__Fungi	NA	NA	NA	NA	NA	NA
ASV_543	k__Fungi	NA	NA	NA	NA	NA	NA
ASV_544	k__Fungi	p__Ascomycota	NA	NA	NA	NA	NA
ASV_545	k__Fungi	p__Ascomycota	c__Dothideomycetes	NA	NA	NA	NA
ASV_546	k__Fungi	p__Ascomycota	c__Saccharomycetes	o__Saccharomycetales	NA	NA	NA
ASV_547	k__Fungi	p__Ascomycota	c__Saccharomycetes	o__Saccharomycetales	NA	NA	NA
ASV_548	k__Fungi	NA	NA	NA	NA	NA	NA
ASV_549	k__Fungi	p__Ascomycota	c__Dothideomycetes	o__Mycosphaerellales	f__Extremaceae	g__Petrophila	s__incerta
ASV_550	k__Fungi	p__Chytridiomycota	c__Spizellomycetes	o__Spizellomycetales	f__Spizellomycetales_fam_Incertae_sedis	g__Spizellomycetales_gen_Incertae_sedis	NA
ASV_551	k__Fungi	NA	NA	NA	NA	NA	NA
ASV_552	k__Fungi	p__Ascomycota	c__Leotiomycetes	o__Helotiales	f__Helotiaceae	NA	NA
ASV_553	k__Fungi	NA	NA	NA	NA	NA	NA
ASV_554	k__Fungi	NA	NA	NA	NA	NA	NA
ASV_555	k__Fungi	p__Ascomycota	c__Eurotiomycetes	o__Eurotiales	f__Aspergillaceae	g__Penicillium	s__coprobium
ASV_556	k__Fungi	NA	NA	NA	NA	NA	NA
ASV_557	k__Fungi	NA	NA	NA	NA	NA	NA
ASV_558	k__Fungi	NA	NA	NA	NA	NA	NA
ASV_559	k__Fungi	NA	NA	NA	NA	NA	NA
ASV_560	k__Fungi	p__Ascomycota	c__Dothideomycetes	o__Pleosporales	f__Phaeosphaeriaceae	g__Phaeosphaeria	NA
ASV_561	k__Fungi	p__Ascomycota	c__Saccharomycetes	o__Saccharomycetales	NA	NA	NA
ASV_562	k__Fungi	NA	NA	NA	NA	NA	NA
ASV_563	k__Fungi	p__Ascomycota	NA	NA	NA	NA	NA
ASV_564	k__Fungi	p__Basidiomycota	c__Ustilaginomycetes	o__Ustilaginales	f__Anthracoideaceae	g__Farysia	s__acheniorum
ASV_565	k__Fungi	p__Ascomycota	c__Saccharomycetes	o__Saccharomycetales	NA	NA	NA
ASV_566	k__Fungi	p__Ascomycota	c__Saccharomycetes	o__Saccharomycetales	NA	NA	NA
ASV_567	k__Fungi	NA	NA	NA	NA	NA	NA
ASV_568	k__Fungi	NA	NA	NA	NA	NA	NA
ASV_569	k__Fungi	p__Ascomycota	c__Saccharomycetes	o__Saccharomycetales	NA	NA	NA
ASV_570	k__Fungi	p__Basidiomycota	c__Malasseziomycetes	o__Malasseziales	f__Malasseziaceae	g__Malassezia	s__restricta
ASV_571	k__Fungi	p__Ascomycota	NA	NA	NA	NA	NA
ASV_572	k__Fungi	p__Ascomycota	NA	NA	NA	NA	NA
ASV_573	k__Fungi	NA	NA	NA	NA	NA	NA
ASV_574	k__Fungi	NA	NA	NA	NA	NA	NA
ASV_575	k__Fungi	p__Ascomycota	c__Pezizomycotina_cls_Incertae_sedis	o__Pezizomycotina_ord_Incertae_sedis	f__Pezizomycotina_fam_Incertae_sedis	g__Arcuadendron	s__triangulare
ASV_576	k__Fungi	NA	NA	NA	NA	NA	NA
ASV_577	k__Fungi	p__Ascomycota	c__Sordariomycetes	o__Sordariales	f__Chaetomiaceae	NA	NA
ASV_578	k__Fungi	p__Ascomycota	c__Dothideomycetes	NA	NA	NA	NA
ASV_579	k__Fungi	p__Basidiomycota	NA	NA	NA	NA	NA
ASV_580	k__Fungi	NA	NA	NA	NA	NA	NA
ASV_581	k__Fungi	p__Basidiomycota	NA	NA	NA	NA	NA
ASV_582	k__Fungi	p__Ascomycota	NA	NA	NA	NA	NA
ASV_583	k__Fungi	NA	NA	NA	NA	NA	NA
ASV_584	k__Fungi	NA	NA	NA	NA	NA	NA
ASV_585	k__Fungi	p__Ascomycota	NA	NA	NA	NA	NA
ASV_586	k__Fungi	NA	NA	NA	NA	NA	NA
ASV_587	k__Fungi	p__Ascomycota	c__Eurotiomycetes	o__Eurotiales	f__Aspergillaceae	g__Penicillium	s__aquadulcis
ASV_588	k__Fungi	NA	NA	NA	NA	NA	NA
ASV_589	k__Fungi	NA	NA	NA	NA	NA	NA
ASV_590	k__Fungi	p__Ascomycota	c__Taphrinomycetes	o__Taphrinales	f__Taphrinaceae	g__Taphrina	NA
ASV_591	k__Fungi	p__Ascomycota	c__Dothideomycetes	NA	NA	NA	NA
ASV_592	k__Fungi	NA	NA	NA	NA	NA	NA
ASV_593	k__Fungi	p__Ascomycota	c__Leotiomycetes	o__Thelebolales	f__Thelebolaceae	g__Antarctomyces	s__pellizariae
ASV_594	k__Fungi	p__Ascomycota	c__Saccharomycetes	o__Saccharomycetales	NA	NA	NA
ASV_595	k__Fungi	NA	NA	NA	NA	NA	NA
ASV_596	k__Fungi	p__Basidiomycota	c__Tremellomycetes	o__Tremellales	f__Bulleribasidiaceae	g__Dioszegia	s__crocea
ASV_597	k__Fungi	NA	NA	NA	NA	NA	NA
ASV_598	k__Fungi	p__Basidiomycota	NA	NA	NA	NA	NA
ASV_599	k__Fungi	p__Ascomycota	NA	NA	NA	NA	NA
ASV_600	k__Fungi	NA	NA	NA	NA	NA	NA
ASV_601	k__Fungi	NA	NA	NA	NA	NA	NA
ASV_602	k__Fungi	p__Ascomycota	c__Pezizomycotina_cls_Incertae_sedis	o__Pezizomycotina_ord_Incertae_sedis	f__Pezizomycotina_fam_Incertae_sedis	g__Mycosylva	s__setosa
ASV_603	k__Fungi	NA	NA	NA	NA	NA	NA
ASV_604	k__Fungi	NA	NA	NA	NA	NA	NA
ASV_605	k__Fungi	NA	NA	NA	NA	NA	NA
ASV_606	k__Fungi	NA	NA	NA	NA	NA	NA
ASV_607	k__Fungi	NA	NA	NA	NA	NA	NA
ASV_608	k__Fungi	p__Ascomycota	NA	NA	NA	NA	NA
ASV_609	k__Fungi	p__Ascomycota	c__Pezizomycotina_cls_Incertae_sedis	o__Pezizomycotina_ord_Incertae_sedis	f__Pezizomycotina_fam_Incertae_sedis	g__Mycosylva	s__setosa
ASV_610	k__Fungi	NA	NA	NA	NA	NA	NA
ASV_611	k__Fungi	NA	NA	NA	NA	NA	NA
ASV_612	k__Fungi	p__Ascomycota	NA	NA	NA	NA	NA
ASV_613	k__Fungi	p__Ascomycota	c__Eurotiomycetes	o__Onygenales	f__Gymnoascaceae	g__Arachniotus	s__hebridensis
ASV_614	k__Fungi	p__Ascomycota	c__Sordariomycetes	o__Sordariales	NA	NA	NA
ASV_615	k__Fungi	NA	NA	NA	NA	NA	NA
ASV_616	k__Fungi	p__Basidiomycota	NA	NA	NA	NA	NA
ASV_617	k__Fungi	NA	NA	NA	NA	NA	NA
ASV_618	k__Fungi	p__Ascomycota	c__Eurotiomycetes	o__Eurotiales	f__Aspergillaceae	g__Penicillium	s__burgense
ASV_619	k__Fungi	NA	NA	NA	NA	NA	NA
ASV_620	k__Fungi	NA	NA	NA	NA	NA	NA
ASV_621	k__Fungi	p__Mortierellomycota	c__Mortierellomycetes	o__Mortierellales	f__Mortierellaceae	g__Mortierella	s__turficola
ASV_622	k__Fungi	NA	NA	NA	NA	NA	NA
ASV_623	k__Fungi	NA	NA	NA	NA	NA	NA
ASV_624	k__Fungi	p__Ascomycota	NA	NA	NA	NA	NA
ASV_625	k__Fungi	p__Ascomycota	c__Eurotiomycetes	o__Onygenales	f__Onygenaceae	g__Chrysosporium	s__undulatum
ASV_626	k__Fungi	NA	NA	NA	NA	NA	NA
ASV_627	k__Fungi	p__Ascomycota	c__Saccharomycetes	o__Saccharomycetales	NA	NA	NA
ASV_628	k__Fungi	p__Basidiomycota	NA	NA	NA	NA	NA
ASV_629	k__Fungi	p__Ascomycota	c__Sordariomycetes	o__Glomerellales	f__Plectosphaerellaceae	g__Verticillium	s__albo-atrum
ASV_630	k__Fungi	NA	NA	NA	NA	NA	NA
ASV_631	k__Fungi	p__Ascomycota	NA	NA	NA	NA	NA
ASV_632	k__Fungi	NA	NA	NA	NA	NA	NA
ASV_633	k__Fungi	NA	NA	NA	NA	NA	NA
ASV_634	k__Fungi	NA	NA	NA	NA	NA	NA
ASV_635	k__Fungi	NA	NA	NA	NA	NA	NA
ASV_636	k__Fungi	NA	NA	NA	NA	NA	NA
ASV_637	k__Fungi	p__Ascomycota	c__Sordariomycetes	o__Amphisphaeriales	f__Sporocadaceae	g__Pestalotiopsis	s__spathulata
ASV_638	k__Fungi	p__Mortierellomycota	c__Mortierellomycetes	o__Mortierellales	f__Mortierellaceae	g__Mortierella	s__gemmifera
ASV_639	k__Fungi	p__Ascomycota	NA	NA	NA	NA	NA
ASV_640	k__Fungi	NA	NA	NA	NA	NA	NA
ASV_641	k__Fungi	p__Ascomycota	NA	NA	NA	NA	NA
ASV_642	k__Fungi	p__Basidiomycota	c__Exobasidiomycetes	o__Entylomatales	f__Entylomataceae	g__Entyloma	s__carmeli
ASV_643	k__Fungi	p__Ascomycota	NA	NA	NA	NA	NA
ASV_644	k__Fungi	p__Ascomycota	c__Dothideomycetes	o__Botryosphaeriales	f__Botryosphaeriaceae	g__Diplodia	NA
ASV_645	k__Fungi	p__Basidiomycota	c__Microbotryomycetes	o__Sporidiobolales	f__Sporidiobolaceae	g__Rhodosporidiobolus	s__colostri
ASV_646	k__Fungi	NA	NA	NA	NA	NA	NA
ASV_647	k__Fungi	p__Ascomycota	NA	NA	NA	NA	NA
ASV_648	k__Fungi	p__Basidiomycota	NA	NA	NA	NA	NA
ASV_649	k__Fungi	p__Ascomycota	c__Dothideomycetes	o__Venturiales	f__Sympoventuriaceae	NA	NA
ASV_650	k__Fungi	p__Ascomycota	NA	NA	NA	NA	NA
ASV_651	k__Fungi	p__Ascomycota	c__Saccharomycetes	o__Saccharomycetales	NA	NA	NA
ASV_652	k__Fungi	NA	NA	NA	NA	NA	NA
ASV_653	k__Fungi	NA	NA	NA	NA	NA	NA
ASV_654	k__Fungi	NA	NA	NA	NA	NA	NA
ASV_655	k__Fungi	p__Ascomycota	NA	NA	NA	NA	NA
ASV_656	k__Fungi	NA	NA	NA	NA	NA	NA
ASV_657	k__Fungi	p__Ascomycota	NA	NA	NA	NA	NA
ASV_658	k__Fungi	NA	NA	NA	NA	NA	NA
ASV_659	k__Fungi	p__Ascomycota	NA	NA	NA	NA	NA
ASV_660	k__Fungi	p__Basidiomycota	NA	NA	NA	NA	NA
ASV_661	k__Fungi	p__Ascomycota	c__Sordariomycetes	o__Glomerellales	f__Plectosphaerellaceae	NA	NA
ASV_662	k__Fungi	NA	NA	NA	NA	NA	NA
ASV_663	k__Fungi	NA	NA	NA	NA	NA	NA
ASV_664	k__Fungi	NA	NA	NA	NA	NA	NA
ASV_665	k__Fungi	p__Mortierellomycota	c__Mortierellomycetes	o__Mortierellales	f__Mortierellaceae	g__Linnemannia	NA
ASV_666	k__Fungi	NA	NA	NA	NA	NA	NA
ASV_667	k__Fungi	NA	NA	NA	NA	NA	NA
ASV_668	k__Fungi	p__Ascomycota	c__Saccharomycetes	o__Saccharomycetales	NA	NA	NA
ASV_669	k__Fungi	NA	NA	NA	NA	NA	NA
ASV_670	k__Fungi	NA	NA	NA	NA	NA	NA
ASV_671	k__Fungi	NA	NA	NA	NA	NA	NA
ASV_672	k__Fungi	p__Ascomycota	NA	NA	NA	NA	NA
ASV_673	k__Fungi	NA	NA	NA	NA	NA	NA
ASV_674	k__Fungi	p__Ascomycota	c__Pezizomycotina_cls_Incertae_sedis	o__Pezizomycotina_ord_Incertae_sedis	f__Pezizomycotina_fam_Incertae_sedis	g__Arcuadendron	s__triangulare
ASV_675	k__Fungi	NA	NA	NA	NA	NA	NA
ASV_676	k__Fungi	p__Ascomycota	c__Leotiomycetes	o__Helotiales	f__Myxotrichaceae	g__Oidiodendron	s__flavum
ASV_677	k__Fungi	NA	NA	NA	NA	NA	NA
ASV_678	k__Fungi	p__Ascomycota	c__Saccharomycetes	o__Saccharomycetales	NA	NA	NA
ASV_679	k__Fungi	NA	NA	NA	NA	NA	NA
ASV_680	k__Fungi	NA	NA	NA	NA	NA	NA
ASV_681	k__Fungi	p__Basidiomycota	c__Microbotryomycetes	o__Leucosporidiales	f__Leucosporidiaceae	g__Leucosporidium	NA
ASV_682	k__Fungi	NA	NA	NA	NA	NA	NA
ASV_683	k__Fungi	NA	NA	NA	NA	NA	NA
ASV_684	k__Fungi	p__Ascomycota	c__Saccharomycetes	o__Saccharomycetales	NA	NA	NA
ASV_685	k__Fungi	NA	NA	NA	NA	NA	NA
ASV_686	k__Fungi	p__Ascomycota	c__Dothideomycetes	o__Pleosporales	f__Sporormiaceae	g__Preussia	s__minipascua
ASV_687	k__Fungi	NA	NA	NA	NA	NA	NA
ASV_688	k__Fungi	NA	NA	NA	NA	NA	NA
ASV_689	k__Fungi	NA	NA	NA	NA	NA	NA
ASV_690	k__Fungi	p__Ascomycota	c__Eurotiomycetes	NA	NA	NA	NA
ASV_691	k__Fungi	p__Ascomycota	c__Sordariomycetes	o__Amphisphaeriales	f__Apiosporaceae	g__Apiospora	s__stipae
ASV_692	k__Fungi	NA	NA	NA	NA	NA	NA
ASV_693	k__Fungi	p__Ascomycota	NA	NA	NA	NA	NA
ASV_694	k__Fungi	p__Ascomycota	NA	NA	NA	NA	NA
ASV_695	k__Fungi	NA	NA	NA	NA	NA	NA
ASV_696	k__Fungi	NA	NA	NA	NA	NA	NA
ASV_697	k__Fungi	p__Ascomycota	NA	NA	NA	NA	NA
ASV_698	k__Fungi	NA	NA	NA	NA	NA	NA
ASV_699	k__Fungi	p__Ascomycota	NA	NA	NA	NA	NA
ASV_700	k__Fungi	p__Ascomycota	c__Sordariomycetes	o__Hypocreales	f__Clavicipitaceae	g__Claviceps	s__quebecensis
ASV_701	k__Fungi	p__Ascomycota	c__Eurotiomycetes	o__Eurotiales	f__Aspergillaceae	g__Penicillium	s__bialowiezense
ASV_702	k__Fungi	NA	NA	NA	NA	NA	NA
ASV_703	k__Fungi	NA	NA	NA	NA	NA	NA
ASV_704	k__Fungi	NA	NA	NA	NA	NA	NA
ASV_705	k__Fungi	NA	NA	NA	NA	NA	NA
ASV_706	k__Fungi	NA	NA	NA	NA	NA	NA
ASV_707	k__Fungi	p__Basidiomycota	c__Microbotryomycetes	o__Leucosporidiales	f__Leucosporidiaceae	g__Leucosporidium	s__fragarium
ASV_708	k__Fungi	p__Ascomycota	NA	NA	NA	NA	NA
ASV_709	k__Fungi	NA	NA	NA	NA	NA	NA
ASV_710	k__Fungi	p__Ascomycota	c__Sordariomycetes	o__Amphisphaeriales	f__Sporocadaceae	g__Synnemapestaloides	NA
ASV_711	k__Fungi	NA	NA	NA	NA	NA	NA
ASV_712	k__Fungi	p__Ascomycota	c__Sordariomycetes	o__Xylariales	f__Microdochiaceae	g__Microdochium	s__panattonianum
ASV_713	k__Fungi	NA	NA	NA	NA	NA	NA
ASV_714	k__Fungi	NA	NA	NA	NA	NA	NA
ASV_715	k__Fungi	NA	NA	NA	NA	NA	NA
ASV_716	k__Fungi	p__Ascomycota	NA	NA	NA	NA	NA
ASV_717	k__Fungi	NA	NA	NA	NA	NA	NA
ASV_718	k__Fungi	NA	NA	NA	NA	NA	NA
ASV_719	k__Fungi	p__Ascomycota	NA	NA	NA	NA	NA
ASV_720	k__Fungi	p__Ascomycota	c__Sordariomycetes	o__Hypocreales	f__Cordycipitaceae	g__Beauveria	s__varroae
ASV_721	k__Fungi	p__Ascomycota	c__Sordariomycetes	o__Glomerellales	f__Plectosphaerellaceae	g__Verticillium	s__zaregamsianum
ASV_722	k__Fungi	p__Ascomycota	c__Saccharomycetes	o__Saccharomycetales	NA	NA	NA
ASV_723	k__Fungi	p__Ascomycota	NA	NA	NA	NA	NA
ASV_724	k__Fungi	p__Ascomycota	NA	NA	NA	NA	NA
ASV_725	k__Fungi	NA	NA	NA	NA	NA	NA
ASV_726	k__Fungi	NA	NA	NA	NA	NA	NA
ASV_727	k__Fungi	p__Basidiomycota	NA	NA	NA	NA	NA
ASV_728	k__Fungi	p__Ascomycota	c__Dothideomycetes	o__Pleosporales	f__Didymellaceae	NA	NA
ASV_729	k__Fungi	NA	NA	NA	NA	NA	NA
ASV_730	k__Fungi	p__Basidiomycota	c__Agaricomycetes	o__Polyporales	f__Ganodermataceae	g__Ganoderma	s__australe
ASV_731	k__Fungi	NA	NA	NA	NA	NA	NA
ASV_732	k__Fungi	p__Ascomycota	c__Dothideomycetes	o__Pleosporales	f__Didymellaceae	g__Neoascochyta	s__graminicola
ASV_733	k__Fungi	NA	NA	NA	NA	NA	NA
ASV_734	k__Fungi	p__Basidiomycota	c__Tremellomycetes	o__Holtermanniales	f__Holtermanniaceae	g__Holtermannia	s__saccardoi
ASV_735	k__Fungi	NA	NA	NA	NA	NA	NA
ASV_736	k__Fungi	NA	NA	NA	NA	NA	NA
ASV_737	k__Fungi	NA	NA	NA	NA	NA	NA
ASV_738	k__Fungi	NA	NA	NA	NA	NA	NA
ASV_739	k__Fungi	p__Basidiomycota	NA	NA	NA	NA	NA
ASV_740	k__Fungi	NA	NA	NA	NA	NA	NA
ASV_741	k__Fungi	p__Ascomycota	c__Sordariomycetes	o__Hypocreales	f__Cordycipitaceae	g__Samsoniella	s__hepiali
ASV_742	k__Fungi	NA	NA	NA	NA	NA	NA
ASV_743	k__Fungi	p__Ascomycota	c__Saccharomycetes	o__Saccharomycetales	NA	NA	NA
ASV_744	k__Fungi	p__Ascomycota	c__Saccharomycetes	o__Saccharomycetales	NA	NA	NA
ASV_745	k__Fungi	NA	NA	NA	NA	NA	NA
ASV_746	k__Fungi	p__Ascomycota	c__Saccharomycetes	o__Saccharomycetales	NA	NA	NA
ASV_747	k__Fungi	NA	NA	NA	NA	NA	NA
ASV_748	k__Fungi	p__Ascomycota	c__Sordariomycetes	o__Sordariales	f__Podosporaceae	g__Podospora	s__pleiospora
ASV_749	k__Fungi	p__Ascomycota	c__Sordariomycetes	o__Hypocreales	NA	NA	NA
ASV_750	k__Fungi	p__Ascomycota	c__Sordariomycetes	o__Sordariales	f__Neoschizotheciaceae	g__Neoschizothecium	s__carpinicola
ASV_751	k__Fungi	p__Basidiomycota	NA	NA	NA	NA	NA
ASV_752	k__Fungi	NA	NA	NA	NA	NA	NA
ASV_753	k__Fungi	NA	NA	NA	NA	NA	NA
ASV_754	k__Fungi	p__Ascomycota	c__Leotiomycetes	o__Helotiales	f__Myxotrichaceae	g__Oidiodendron	NA
ASV_755	k__Fungi	p__Ascomycota	NA	NA	NA	NA	NA
ASV_756	k__Fungi	NA	NA	NA	NA	NA	NA
ASV_757	k__Fungi	NA	NA	NA	NA	NA	NA
ASV_758	k__Fungi	NA	NA	NA	NA	NA	NA
ASV_759	k__Fungi	NA	NA	NA	NA	NA	NA
ASV_760	k__Fungi	p__Basidiomycota	c__Agaricomycetes	o__Polyporales	f__Polyporaceae	g__Trametes	s__versicolor
ASV_761	k__Fungi	NA	NA	NA	NA	NA	NA
ASV_762	k__Fungi	NA	NA	NA	NA	NA	NA
ASV_763	k__Fungi	p__Ascomycota	c__Leotiomycetes	o__Helotiales	NA	NA	NA
ASV_764	k__Fungi	p__Basidiomycota	c__Cystobasidiomycetes	o__Cystobasidiomycetes_ord_Incertae_sedis	f__Symmetrosporaceae	g__Symmetrospora	s__clarorosea
ASV_765	k__Fungi	NA	NA	NA	NA	NA	NA
ASV_766	k__Fungi	NA	NA	NA	NA	NA	NA
ASV_767	k__Fungi	NA	NA	NA	NA	NA	NA
ASV_768	k__Fungi	p__Ascomycota	NA	NA	NA	NA	NA
ASV_769	k__Fungi	p__Rozellomycota	c__Rozellomycotina_cls_Incertae_sedis	o__GS05	f__GS05_fam_Incertae_sedis	g__GS05_gen_Incertae_sedis	NA
ASV_770	k__Fungi	NA	NA	NA	NA	NA	NA
ASV_771	k__Fungi	NA	NA	NA	NA	NA	NA
ASV_772	k__Fungi	NA	NA	NA	NA	NA	NA
ASV_773	k__Fungi	p__Ascomycota	NA	NA	NA	NA	NA
ASV_774	k__Fungi	NA	NA	NA	NA	NA	NA
ASV_775	k__Fungi	p__Basidiomycota	NA	NA	NA	NA	NA
ASV_776	k__Fungi	NA	NA	NA	NA	NA	NA
ASV_777	k__Fungi	p__Basidiomycota	NA	NA	NA	NA	NA
ASV_778	k__Fungi	p__Ascomycota	c__Saccharomycetes	o__Saccharomycetales	NA	NA	NA
ASV_779	k__Fungi	NA	NA	NA	NA	NA	NA
ASV_780	k__Fungi	p__Chytridiomycota	c__Spizellomycetes	o__Spizellomycetales	f__Powellomycetaceae	g__Thoreauomyces	NA
ASV_781	k__Fungi	NA	NA	NA	NA	NA	NA
ASV_782	k__Fungi	p__Basidiomycota	c__Tremellomycetes	o__Tremellales	f__Bulleribasidiaceae	g__Vishniacozyma	NA
ASV_783	k__Fungi	p__Ascomycota	c__Dothideomycetes	o__Mycosphaerellales	NA	NA	NA
ASV_784	k__Fungi	NA	NA	NA	NA	NA	NA
ASV_785	k__Fungi	p__Ascomycota	c__Sordariomycetes	o__Hypocreales	f__Sarocladiaceae	g__Sarocladium	s__strictum
ASV_786	k__Fungi	NA	NA	NA	NA	NA	NA
ASV_787	k__Fungi	p__Basidiomycota	c__Tremellomycetes	o__Cystofilobasidiales	f__Mrakiaceae	g__Itersonilia	s__pannonica
ASV_788	k__Fungi	p__Ascomycota	NA	NA	NA	NA	NA
ASV_789	k__Fungi	NA	NA	NA	NA	NA	NA
ASV_790	k__Fungi	NA	NA	NA	NA	NA	NA
ASV_791	k__Fungi	p__Ascomycota	c__Leotiomycetes	o__Thelebolales	f__Pseudeurotiaceae	g__Pseudeurotiaceae_gen_Incertae_sedis	NA
ASV_792	k__Fungi	NA	NA	NA	NA	NA	NA
ASV_793	k__Fungi	p__Ascomycota	c__Dothideomycetes	o__Pleosporales	f__Torulaceae	g__Dendryphion	s__europaeum
ASV_794	k__Fungi	p__Ascomycota	NA	NA	NA	NA	NA
ASV_795	k__Fungi	p__Ascomycota	c__Sordariomycetes	o__Amphisphaeriales	NA	NA	NA
ASV_796	k__Fungi	NA	NA	NA	NA	NA	NA
ASV_797	k__Fungi	NA	NA	NA	NA	NA	NA
ASV_798	k__Fungi	p__Basidiomycota	NA	NA	NA	NA	NA
ASV_799	k__Fungi	p__Ascomycota	NA	NA	NA	NA	NA
ASV_800	k__Fungi	NA	NA	NA	NA	NA	NA
ASV_801	k__Fungi	p__Ascomycota	NA	NA	NA	NA	NA
ASV_802	k__Fungi	p__Ascomycota	NA	NA	NA	NA	NA
ASV_803	k__Fungi	p__Basidiomycota	c__Microbotryomycetes	o__Sporidiobolales	f__Sporidiobolaceae	g__Rhodosporidiobolus	s__colostri
ASV_804	k__Fungi	p__Basidiomycota	c__Agaricomycetes	o__Cantharellales	f__Oliveoniaceae	g__Oliveonia	NA
ASV_805	k__Fungi	p__Ascomycota	c__Leotiomycetes	o__Helotiales	f__Myxotrichaceae	g__Oidiodendron	s__setiferum
ASV_806	k__Fungi	NA	NA	NA	NA	NA	NA
ASV_807	k__Fungi	p__Basidiomycota	NA	NA	NA	NA	NA
ASV_808	k__Fungi	NA	NA	NA	NA	NA	NA
ASV_809	k__Fungi	p__Basidiomycota	NA	NA	NA	NA	NA
ASV_810	k__Fungi	p__Ascomycota	c__Dothideomycetes	o__Pleosporales	f__Periconiaceae	g__Periconia	s__chimonanthi
ASV_811	k__Fungi	NA	NA	NA	NA	NA	NA
ASV_812	k__Fungi	p__Ascomycota	c__Leotiomycetes	o__Helotiales	f__Myxotrichaceae	g__Myxotrichum	s__stipitatum
ASV_813	k__Fungi	p__Basidiomycota	c__Tremellomycetes	o__Cystofilobasidiales	f__Mrakiaceae	g__Mrakia	s__soli
ASV_814	k__Fungi	p__Ascomycota	NA	NA	NA	NA	NA
ASV_815	k__Fungi	p__Basidiomycota	c__Microbotryomycetes	o__Sporidiobolales	f__Sporidiobolaceae	g__Sporobolomyces	s__ruberrimus
ASV_816	k__Fungi	NA	NA	NA	NA	NA	NA
ASV_817	k__Fungi	NA	NA	NA	NA	NA	NA
ASV_818	k__Fungi	NA	NA	NA	NA	NA	NA
ASV_819	k__Fungi	NA	NA	NA	NA	NA	NA
ASV_820	k__Fungi	NA	NA	NA	NA	NA	NA
ASV_821	k__Fungi	NA	NA	NA	NA	NA	NA
ASV_822	k__Fungi	p__Ascomycota	c__Dothideomycetes	o__Pleosporales	f__Didymellaceae	NA	NA
ASV_823	k__Fungi	NA	NA	NA	NA	NA	NA
ASV_824	k__Fungi	NA	NA	NA	NA	NA	NA
ASV_825	k__Fungi	p__Ascomycota	c__Sordariomycetes	o__Xylariales	f__Microdochiaceae	g__Microdochium	s__nivale
ASV_826	k__Fungi	p__Basidiomycota	NA	NA	NA	NA	NA
ASV_827	k__Fungi	p__Ascomycota	c__Saccharomycetes	o__Saccharomycetales	NA	NA	NA
ASV_828	k__Fungi	NA	NA	NA	NA	NA	NA
ASV_829	k__Fungi	p__Ascomycota	NA	NA	NA	NA	NA
ASV_830	k__Fungi	NA	NA	NA	NA	NA	NA
ASV_831	k__Fungi	p__Ascomycota	NA	NA	NA	NA	NA
ASV_832	k__Fungi	NA	NA	NA	NA	NA	NA
ASV_833	k__Fungi	p__Ascomycota	NA	NA	NA	NA	NA
ASV_834	k__Fungi	NA	NA	NA	NA	NA	NA
ASV_835	k__Fungi	NA	NA	NA	NA	NA	NA
ASV_836	k__Fungi	p__Ascomycota	c__Sordariomycetes	o__Xylariales	f__Microdochiaceae	g__Microdochium	s__nivale
ASV_837	k__Fungi	NA	NA	NA	NA	NA	NA
ASV_838	k__Fungi	p__Ascomycota	c__Dothideomycetes	o__Pleosporales	f__Sporormiaceae	g__Preussia	s__dubia
ASV_839	k__Fungi	NA	NA	NA	NA	NA	NA
ASV_840	k__Fungi	NA	NA	NA	NA	NA	NA
ASV_841	k__Fungi	NA	NA	NA	NA	NA	NA
ASV_842	k__Fungi	p__Ascomycota	c__Dothideomycetes	o__Pleosporales	f__Sporormiaceae	g__Preussia	s__persica
ASV_843	k__Fungi	p__Ascomycota	NA	NA	NA	NA	NA
ASV_844	k__Fungi	NA	NA	NA	NA	NA	NA
ASV_845	k__Fungi	NA	NA	NA	NA	NA	NA
ASV_846	k__Fungi	NA	NA	NA	NA	NA	NA
ASV_847	k__Fungi	p__Ascomycota	c__Dothideomycetes	o__Pleosporales	f__Pyrenochaetopsidaceae	g__Pyrenochaetopsis	s__leptospora
ASV_848	k__Fungi	NA	NA	NA	NA	NA	NA
ASV_849	k__Fungi	NA	NA	NA	NA	NA	NA
ASV_850	k__Fungi	NA	NA	NA	NA	NA	NA
ASV_851	k__Fungi	NA	NA	NA	NA	NA	NA
ASV_852	k__Fungi	p__Basidiomycota	NA	NA	NA	NA	NA
ASV_853	k__Fungi	p__Ascomycota	NA	NA	NA	NA	NA
ASV_854	k__Fungi	NA	NA	NA	NA	NA	NA
ASV_855	k__Fungi	p__Ascomycota	c__Sordariomycetes	o__Hypocreales	f__Cordycipitaceae	g__Leptobacillium	s__leptobactrum
ASV_856	k__Fungi	NA	NA	NA	NA	NA	NA
ASV_857	k__Fungi	NA	NA	NA	NA	NA	NA
ASV_858	k__Fungi	p__Mucoromycota	c__Mucoromycetes	o__Mucorales	f__Mucoraceae	NA	NA
ASV_859	k__Fungi	p__Ascomycota	c__Saccharomycetes	o__Saccharomycetales	NA	NA	NA
ASV_860	k__Fungi	NA	NA	NA	NA	NA	NA
ASV_861	k__Fungi	p__Ascomycota	c__Dothideomycetes	o__Mycosphaerellales	f__Mycosphaerellaceae	g__Ramularia	s__unterseheri
ASV_862	k__Fungi	p__Ascomycota	NA	NA	NA	NA	NA
ASV_863	k__Fungi	p__Ascomycota	NA	NA	NA	NA	NA
ASV_864	k__Fungi	NA	NA	NA	NA	NA	NA
ASV_865	k__Fungi	p__Ascomycota	c__Sordariomycetes	o__Hypocreales	f__Sarocladiaceae	g__Sarocladium	s__dejongiae
ASV_866	k__Fungi	NA	NA	NA	NA	NA	NA
ASV_867	k__Fungi	p__Ascomycota	NA	NA	NA	NA	NA
ASV_868	k__Fungi	p__Ascomycota	c__Dothideomycetes	o__Pleosporales	f__Phaeosphaeriaceae	g__Phaeosphaeria	NA
ASV_869	k__Fungi	p__Ascomycota	c__Eurotiomycetes	o__Eurotiales	f__Aspergillaceae	g__Aspergillus	s__penicillioides
ASV_870	k__Fungi	NA	NA	NA	NA	NA	NA
ASV_871	k__Fungi	p__Basidiomycota	NA	NA	NA	NA	NA
ASV_872	k__Fungi	p__Ascomycota	c__Saccharomycetes	o__Saccharomycetales	NA	NA	NA
ASV_873	k__Fungi	p__Ascomycota	c__Saccharomycetes	o__Saccharomycetales	NA	NA	NA
ASV_874	k__Fungi	NA	NA	NA	NA	NA	NA
ASV_875	k__Fungi	NA	NA	NA	NA	NA	NA
ASV_876	k__Fungi	NA	NA	NA	NA	NA	NA
ASV_877	k__Fungi	NA	NA	NA	NA	NA	NA
ASV_878	k__Fungi	p__Ascomycota	NA	NA	NA	NA	NA
ASV_879	k__Fungi	p__Ascomycota	c__Saccharomycetes	o__Saccharomycetales	NA	NA	NA
ASV_880	k__Fungi	NA	NA	NA	NA	NA	NA
ASV_881	k__Fungi	p__Basidiomycota	NA	NA	NA	NA	NA
ASV_882	k__Fungi	p__Ascomycota	NA	NA	NA	NA	NA
ASV_883	k__Fungi	NA	NA	NA	NA	NA	NA
ASV_884	k__Fungi	p__Ascomycota	c__Dothideomycetes	o__Pleosporales	f__Didymellaceae	NA	NA
ASV_885	k__Fungi	NA	NA	NA	NA	NA	NA
ASV_886	k__Fungi	p__Ascomycota	c__Leotiomycetes	o__Helotiales	f__Pleuroascaceae	g__Venustampulla	s__parva
ASV_887	k__Fungi	NA	NA	NA	NA	NA	NA
ASV_888	k__Fungi	NA	NA	NA	NA	NA	NA
ASV_889	k__Fungi	p__Ascomycota	c__Dothideomycetes	o__Pleosporales	f__Periconiaceae	g__Periconia	s__chimonanthi
ASV_890	k__Fungi	NA	NA	NA	NA	NA	NA
ASV_891	k__Fungi	p__Ascomycota	c__Pezizomycotina_cls_Incertae_sedis	o__Pezizomycotina_ord_Incertae_sedis	f__Pezizomycotina_fam_Incertae_sedis	g__Amblyosporium	s__botrytis
ASV_892	k__Fungi	NA	NA	NA	NA	NA	NA
ASV_893	k__Fungi	NA	NA	NA	NA	NA	NA
ASV_894	k__Fungi	p__Ascomycota	c__Dothideomycetes	o__Mytilinidiales	f__Mytilinidiaceae	g__Lophium	s__arboricola
ASV_895	k__Fungi	p__Ascomycota	c__Leotiomycetes	o__Helotiales	f__Helotiaceae	NA	NA
ASV_896	k__Fungi	NA	NA	NA	NA	NA	NA
ASV_897	k__Fungi	p__Ascomycota	NA	NA	NA	NA	NA
ASV_898	k__Fungi	p__Ascomycota	NA	NA	NA	NA	NA
ASV_899	k__Fungi	p__Basidiomycota	NA	NA	NA	NA	NA
ASV_900	k__Fungi	NA	NA	NA	NA	NA	NA
ASV_901	k__Fungi	NA	NA	NA	NA	NA	NA
ASV_902	k__Fungi	p__Ascomycota	c__Taphrinomycetes	o__Taphrinales	f__Taphrinaceae	g__Taphrina	s__carpini
ASV_903	k__Fungi	p__Ascomycota	c__Saccharomycetes	o__Saccharomycetales	NA	NA	NA
ASV_904	k__Fungi	p__Ascomycota	NA	NA	NA	NA	NA
ASV_905	k__Fungi	NA	NA	NA	NA	NA	NA
ASV_906	k__Fungi	NA	NA	NA	NA	NA	NA
ASV_907	k__Fungi	p__Ascomycota	c__Leotiomycetes	o__Thelebolales	f__Pseudeurotiaceae	g__Pseudogymnoascus	s__appendiculatus
ASV_908	k__Fungi	NA	NA	NA	NA	NA	NA
ASV_909	k__Fungi	NA	NA	NA	NA	NA	NA
ASV_910	k__Fungi	p__Ascomycota	NA	NA	NA	NA	NA
ASV_911	k__Fungi	p__Ascomycota	c__Dothideomycetes	o__Venturiales	f__Sympoventuriaceae	g__Bellamyces	s__quercus
ASV_912	k__Fungi	p__Ascomycota	NA	NA	NA	NA	NA
ASV_913	k__Fungi	NA	NA	NA	NA	NA	NA
ASV_914	k__Fungi	p__Basidiomycota	NA	NA	NA	NA	NA
ASV_915	k__Fungi	p__Ascomycota	c__Dothideomycetes	o__Pleosporales	f__Cucurbitariaceae	g__Neocucurbitaria	NA
ASV_916	k__Fungi	NA	NA	NA	NA	NA	NA
ASV_917	k__Fungi	NA	NA	NA	NA	NA	NA
ASV_918	k__Fungi	NA	NA	NA	NA	NA	NA
ASV_919	k__Fungi	NA	NA	NA	NA	NA	NA
ASV_920	k__Fungi	p__Ascomycota	NA	NA	NA	NA	NA
ASV_921	k__Fungi	p__Ascomycota	c__Saccharomycetes	o__Saccharomycetales	f__Debaryomycetaceae	g__Debaryomyces	s__prosopidis
ASV_922	k__Fungi	NA	NA	NA	NA	NA	NA
ASV_923	k__Fungi	NA	NA	NA	NA	NA	NA
ASV_924	k__Fungi	NA	NA	NA	NA	NA	NA
ASV_925	k__Fungi	NA	NA	NA	NA	NA	NA
ASV_926	k__Fungi	NA	NA	NA	NA	NA	NA
ASV_927	k__Fungi	p__Mortierellomycota	c__Mortierellomycetes	o__Mortierellales	f__Mortierellaceae	g__Linnemannia	NA
ASV_928	k__Fungi	NA	NA	NA	NA	NA	NA
ASV_929	k__Fungi	NA	NA	NA	NA	NA	NA
ASV_930	k__Fungi	p__Basidiomycota	NA	NA	NA	NA	NA
ASV_931	k__Fungi	p__Basidiomycota	NA	NA	NA	NA	NA
ASV_932	k__Fungi	p__Ascomycota	c__Saccharomycetes	o__Saccharomycetales	NA	NA	NA
ASV_933	k__Fungi	p__Ascomycota	NA	NA	NA	NA	NA
ASV_934	k__Fungi	p__Ascomycota	c__Leotiomycetes	o__Helotiales	f__Sclerotiniaceae	g__Botrytis	s__caroliniana
ASV_935	k__Fungi	p__Ascomycota	c__Sordariomycetes	o__Sordariales	f__Chaetomiaceae	g__Dichotomopilus	s__indicus
ASV_936	k__Fungi	p__Basidiomycota	c__Wallemiomycetes	o__Wallemiales	f__Wallemiaceae	g__Wallemia	s__muriae
ASV_937	k__Fungi	NA	NA	NA	NA	NA	NA
ASV_938	k__Fungi	NA	NA	NA	NA	NA	NA
ASV_939	k__Fungi	NA	NA	NA	NA	NA	NA
ASV_940	k__Fungi	NA	NA	NA	NA	NA	NA
ASV_941	k__Fungi	p__Ascomycota	NA	NA	NA	NA	NA
ASV_942	k__Fungi	p__Ascomycota	c__Sordariomycetes	o__Hypocreales	f__Bionectriaceae	g__Acremonium	s__persicinum
ASV_943	k__Fungi	p__Ascomycota	c__Leotiomycetes	o__Helotiales	f__Helotiaceae	g__Cyathicula	NA
ASV_944	k__Fungi	p__Ascomycota	c__Leotiomycetes	o__Helotiales	f__Sclerotiniaceae	g__Botrytis	s__caroliniana
ASV_945	k__Fungi	NA	NA	NA	NA	NA	NA
ASV_946	k__Fungi	NA	NA	NA	NA	NA	NA
ASV_947	k__Fungi	NA	NA	NA	NA	NA	NA
ASV_948	k__Fungi	NA	NA	NA	NA	NA	NA
ASV_949	k__Fungi	NA	NA	NA	NA	NA	NA
ASV_950	k__Fungi	NA	NA	NA	NA	NA	NA
ASV_951	k__Fungi	p__Ascomycota	c__Leotiomycetes	o__Helotiales	f__Myxotrichaceae	g__Oidiodendron	s__myxotrichoides
ASV_952	k__Fungi	NA	NA	NA	NA	NA	NA
ASV_953	k__Fungi	p__Ascomycota	c__Sordariomycetes	o__Xylariales	f__Microdochiaceae	g__Microdochium	s__phragmitis
ASV_954	k__Fungi	p__Ascomycota	NA	NA	NA	NA	NA
ASV_955	k__Fungi	p__Ascomycota	c__Sordariomycetes	o__Hypocreales	f__Stachybotryaceae	NA	NA
ASV_956	k__Fungi	NA	NA	NA	NA	NA	NA
ASV_957	k__Fungi	p__Ascomycota	c__Eurotiomycetes	o__Eurotiales	f__Aspergillaceae	g__Penicillium	s__spinulosum
ASV_958	k__Fungi	p__Ascomycota	c__Saccharomycetes	o__Saccharomycetales	NA	NA	NA
ASV_959	k__Fungi	p__Ascomycota	NA	NA	NA	NA	NA
ASV_960	k__Fungi	NA	NA	NA	NA	NA	NA
ASV_961	k__Fungi	NA	NA	NA	NA	NA	NA
ASV_962	k__Fungi	p__Ascomycota	c__Sordariomycetes	o__Amphisphaeriales	f__Apiosporaceae	g__Apiospora	s__wurfbainiae
ASV_963	k__Fungi	NA	NA	NA	NA	NA	NA
ASV_964	k__Fungi	NA	NA	NA	NA	NA	NA
ASV_965	k__Fungi	NA	NA	NA	NA	NA	NA
ASV_966	k__Fungi	NA	NA	NA	NA	NA	NA
ASV_967	k__Fungi	p__Basidiomycota	NA	NA	NA	NA	NA
ASV_968	k__Fungi	NA	NA	NA	NA	NA	NA
ASV_969	k__Fungi	NA	NA	NA	NA	NA	NA
ASV_970	k__Fungi	NA	NA	NA	NA	NA	NA
ASV_971	k__Fungi	NA	NA	NA	NA	NA	NA
ASV_972	k__Fungi	NA	NA	NA	NA	NA	NA
ASV_973	k__Fungi	p__Basidiomycota	NA	NA	NA	NA	NA
ASV_974	k__Fungi	NA	NA	NA	NA	NA	NA
ASV_975	k__Fungi	NA	NA	NA	NA	NA	NA
ASV_976	k__Fungi	NA	NA	NA	NA	NA	NA
ASV_977	k__Fungi	NA	NA	NA	NA	NA	NA
ASV_978	k__Fungi	NA	NA	NA	NA	NA	NA
ASV_979	k__Fungi	NA	NA	NA	NA	NA	NA
ASV_980	k__Fungi	p__Ascomycota	c__Leotiomycetes	o__Helotiales	f__Myxotrichaceae	g__Oidiodendron	NA
ASV_981	k__Fungi	NA	NA	NA	NA	NA	NA
ASV_982	k__Fungi	NA	NA	NA	NA	NA	NA
ASV_983	k__Fungi	NA	NA	NA	NA	NA	NA
ASV_984	k__Fungi	NA	NA	NA	NA	NA	NA
ASV_985	k__Fungi	p__Ascomycota	c__Leotiomycetes	o__Thelebolales	f__Thelebolaceae	g__Antarctomyces	s__pellizariae
ASV_986	k__Fungi	NA	NA	NA	NA	NA	NA
ASV_987	k__Fungi	p__Ascomycota	c__Leotiomycetes	o__Helotiales	f__Helotiaceae	NA	NA
ASV_988	k__Fungi	NA	NA	NA	NA	NA	NA
ASV_989	k__Fungi	p__Ascomycota	c__Saccharomycetes	o__Saccharomycetales	NA	NA	NA
ASV_990	k__Fungi	NA	NA	NA	NA	NA	NA
ASV_991	k__Fungi	NA	NA	NA	NA	NA	NA
ASV_992	k__Fungi	p__Basidiomycota	c__Ustilaginomycetes	o__Urocystidales	f__Floromycetaceae	g__Antherospora	s__vindobonensis
ASV_993	k__Fungi	p__Ascomycota	NA	NA	NA	NA	NA
ASV_994	k__Fungi	NA	NA	NA	NA	NA	NA
ASV_995	k__Fungi	p__Ascomycota	c__Sordariomycetes	o__Sporidesmiales	f__Sporidesmiaceae	g__Sporidesmium	NA
ASV_996	k__Fungi	p__Ascomycota	c__Leotiomycetes	o__Helotiales	f__Sclerotiniaceae	g__Botrytis	NA
ASV_997	k__Fungi	p__Ascomycota	c__Eurotiomycetes	o__Eurotiales	f__Aspergillaceae	g__Penicillium	s__aquadulcis
ASV_998	k__Fungi	NA	NA	NA	NA	NA	NA
ASV_999	k__Fungi	p__Basidiomycota	NA	NA	NA	NA	NA
ASV_1000	k__Fungi	p__Ascomycota	c__Leotiomycetes	o__Helotiales	f__Helotiaceae	NA	NA
ASV_1001	k__Fungi	NA	NA	NA	NA	NA	NA
ASV_1002	k__Fungi	NA	NA	NA	NA	NA	NA
ASV_1003	k__Fungi	NA	NA	NA	NA	NA	NA
ASV_1004	k__Fungi	NA	NA	NA	NA	NA	NA
ASV_1005	k__Fungi	p__Basidiomycota	NA	NA	NA	NA	NA
ASV_1006	k__Fungi	NA	NA	NA	NA	NA	NA
ASV_1007	k__Fungi	p__Ascomycota	NA	NA	NA	NA	NA
ASV_1008	k__Fungi	NA	NA	NA	NA	NA	NA
ASV_1009	k__Fungi	p__Basidiomycota	c__Microbotryomycetes	o__Microbotryomycetes_ord_Incertae_sedis	f__Microbotryomycetes_fam_Incertae_sedis	g__Curvibasidium	s__cygneicollum
ASV_1010	k__Fungi	NA	NA	NA	NA	NA	NA
ASV_1011	k__Fungi	NA	NA	NA	NA	NA	NA
ASV_1012	k__Fungi	p__Ascomycota	c__Dothideomycetes	o__Pleosporales	f__Periconiaceae	g__Periconia	s__neominutissima
ASV_1013	k__Fungi	NA	NA	NA	NA	NA	NA
ASV_1014	k__Fungi	p__Ascomycota	c__Sordariomycetes	o__Hypocreales	NA	NA	NA
ASV_1015	k__Fungi	NA	NA	NA	NA	NA	NA
ASV_1016	k__Fungi	NA	NA	NA	NA	NA	NA
ASV_1017	k__Fungi	p__Ascomycota	c__Sordariomycetes	o__Sordariales	f__Podosporaceae	g__Podospora	s__excentrica
ASV_1018	k__Fungi	NA	NA	NA	NA	NA	NA
ASV_1019	k__Fungi	NA	NA	NA	NA	NA	NA
ASV_1020	k__Fungi	NA	NA	NA	NA	NA	NA
ASV_1021	k__Fungi	NA	NA	NA	NA	NA	NA
ASV_1022	k__Fungi	NA	NA	NA	NA	NA	NA
ASV_1023	k__Fungi	NA	NA	NA	NA	NA	NA
ASV_1024	k__Fungi	NA	NA	NA	NA	NA	NA
ASV_1025	k__Fungi	p__Ascomycota	c__Leotiomycetes	o__Helotiales	NA	NA	NA
ASV_1026	k__Fungi	NA	NA	NA	NA	NA	NA
ASV_1027	k__Fungi	NA	NA	NA	NA	NA	NA
ASV_1028	k__Fungi	NA	NA	NA	NA	NA	NA
ASV_1029	k__Fungi	NA	NA	NA	NA	NA	NA
ASV_1030	k__Fungi	p__Basidiomycota	NA	NA	NA	NA	NA
ASV_1031	k__Fungi	NA	NA	NA	NA	NA	NA
ASV_1032	k__Fungi	p__Ascomycota	c__Saccharomycetes	o__Saccharomycetales	NA	NA	NA
ASV_1033	k__Fungi	NA	NA	NA	NA	NA	NA
ASV_1034	k__Fungi	p__Ascomycota	c__Taphrinomycetes	o__Taphrinales	f__Protomycetaceae	g__Protomyces	s__inouyei
ASV_1035	k__Fungi	p__Ascomycota	c__Eurotiomycetes	o__Eurotiales	f__Aspergillaceae	g__Penicillium	s__aquadulcis
ASV_1036	k__Fungi	NA	NA	NA	NA	NA	NA
ASV_1037	k__Fungi	p__Basidiomycota	NA	NA	NA	NA	NA
ASV_1038	k__Fungi	p__Ascomycota	c__Sordariomycetes	o__Hypocreales	f__Clavicipitaceae	g__Metapochonia	s__suchlasporia
ASV_1039	k__Fungi	NA	NA	NA	NA	NA	NA
ASV_1040	k__Fungi	p__Ascomycota	NA	NA	NA	NA	NA
ASV_1041	k__Fungi	p__Ascomycota	c__Saccharomycetes	o__Saccharomycetales	NA	NA	NA
ASV_1042	k__Fungi	NA	NA	NA	NA	NA	NA
ASV_1043	k__Fungi	NA	NA	NA	NA	NA	NA
ASV_1044	k__Fungi	NA	NA	NA	NA	NA	NA
ASV_1045	k__Fungi	p__Basidiomycota	NA	NA	NA	NA	NA
ASV_1046	k__Fungi	p__Ascomycota	c__Dothideomycetes	o__Pleosporales	f__Massarinaceae	g__Helminthosporium	s__velutinum
ASV_1047	k__Fungi	p__Basidiomycota	NA	NA	NA	NA	NA
ASV_1048	k__Fungi	NA	NA	NA	NA	NA	NA
ASV_1049	k__Fungi	p__Basidiomycota	c__Agaricomycetes	o__Hymenochaetales	f__Schizoporaceae	g__Hyphodontia	s__pallidula
ASV_1050	k__Fungi	p__Ascomycota	c__Saccharomycetes	o__Saccharomycetales	f__Debaryomycetaceae	g__Meyerozyma	s__guilliermondii
ASV_1051	k__Fungi	NA	NA	NA	NA	NA	NA
ASV_1052	k__Fungi	NA	NA	NA	NA	NA	NA
ASV_1053	k__Fungi	NA	NA	NA	NA	NA	NA
ASV_1054	k__Fungi	NA	NA	NA	NA	NA	NA
ASV_1055	k__Fungi	NA	NA	NA	NA	NA	NA
ASV_1056	k__Fungi	NA	NA	NA	NA	NA	NA
ASV_1057	k__Fungi	NA	NA	NA	NA	NA	NA
ASV_1058	k__Fungi	p__Ascomycota	c__Sordariomycetes	o__Hypocreales	f__Stachybotryaceae	g__Grandibotrys	s__pseudotheobromae
ASV_1059	k__Fungi	NA	NA	NA	NA	NA	NA
ASV_1060	k__Fungi	p__Ascomycota	c__Dothideomycetes	o__Pleosporales	f__Didymosphaeriaceae	g__Paraphaeosphaeria	s__parmeliae
ASV_1061	k__Fungi	p__Ascomycota	NA	NA	NA	NA	NA
ASV_1062	k__Fungi	NA	NA	NA	NA	NA	NA
ASV_1063	k__Fungi	p__Basidiomycota	c__Agaricomycetes	o__Polyporales	f__Ganodermataceae	g__Ganoderma	s__adspersum
ASV_1064	k__Fungi	NA	NA	NA	NA	NA	NA
ASV_1065	k__Fungi	NA	NA	NA	NA	NA	NA
ASV_1066	k__Fungi	NA	NA	NA	NA	NA	NA
ASV_1067	k__Fungi	p__Basidiomycota	NA	NA	NA	NA	NA
ASV_1068	k__Fungi	p__Ascomycota	NA	NA	NA	NA	NA
ASV_1069	k__Fungi	NA	NA	NA	NA	NA	NA
ASV_1070	k__Fungi	NA	NA	NA	NA	NA	NA
ASV_1071	k__Fungi	NA	NA	NA	NA	NA	NA
ASV_1072	k__Fungi	NA	NA	NA	NA	NA	NA
ASV_1073	k__Fungi	p__Ascomycota	c__Leotiomycetes	o__Thelebolales	f__Pseudeurotiaceae	g__Pseudogymnoascus	s__appendiculatus
ASV_1074	k__Fungi	p__Basidiomycota	c__Agaricomycetes	o__Polyporales	f__Podoscyphaceae	g__Hypochnicium	s__geogenium
ASV_1075	k__Fungi	NA	NA	NA	NA	NA	NA
ASV_1076	k__Fungi	NA	NA	NA	NA	NA	NA
ASV_1077	k__Fungi	NA	NA	NA	NA	NA	NA
ASV_1078	k__Fungi	NA	NA	NA	NA	NA	NA
ASV_1079	k__Fungi	p__Basidiomycota	NA	NA	NA	NA	NA
ASV_1080	k__Fungi	NA	NA	NA	NA	NA	NA
ASV_1081	k__Fungi	NA	NA	NA	NA	NA	NA
ASV_1082	k__Fungi	p__Ascomycota	c__Sordariomycetes	o__Xylariales	f__Hypoxylaceae	g__Hypoxylon	s__cercidicola
ASV_1083	k__Fungi	NA	NA	NA	NA	NA	NA
ASV_1084	k__Fungi	NA	NA	NA	NA	NA	NA
ASV_1085	k__Fungi	NA	NA	NA	NA	NA	NA
ASV_1086	k__Fungi	p__Ascomycota	c__Saccharomycetes	o__Saccharomycetales	NA	NA	NA
ASV_1087	k__Fungi	p__Basidiomycota	NA	NA	NA	NA	NA
ASV_1088	k__Fungi	p__Basidiomycota	NA	NA	NA	NA	NA
ASV_1089	k__Fungi	NA	NA	NA	NA	NA	NA
ASV_1090	k__Fungi	NA	NA	NA	NA	NA	NA
ASV_1091	k__Fungi	p__Ascomycota	NA	NA	NA	NA	NA
ASV_1092	k__Fungi	NA	NA	NA	NA	NA	NA
ASV_1093	k__Fungi	NA	NA	NA	NA	NA	NA
ASV_1094	k__Fungi	NA	NA	NA	NA	NA	NA
ASV_1095	k__Fungi	p__Ascomycota	c__Sordariomycetes	o__Phomatosporales	f__Phomatosporaceae	g__Phomatospora	s__dinemasporium
ASV_1096	k__Fungi	NA	NA	NA	NA	NA	NA
ASV_1097	k__Fungi	p__Ascomycota	NA	NA	NA	NA	NA
ASV_1098	k__Fungi	NA	NA	NA	NA	NA	NA
ASV_1099	k__Fungi	p__Ascomycota	c__Dothideomycetes	o__Pleosporales	f__Pleosporaceae	g__Alternaria	s__infectoria
ASV_1100	k__Fungi	NA	NA	NA	NA	NA	NA
ASV_1101	k__Fungi	NA	NA	NA	NA	NA	NA
ASV_1102	k__Fungi	p__Ascomycota	NA	NA	NA	NA	NA
ASV_1103	k__Fungi	NA	NA	NA	NA	NA	NA
ASV_1104	k__Fungi	p__Ascomycota	NA	NA	NA	NA	NA
ASV_1105	k__Fungi	p__Ascomycota	NA	NA	NA	NA	NA
ASV_1106	k__Fungi	NA	NA	NA	NA	NA	NA
ASV_1107	k__Fungi	p__Ascomycota	NA	NA	NA	NA	NA
ASV_1108	k__Fungi	NA	NA	NA	NA	NA	NA
ASV_1109	k__Fungi	NA	NA	NA	NA	NA	NA
ASV_1110	k__Fungi	NA	NA	NA	NA	NA	NA
ASV_1111	k__Fungi	p__Basidiomycota	c__Agaricomycetes	o__Polyporales	f__Polyporaceae	g__Trametes	s__versicolor
ASV_1112	k__Fungi	NA	NA	NA	NA	NA	NA
ASV_1113	k__Fungi	NA	NA	NA	NA	NA	NA
ASV_1114	k__Fungi	p__Basidiomycota	NA	NA	NA	NA	NA
ASV_1115	k__Fungi	p__Ascomycota	c__Eurotiomycetes	o__Eurotiales	f__Aspergillaceae	g__Penicillium	s__brevicompactum
ASV_1116	k__Fungi	NA	NA	NA	NA	NA	NA
ASV_1117	k__Fungi	p__Ascomycota	NA	NA	NA	NA	NA
ASV_1118	k__Fungi	NA	NA	NA	NA	NA	NA
ASV_1119	k__Fungi	p__Basidiomycota	NA	NA	NA	NA	NA
ASV_1120	k__Fungi	p__Basidiomycota	NA	NA	NA	NA	NA
ASV_1121	k__Fungi	p__Ascomycota	c__Sordariomycetes	NA	NA	NA	NA
ASV_1122	k__Fungi	NA	NA	NA	NA	NA	NA
ASV_1123	k__Fungi	p__Ascomycota	NA	NA	NA	NA	NA
ASV_1124	k__Fungi	NA	NA	NA	NA	NA	NA
ASV_1125	k__Fungi	p__Basidiomycota	c__Tremellomycetes	o__Cystofilobasidiales	f__Mrakiaceae	g__Itersonilia	s__pannonica
ASV_1126	k__Fungi	p__Ascomycota	c__Dothideomycetes	o__Pleosporales	f__Didymellaceae	NA	NA
ASV_1127	k__Fungi	NA	NA	NA	NA	NA	NA
ASV_1128	k__Fungi	NA	NA	NA	NA	NA	NA
ASV_1129	k__Fungi	p__Basidiomycota	NA	NA	NA	NA	NA
ASV_1130	k__Fungi	p__Chytridiomycota	c__Spizellomycetes	o__Spizellomycetales	f__Powellomycetaceae	g__Powellomycetaceae_gen_Incertae_sedis	NA
ASV_1131	k__Fungi	p__Ascomycota	NA	NA	NA	NA	NA
ASV_1132	k__Fungi	NA	NA	NA	NA	NA	NA
ASV_1133	k__Fungi	NA	NA	NA	NA	NA	NA
ASV_1134	k__Fungi	NA	NA	NA	NA	NA	NA
ASV_1135	k__Fungi	NA	NA	NA	NA	NA	NA
ASV_1136	k__Fungi	NA	NA	NA	NA	NA	NA
ASV_1137	k__Fungi	NA	NA	NA	NA	NA	NA
ASV_1138	k__Fungi	NA	NA	NA	NA	NA	NA
ASV_1139	k__Fungi	p__Ascomycota	c__Sordariomycetes	o__Sordariomycetes_ord_Incertae_sedis	f__Junewangiaceae	g__Sporidesmiella	s__pini
ASV_1140	k__Fungi	p__Ascomycota	c__Saccharomycetes	o__Saccharomycetales	NA	NA	NA
ASV_1141	k__Fungi	NA	NA	NA	NA	NA	NA
ASV_1142	k__Fungi	NA	NA	NA	NA	NA	NA
ASV_1143	k__Fungi	NA	NA	NA	NA	NA	NA
ASV_1144	k__Fungi	NA	NA	NA	NA	NA	NA
ASV_1145	k__Fungi	NA	NA	NA	NA	NA	NA
ASV_1146	k__Fungi	p__Ascomycota	c__Leotiomycetes	o__Helotiales	f__Dermateaceae	g__Neofabraea	s__malicorticis
ASV_1147	k__Fungi	NA	NA	NA	NA	NA	NA
ASV_1148	k__Fungi	p__Basidiomycota	NA	NA	NA	NA	NA
ASV_1149	k__Fungi	p__Basidiomycota	c__Tremellomycetes	o__Filobasidiales	f__Filobasidiaceae	g__Naganishia	NA
ASV_1150	k__Fungi	p__Basidiomycota	NA	NA	NA	NA	NA
ASV_1151	k__Fungi	NA	NA	NA	NA	NA	NA
ASV_1152	k__Fungi	p__Ascomycota	c__Dothideomycetes	o__Pleosporales	f__Phaeosphaeriaceae	g__Neosetophoma	s__rosigena
ASV_1153	k__Fungi	p__Ascomycota	c__Eurotiomycetes	o__Eurotiales	f__Aspergillaceae	g__Penicillium	NA
ASV_1154	k__Fungi	NA	NA	NA	NA	NA	NA
ASV_1155	k__Fungi	p__Ascomycota	c__Eurotiomycetes	o__Eurotiales	f__Aspergillaceae	g__Penicillium	s__aquadulcis
ASV_1156	k__Fungi	p__Ascomycota	c__Leotiomycetes	o__Helotiales	f__Myxotrichaceae	g__Oidiodendron	NA
ASV_1157	k__Fungi	NA	NA	NA	NA	NA	NA
ASV_1158	k__Fungi	NA	NA	NA	NA	NA	NA
ASV_1159	k__Fungi	NA	NA	NA	NA	NA	NA
ASV_1160	k__Fungi	NA	NA	NA	NA	NA	NA
ASV_1161	k__Fungi	NA	NA	NA	NA	NA	NA
ASV_1162	k__Fungi	p__Ascomycota	c__Sordariomycetes	o__Hypocreales	f__Hypocreaceae	g__Kiflimonium	NA
ASV_1163	k__Fungi	p__Ascomycota	c__Saccharomycetes	o__Saccharomycetales	f__Saccharomycetales_fam_Incertae_sedis	g__Candida	s__bombi
ASV_1164	k__Fungi	NA	NA	NA	NA	NA	NA
ASV_1165	k__Fungi	p__Ascomycota	NA	NA	NA	NA	NA
ASV_1166	k__Fungi	NA	NA	NA	NA	NA	NA
ASV_1167	k__Fungi	NA	NA	NA	NA	NA	NA
ASV_1168	k__Fungi	NA	NA	NA	NA	NA	NA
ASV_1169	k__Fungi	NA	NA	NA	NA	NA	NA
ASV_1170	k__Fungi	p__Ascomycota	c__Saccharomycetes	o__Saccharomycetales	NA	NA	NA
ASV_1171	k__Fungi	NA	NA	NA	NA	NA	NA
ASV_1172	k__Fungi	NA	NA	NA	NA	NA	NA
ASV_1173	k__Fungi	NA	NA	NA	NA	NA	NA
ASV_1174	k__Fungi	p__Ascomycota	c__Dothideomycetes	o__Pleosporales	f__Periconiaceae	g__Periconia	s__verrucosa
ASV_1175	k__Fungi	NA	NA	NA	NA	NA	NA
ASV_1176	k__Fungi	NA	NA	NA	NA	NA	NA
ASV_1177	k__Fungi	NA	NA	NA	NA	NA	NA
ASV_1178	k__Fungi	p__Ascomycota	NA	NA	NA	NA	NA
ASV_1179	k__Fungi	p__Ascomycota	c__Leotiomycetes	o__Thelebolales	f__Thelebolaceae	g__Thelebolus	s__globosus
ASV_1180	k__Fungi	NA	NA	NA	NA	NA	NA
ASV_1181	k__Fungi	NA	NA	NA	NA	NA	NA
ASV_1182	k__Fungi	NA	NA	NA	NA	NA	NA
ASV_1183	k__Fungi	NA	NA	NA	NA	NA	NA
ASV_1184	k__Fungi	NA	NA	NA	NA	NA	NA
ASV_1185	k__Fungi	NA	NA	NA	NA	NA	NA
ASV_1186	k__Fungi	NA	NA	NA	NA	NA	NA
ASV_1187	k__Fungi	NA	NA	NA	NA	NA	NA
ASV_1188	k__Fungi	p__Ascomycota	NA	NA	NA	NA	NA
ASV_1189	k__Fungi	p__Ascomycota	c__Dothideomycetes	o__Pleosporales	f__Lentitheciaceae	g__Phragmocamarosporium	s__qujingensis
ASV_1190	k__Fungi	NA	NA	NA	NA	NA	NA
ASV_1191	k__Fungi	NA	NA	NA	NA	NA	NA
ASV_1192	k__Fungi	NA	NA	NA	NA	NA	NA
ASV_1193	k__Fungi	p__Ascomycota	c__Saccharomycetes	o__Saccharomycetales	NA	NA	NA
ASV_1194	k__Fungi	NA	NA	NA	NA	NA	NA
ASV_1195	k__Fungi	NA	NA	NA	NA	NA	NA
ASV_1196	k__Fungi	NA	NA	NA	NA	NA	NA
ASV_1197	k__Fungi	p__Basidiomycota	c__Agaricomycetes	o__Polyporales	f__Polyporaceae	g__Trametes	s__versicolor
ASV_1198	k__Fungi	NA	NA	NA	NA	NA	NA
ASV_1199	k__Fungi	p__Ascomycota	c__Sordariomycetes	o__Hypocreales	f__Bionectriaceae	g__Nectriella	NA
ASV_1200	k__Fungi	NA	NA	NA	NA	NA	NA
ASV_1201	k__Fungi	p__Basidiomycota	NA	NA	NA	NA	NA
ASV_1202	k__Fungi	p__Ascomycota	c__Sordariomycetes	o__Amphisphaeriales	f__Sporocadaceae	g__Sporocadus	s__microcyclus
ASV_1203	k__Fungi	p__Ascomycota	c__Eurotiomycetes	o__Eurotiales	f__Trichocomaceae	g__Talaromyces	s__clemensii
ASV_1204	k__Fungi	p__Ascomycota	NA	NA	NA	NA	NA
ASV_1205	k__Fungi	NA	NA	NA	NA	NA	NA
ASV_1206	k__Fungi	NA	NA	NA	NA	NA	NA
ASV_1207	k__Fungi	NA	NA	NA	NA	NA	NA
ASV_1208	k__Fungi	NA	NA	NA	NA	NA	NA
ASV_1209	k__Fungi	p__Basidiomycota	NA	NA	NA	NA	NA
ASV_1210	k__Fungi	NA	NA	NA	NA	NA	NA
ASV_1211	k__Fungi	p__Ascomycota	c__Saccharomycetes	o__Saccharomycetales	NA	NA	NA
ASV_1212	k__Fungi	p__Ascomycota	c__Sordariomycetes	o__Amphisphaeriales	f__Sporocadaceae	g__Pestalotiopsis	s__rhododendri
ASV_1213	k__Fungi	NA	NA	NA	NA	NA	NA
ASV_1214	k__Fungi	NA	NA	NA	NA	NA	NA
ASV_1215	k__Fungi	NA	NA	NA	NA	NA	NA
ASV_1216	k__Fungi	NA	NA	NA	NA	NA	NA
ASV_1217	k__Fungi	NA	NA	NA	NA	NA	NA
ASV_1218	k__Fungi	p__Ascomycota	c__Eurotiomycetes	o__Eurotiales	f__Trichocomaceae	g__Talaromyces	s__infraolivaceus
ASV_1219	k__Fungi	p__Ascomycota	c__Eurotiomycetes	o__Eurotiales	f__Aspergillaceae	g__Penicillium	NA
ASV_1220	k__Fungi	NA	NA	NA	NA	NA	NA
ASV_1221	k__Fungi	p__Basidiomycota	NA	NA	NA	NA	NA
ASV_1222	k__Fungi	NA	NA	NA	NA	NA	NA
ASV_1223	k__Fungi	p__Mortierellomycota	c__Mortierellomycetes	o__Mortierellales	f__Mortierellaceae	g__Entomortierella	s__parvispora
ASV_1224	k__Fungi	NA	NA	NA	NA	NA	NA
ASV_1225	k__Fungi	NA	NA	NA	NA	NA	NA
ASV_1226	k__Fungi	NA	NA	NA	NA	NA	NA
ASV_1227	k__Fungi	p__Ascomycota	NA	NA	NA	NA	NA
ASV_1228	k__Fungi	NA	NA	NA	NA	NA	NA
ASV_1229	k__Fungi	NA	NA	NA	NA	NA	NA
ASV_1230	k__Fungi	p__Ascomycota	c__Sordariomycetes	o__Sordariales	f__Chaetomiaceae	g__Dichotomopilus	s__indicus
ASV_1231	k__Fungi	NA	NA	NA	NA	NA	NA
ASV_1232	k__Fungi	NA	NA	NA	NA	NA	NA
ASV_1233	k__Fungi	NA	NA	NA	NA	NA	NA
ASV_1234	k__Fungi	NA	NA	NA	NA	NA	NA
ASV_1235	k__Fungi	p__Ascomycota	NA	NA	NA	NA	NA
ASV_1236	k__Fungi	NA	NA	NA	NA	NA	NA
ASV_1237	k__Fungi	NA	NA	NA	NA	NA	NA
ASV_1238	k__Fungi	NA	NA	NA	NA	NA	NA
ASV_1239	k__Fungi	NA	NA	NA	NA	NA	NA
ASV_1240	k__Fungi	NA	NA	NA	NA	NA	NA
ASV_1241	k__Fungi	p__Basidiomycota	NA	NA	NA	NA	NA
ASV_1242	k__Fungi	p__Ascomycota	c__Sordariomycetes	o__Cephalothecales	f__Cephalothecaceae	g__Phialemonium	NA
ASV_1243	k__Fungi	NA	NA	NA	NA	NA	NA
ASV_1244	k__Fungi	NA	NA	NA	NA	NA	NA
ASV_1245	k__Fungi	NA	NA	NA	NA	NA	NA
ASV_1246	k__Fungi	NA	NA	NA	NA	NA	NA
ASV_1247	k__Fungi	NA	NA	NA	NA	NA	NA
ASV_1248	k__Fungi	p__Ascomycota	c__Saccharomycetes	o__Saccharomycetales	NA	NA	NA
ASV_1249	k__Fungi	p__Ascomycota	NA	NA	NA	NA	NA
ASV_1250	k__Fungi	NA	NA	NA	NA	NA	NA
ASV_1251	k__Fungi	NA	NA	NA	NA	NA	NA
ASV_1252	k__Fungi	NA	NA	NA	NA	NA	NA
ASV_1253	k__Fungi	NA	NA	NA	NA	NA	NA
ASV_1254	k__Fungi	p__Ascomycota	NA	NA	NA	NA	NA
ASV_1255	k__Fungi	p__Ascomycota	c__Saccharomycetes	o__Saccharomycetales	NA	NA	NA
ASV_1256	k__Fungi	NA	NA	NA	NA	NA	NA
ASV_1257	k__Fungi	NA	NA	NA	NA	NA	NA
ASV_1258	k__Fungi	NA	NA	NA	NA	NA	NA
ASV_1259	k__Fungi	p__Ascomycota	c__Saccharomycetes	o__Saccharomycetales	NA	NA	NA
ASV_1260	k__Fungi	NA	NA	NA	NA	NA	NA
ASV_1261	k__Fungi	NA	NA	NA	NA	NA	NA
ASV_1262	k__Fungi	NA	NA	NA	NA	NA	NA
ASV_1263	k__Fungi	p__Ascomycota	NA	NA	NA	NA	NA
ASV_1264	k__Fungi	NA	NA	NA	NA	NA	NA
ASV_1265	k__Fungi	NA	NA	NA	NA	NA	NA
ASV_1266	k__Fungi	p__Ascomycota	c__Dothideomycetes	o__Mycosphaerellales	NA	NA	NA
ASV_1267	k__Fungi	NA	NA	NA	NA	NA	NA
ASV_1268	k__Fungi	NA	NA	NA	NA	NA	NA
ASV_1269	k__Fungi	p__Basidiomycota	NA	NA	NA	NA	NA
ASV_1270	k__Fungi	NA	NA	NA	NA	NA	NA
ASV_1271	k__Fungi	p__Basidiomycota	NA	NA	NA	NA	NA
ASV_1272	k__Fungi	NA	NA	NA	NA	NA	NA
ASV_1273	k__Fungi	p__Basidiomycota	NA	NA	NA	NA	NA
ASV_1274	k__Fungi	NA	NA	NA	NA	NA	NA
ASV_1275	k__Fungi	NA	NA	NA	NA	NA	NA
ASV_1276	k__Fungi	NA	NA	NA	NA	NA	NA
ASV_1277	k__Fungi	NA	NA	NA	NA	NA	NA
ASV_1278	k__Fungi	p__Ascomycota	NA	NA	NA	NA	NA
ASV_1279	k__Fungi	NA	NA	NA	NA	NA	NA
ASV_1280	k__Fungi	NA	NA	NA	NA	NA	NA
ASV_1281	k__Fungi	NA	NA	NA	NA	NA	NA
ASV_1282	k__Fungi	NA	NA	NA	NA	NA	NA
ASV_1283	k__Fungi	p__Basidiomycota	NA	NA	NA	NA	NA
ASV_1284	k__Fungi	p__Ascomycota	NA	NA	NA	NA	NA
ASV_1285	k__Fungi	NA	NA	NA	NA	NA	NA
ASV_1286	k__Fungi	NA	NA	NA	NA	NA	NA
ASV_1287	k__Fungi	p__Basidiomycota	NA	NA	NA	NA	NA
ASV_1288	k__Fungi	p__Ascomycota	c__Leotiomycetes	o__Helotiales	f__Pezizellaceae	g__Chalara	s__pseudoaffinis
ASV_1289	k__Fungi	p__Ascomycota	NA	NA	NA	NA	NA
ASV_1290	k__Fungi	NA	NA	NA	NA	NA	NA
ASV_1291	k__Fungi	NA	NA	NA	NA	NA	NA
ASV_1292	k__Fungi	NA	NA	NA	NA	NA	NA
ASV_1293	k__Fungi	NA	NA	NA	NA	NA	NA
ASV_1294	k__Fungi	NA	NA	NA	NA	NA	NA
ASV_1295	k__Fungi	p__Ascomycota	NA	NA	NA	NA	NA
ASV_1296	k__Fungi	NA	NA	NA	NA	NA	NA
ASV_1297	k__Fungi	NA	NA	NA	NA	NA	NA
ASV_1298	k__Fungi	NA	NA	NA	NA	NA	NA
ASV_1299	k__Fungi	NA	NA	NA	NA	NA	NA
ASV_1300	k__Fungi	NA	NA	NA	NA	NA	NA
ASV_1301	k__Fungi	p__Basidiomycota	NA	NA	NA	NA	NA
ASV_1302	k__Fungi	p__Basidiomycota	NA	NA	NA	NA	NA
ASV_1303	k__Fungi	p__Ascomycota	NA	NA	NA	NA	NA
ASV_1304	k__Fungi	NA	NA	NA	NA	NA	NA
ASV_1305	k__Fungi	NA	NA	NA	NA	NA	NA
ASV_1306	k__Fungi	NA	NA	NA	NA	NA	NA
ASV_1307	k__Fungi	NA	NA	NA	NA	NA	NA
ASV_1308	k__Fungi	p__Basidiomycota	NA	NA	NA	NA	NA
ASV_1309	k__Fungi	p__Ascomycota	c__Eurotiomycetes	o__Eurotiales	f__Aspergillaceae	g__Penicillium	s__nalgiovense
ASV_1310	k__Fungi	NA	NA	NA	NA	NA	NA
ASV_1311	k__Fungi	p__Ascomycota	NA	NA	NA	NA	NA
ASV_1312	k__Fungi	NA	NA	NA	NA	NA	NA
ASV_1313	k__Fungi	p__Ascomycota	c__Dothideomycetes	o__Pleosporales	f__Pleosporaceae	g__Alternaria	s__alternata
ASV_1314	k__Fungi	NA	NA	NA	NA	NA	NA
ASV_1315	k__Fungi	NA	NA	NA	NA	NA	NA
ASV_1316	k__Fungi	NA	NA	NA	NA	NA	NA
ASV_1317	k__Fungi	NA	NA	NA	NA	NA	NA
ASV_1318	k__Fungi	p__Ascomycota	c__Sordariomycetes	o__Myrmecridiales	f__Myrmecridiaceae	g__Myrmecridium	NA
ASV_1319	k__Fungi	NA	NA	NA	NA	NA	NA
ASV_1320	k__Fungi	p__Ascomycota	NA	NA	NA	NA	NA
ASV_1321	k__Fungi	p__Ascomycota	c__Sordariomycetes	o__Hypocreales	f__Sarocladiaceae	g__Sarocladium	s__summerbellii
ASV_1322	k__Fungi	NA	NA	NA	NA	NA	NA
ASV_1323	k__Fungi	p__Basidiomycota	NA	NA	NA	NA	NA
ASV_1324	k__Fungi	p__Ascomycota	c__Sordariomycetes	o__Hypocreales	f__Cordycipitaceae	g__Leptobacillium	s__leptobactrum
ASV_1325	k__Fungi	NA	NA	NA	NA	NA	NA
ASV_1326	k__Fungi	NA	NA	NA	NA	NA	NA
ASV_1327	k__Fungi	NA	NA	NA	NA	NA	NA
ASV_1328	k__Fungi	NA	NA	NA	NA	NA	NA
ASV_1329	k__Fungi	p__Basidiomycota	c__Tremellomycetes	o__Tremellales	f__Bulleribasidiaceae	g__Vishniacozyma	NA
ASV_1330	k__Fungi	p__Basidiomycota	c__Ustilaginomycetes	o__Urocystidales	f__Urocystidaceae	g__Urocystis	NA
ASV_1331	k__Fungi	NA	NA	NA	NA	NA	NA
ASV_1332	k__Fungi	p__Zoopagomycota	c__Zoopagomycetes	o__Zoopagales	f__Piptocephalidaceae	g__Syncephalis	s__intermedia
ASV_1333	k__Fungi	NA	NA	NA	NA	NA	NA
ASV_1334	k__Fungi	p__Ascomycota	c__Sordariomycetes	o__Hypocreales	f__Stachybotryaceae	NA	NA
ASV_1335	k__Fungi	NA	NA	NA	NA	NA	NA
ASV_1336	k__Fungi	p__Ascomycota	c__Saccharomycetes	o__Saccharomycetales	NA	NA	NA
ASV_1337	k__Fungi	NA	NA	NA	NA	NA	NA
ASV_1338	k__Fungi	NA	NA	NA	NA	NA	NA
ASV_1339	k__Fungi	NA	NA	NA	NA	NA	NA
ASV_1340	k__Fungi	NA	NA	NA	NA	NA	NA
ASV_1341	k__Fungi	p__Ascomycota	c__Dothideomycetes	o__Pleosporales	f__Sporormiaceae	g__Preussia	s__africana
ASV_1342	k__Fungi	NA	NA	NA	NA	NA	NA
ASV_1343	k__Fungi	NA	NA	NA	NA	NA	NA
ASV_1344	k__Fungi	NA	NA	NA	NA	NA	NA
ASV_1345	k__Fungi	p__Ascomycota	c__Dothideomycetes	o__Pleosporales	NA	NA	NA
ASV_1346	k__Fungi	p__Basidiomycota	NA	NA	NA	NA	NA
ASV_1347	k__Fungi	NA	NA	NA	NA	NA	NA
ASV_1348	k__Fungi	p__Ascomycota	c__Leotiomycetes	o__Helotiales	f__Myxotrichaceae	g__Oidiodendron	NA
ASV_1349	k__Fungi	NA	NA	NA	NA	NA	NA
ASV_1350	k__Fungi	NA	NA	NA	NA	NA	NA
ASV_1351	k__Fungi	NA	NA	NA	NA	NA	NA
ASV_1352	k__Fungi	NA	NA	NA	NA	NA	NA
ASV_1353	k__Fungi	p__Ascomycota	NA	NA	NA	NA	NA
ASV_1354	k__Fungi	NA	NA	NA	NA	NA	NA
ASV_1355	k__Fungi	p__Ascomycota	c__Sordariomycetes	o__Sordariomycetes_ord_Incertae_sedis	f__Junewangiaceae	g__Sporidesmiella	s__pini
ASV_1356	k__Fungi	NA	NA	NA	NA	NA	NA
ASV_1357	k__Fungi	p__Ascomycota	c__Sordariomycetes	o__Hypocreales	NA	NA	NA
ASV_1358	k__Fungi	NA	NA	NA	NA	NA	NA
ASV_1359	k__Fungi	p__Ascomycota	NA	NA	NA	NA	NA
ASV_1360	k__Fungi	p__Ascomycota	c__Sordariomycetes	o__Hypocreales	f__Bionectriaceae	g__Acremonium	s__alternatum
ASV_1361	k__Fungi	p__Ascomycota	c__Dothideomycetes	o__Mycosphaerellales	NA	NA	NA
ASV_1362	k__Fungi	NA	NA	NA	NA	NA	NA
ASV_1363	k__Fungi	p__Ascomycota	c__Saccharomycetes	o__Saccharomycetales	NA	NA	NA
ASV_1364	k__Fungi	NA	NA	NA	NA	NA	NA
ASV_1365	k__Fungi	NA	NA	NA	NA	NA	NA
ASV_1366	k__Fungi	NA	NA	NA	NA	NA	NA
ASV_1367	k__Fungi	p__Basidiomycota	NA	NA	NA	NA	NA
ASV_1368	k__Fungi	p__Ascomycota	c__Saccharomycetes	o__Saccharomycetales	NA	NA	NA
ASV_1369	k__Fungi	p__Fungi_phy_Incertae_sedis	c__Fungi_cls_Incertae_sedis	o__Fungi_ord_Incertae_sedis	f__Fungi_fam_Incertae_sedis	g__Fungi_gen_Incertae_sedis	NA
ASV_1370	k__Fungi	NA	NA	NA	NA	NA	NA
ASV_1371	k__Fungi	NA	NA	NA	NA	NA	NA
ASV_1372	k__Fungi	NA	NA	NA	NA	NA	NA
ASV_1373	k__Fungi	NA	NA	NA	NA	NA	NA
ASV_1374	k__Fungi	NA	NA	NA	NA	NA	NA
ASV_1375	k__Fungi	p__Basidiomycota	NA	NA	NA	NA	NA
ASV_1376	k__Fungi	NA	NA	NA	NA	NA	NA
ASV_1377	k__Fungi	p__Ascomycota	c__Saccharomycetes	o__Saccharomycetales	NA	NA	NA
ASV_1378	k__Fungi	NA	NA	NA	NA	NA	NA
ASV_1379	k__Fungi	NA	NA	NA	NA	NA	NA
ASV_1380	k__Fungi	NA	NA	NA	NA	NA	NA
ASV_1381	k__Fungi	p__Ascomycota	c__Dothideomycetes	o__Pleosporales	f__Didymellaceae	NA	NA
ASV_1382	k__Fungi	NA	NA	NA	NA	NA	NA
ASV_1383	k__Fungi	NA	NA	NA	NA	NA	NA
ASV_1384	k__Fungi	p__Ascomycota	NA	NA	NA	NA	NA
ASV_1385	k__Fungi	NA	NA	NA	NA	NA	NA
ASV_1386	k__Fungi	NA	NA	NA	NA	NA	NA
ASV_1387	k__Fungi	NA	NA	NA	NA	NA	NA
ASV_1388	k__Fungi	NA	NA	NA	NA	NA	NA
ASV_1389	k__Fungi	p__Ascomycota	c__Eurotiomycetes	o__Eurotiales	f__Aspergillaceae	g__Penicillium	s__multicolor
ASV_1390	k__Fungi	NA	NA	NA	NA	NA	NA
ASV_1391	k__Fungi	NA	NA	NA	NA	NA	NA
ASV_1392	k__Fungi	p__Basidiomycota	NA	NA	NA	NA	NA
ASV_1393	k__Fungi	NA	NA	NA	NA	NA	NA
ASV_1394	k__Fungi	NA	NA	NA	NA	NA	NA
ASV_1395	k__Fungi	NA	NA	NA	NA	NA	NA
ASV_1396	k__Fungi	NA	NA	NA	NA	NA	NA
ASV_1397	k__Fungi	NA	NA	NA	NA	NA	NA
ASV_1398	k__Fungi	p__Basidiomycota	NA	NA	NA	NA	NA
ASV_1399	k__Fungi	NA	NA	NA	NA	NA	NA
ASV_1400	k__Fungi	p__Basidiomycota	NA	NA	NA	NA	NA
ASV_1401	k__Fungi	NA	NA	NA	NA	NA	NA
ASV_1402	k__Fungi	NA	NA	NA	NA	NA	NA
ASV_1403	k__Fungi	NA	NA	NA	NA	NA	NA
ASV_1404	k__Fungi	p__Ascomycota	NA	NA	NA	NA	NA
ASV_1405	k__Fungi	NA	NA	NA	NA	NA	NA
ASV_1406	k__Fungi	NA	NA	NA	NA	NA	NA
ASV_1407	k__Fungi	p__Ascomycota	c__Sordariomycetes	o__Hypocreales	f__Cordycipitaceae	g__Beauveria	s__varroae
ASV_1408	k__Fungi	NA	NA	NA	NA	NA	NA
ASV_1409	k__Fungi	NA	NA	NA	NA	NA	NA
ASV_1410	k__Fungi	p__Ascomycota	c__Leotiomycetes	NA	NA	NA	NA
ASV_1411	k__Fungi	NA	NA	NA	NA	NA	NA
ASV_1412	k__Fungi	NA	NA	NA	NA	NA	NA
ASV_1413	k__Fungi	p__Basidiomycota	NA	NA	NA	NA	NA
ASV_1414	k__Fungi	NA	NA	NA	NA	NA	NA
ASV_1415	k__Fungi	NA	NA	NA	NA	NA	NA
ASV_1416	k__Fungi	NA	NA	NA	NA	NA	NA
ASV_1417	k__Fungi	NA	NA	NA	NA	NA	NA
ASV_1418	k__Fungi	p__Basidiomycota	c__Cystobasidiomycetes	o__Buckleyzymales	f__Buckleyzymaceae	g__Buckleyzyma	s__aurantiaca
ASV_1419	k__Fungi	NA	NA	NA	NA	NA	NA
ASV_1420	k__Fungi	NA	NA	NA	NA	NA	NA
ASV_1421	k__Fungi	NA	NA	NA	NA	NA	NA
ASV_1422	k__Fungi	p__Ascomycota	c__Eurotiomycetes	o__Eurotiales	f__Aspergillaceae	g__Aspergillus	s__neotritici
ASV_1423	k__Fungi	p__Ascomycota	c__Saccharomycetes	o__Saccharomycetales	NA	NA	NA
ASV_1424	k__Fungi	NA	NA	NA	NA	NA	NA
ASV_1425	k__Fungi	NA	NA	NA	NA	NA	NA
ASV_1426	k__Fungi	NA	NA	NA	NA	NA	NA
ASV_1427	k__Fungi	NA	NA	NA	NA	NA	NA
ASV_1428	k__Fungi	NA	NA	NA	NA	NA	NA
ASV_1429	k__Fungi	NA	NA	NA	NA	NA	NA
ASV_1430	k__Fungi	p__Ascomycota	c__Sordariomycetes	o__Hypocreales	f__Nectriaceae	g__Fusarium	NA
ASV_1431	k__Fungi	NA	NA	NA	NA	NA	NA
ASV_1432	k__Fungi	NA	NA	NA	NA	NA	NA
ASV_1433	k__Fungi	p__Basidiomycota	NA	NA	NA	NA	NA
ASV_1434	k__Fungi	NA	NA	NA	NA	NA	NA
ASV_1435	k__Fungi	NA	NA	NA	NA	NA	NA
ASV_1436	k__Fungi	NA	NA	NA	NA	NA	NA
ASV_1437	k__Fungi	p__Ascomycota	NA	NA	NA	NA	NA
ASV_1438	k__Fungi	p__Ascomycota	c__Eurotiomycetes	o__Eurotiales	f__Aspergillaceae	g__Penicillium	s__lanosum
ASV_1439	k__Fungi	NA	NA	NA	NA	NA	NA
ASV_1440	k__Fungi	NA	NA	NA	NA	NA	NA
ASV_1441	k__Fungi	NA	NA	NA	NA	NA	NA
ASV_1442	k__Fungi	NA	NA	NA	NA	NA	NA
ASV_1443	k__Fungi	NA	NA	NA	NA	NA	NA
ASV_1444	k__Fungi	NA	NA	NA	NA	NA	NA
ASV_1445	k__Fungi	NA	NA	NA	NA	NA	NA
ASV_1446	k__Fungi	p__Basidiomycota	NA	NA	NA	NA	NA
ASV_1447	k__Fungi	p__Ascomycota	c__Dothideomycetes	o__Pleosporales	f__Didymellaceae	NA	NA
ASV_1448	k__Fungi	NA	NA	NA	NA	NA	NA
ASV_1449	k__Fungi	p__Basidiomycota	c__Cystobasidiomycetes	o__Cystobasidiales	f__Cystobasidiaceae	g__Cystobasidium	s__raffinophilum
ASV_1450	k__Fungi	NA	NA	NA	NA	NA	NA
ASV_1451	k__Fungi	p__Basidiomycota	NA	NA	NA	NA	NA
ASV_1452	k__Fungi	p__Basidiomycota	c__Tremellomycetes	o__Trichosporonales	f__Trichosporonaceae	g__Apiotrichum	s__dehoogii
ASV_1453	k__Fungi	NA	NA	NA	NA	NA	NA
ASV_1454	k__Fungi	p__Basidiomycota	c__Agaricomycetes	o__Agaricales	f__Agaricales_fam_Incertae_sedis	g__Panaeolina	s__foenisecii
ASV_1455	k__Fungi	p__Ascomycota	c__Eurotiomycetes	o__Chaetothyriales	NA	NA	NA
ASV_1456	k__Fungi	p__Ascomycota	NA	NA	NA	NA	NA
ASV_1457	k__Fungi	p__Ascomycota	c__Leotiomycetes	o__Helotiales	f__Helotiales_fam_Incertae_sedis	NA	NA
ASV_1458	k__Fungi	NA	NA	NA	NA	NA	NA
ASV_1459	k__Fungi	NA	NA	NA	NA	NA	NA
ASV_1460	k__Fungi	NA	NA	NA	NA	NA	NA
ASV_1461	k__Fungi	NA	NA	NA	NA	NA	NA
ASV_1462	k__Fungi	NA	NA	NA	NA	NA	NA
ASV_1463	k__Fungi	p__Ascomycota	c__Dothideomycetes	o__Pleosporales	f__Periconiaceae	g__Periconia	s__pseudodigitata
ASV_1464	k__Fungi	p__Basidiomycota	c__Microbotryomycetes	o__Microbotryomycetes_ord_Incertae_sedis	f__Microbotryomycetes_fam_Incertae_sedis	g__Curvibasidium	s__cygneicollum
ASV_1465	k__Fungi	NA	NA	NA	NA	NA	NA
ASV_1466	k__Fungi	NA	NA	NA	NA	NA	NA
ASV_1467	k__Fungi	NA	NA	NA	NA	NA	NA
ASV_1468	k__Fungi	NA	NA	NA	NA	NA	NA
ASV_1469	k__Fungi	NA	NA	NA	NA	NA	NA
ASV_1470	k__Fungi	NA	NA	NA	NA	NA	NA
ASV_1471	k__Fungi	p__Ascomycota	c__Saccharomycetes	o__Saccharomycetales	NA	NA	NA
ASV_1472	k__Fungi	NA	NA	NA	NA	NA	NA
ASV_1473	k__Fungi	NA	NA	NA	NA	NA	NA
ASV_1474	k__Fungi	p__Ascomycota	c__Sordariomycetes	o__Sordariales	f__Chaetomiaceae	g__Acrophialophora	s__levis
ASV_1475	k__Fungi	NA	NA	NA	NA	NA	NA
ASV_1476	k__Fungi	p__Mortierellomycota	c__Mortierellomycetes	o__Mortierellales	f__Mortierellaceae	g__Mortierella	NA
ASV_1477	k__Fungi	NA	NA	NA	NA	NA	NA
ASV_1478	k__Fungi	NA	NA	NA	NA	NA	NA
ASV_1479	k__Fungi	NA	NA	NA	NA	NA	NA
ASV_1480	k__Fungi	NA	NA	NA	NA	NA	NA
ASV_1481	k__Fungi	NA	NA	NA	NA	NA	NA
ASV_1482	k__Fungi	p__Ascomycota	NA	NA	NA	NA	NA
ASV_1483	k__Fungi	NA	NA	NA	NA	NA	NA
ASV_1484	k__Fungi	NA	NA	NA	NA	NA	NA
ASV_1485	k__Fungi	NA	NA	NA	NA	NA	NA
ASV_1486	k__Fungi	p__Basidiomycota	NA	NA	NA	NA	NA
ASV_1487	k__Fungi	NA	NA	NA	NA	NA	NA
ASV_1488	k__Fungi	p__Basidiomycota	NA	NA	NA	NA	NA
ASV_1489	k__Fungi	p__Ascomycota	c__Sordariomycetes	o__Xylariales	f__Xylariaceae	g__Xylaria	s__schimicola
ASV_1490	k__Fungi	p__Ascomycota	c__Sordariomycetes	o__Hypocreales	f__Cordycipitaceae	g__Beauveria	s__felina
ASV_1491	k__Fungi	p__Basidiomycota	NA	NA	NA	NA	NA
ASV_1492	k__Fungi	NA	NA	NA	NA	NA	NA
ASV_1493	k__Fungi	p__Basidiomycota	NA	NA	NA	NA	NA
ASV_1494	k__Fungi	NA	NA	NA	NA	NA	NA
ASV_1495	k__Fungi	NA	NA	NA	NA	NA	NA
ASV_1496	k__Fungi	p__Ascomycota	c__Leotiomycetes	o__Helotiales	f__Arachnopezizaceae	g__Arachnopeziza	NA
ASV_1497	k__Fungi	p__Ascomycota	c__Sordariomycetes	o__Hypocreales	f__Stachybotryaceae	g__Myxospora	s__musae
ASV_1498	k__Fungi	p__Ascomycota	NA	NA	NA	NA	NA
ASV_1499	k__Fungi	p__Basidiomycota	NA	NA	NA	NA	NA
ASV_1500	k__Fungi	NA	NA	NA	NA	NA	NA
ASV_1501	k__Fungi	p__Basidiomycota	NA	NA	NA	NA	NA
ASV_1502	k__Fungi	NA	NA	NA	NA	NA	NA
ASV_1503	k__Fungi	NA	NA	NA	NA	NA	NA
ASV_1504	k__Fungi	NA	NA	NA	NA	NA	NA
ASV_1505	k__Fungi	NA	NA	NA	NA	NA	NA
ASV_1506	k__Fungi	NA	NA	NA	NA	NA	NA
ASV_1507	k__Fungi	p__Basidiomycota	c__Microbotryomycetes	o__Microbotryales	f__Microbotryaceae	g__Microbotryum	s__alpinum
ASV_1508	k__Fungi	p__Basidiomycota	c__Tremellomycetes	o__Cystofilobasidiales	f__Mrakiaceae	g__Udeniomyces	s__pyricola
ASV_1509	k__Fungi	NA	NA	NA	NA	NA	NA
ASV_1510	k__Fungi	NA	NA	NA	NA	NA	NA
ASV_1511	k__Fungi	p__Ascomycota	c__Saccharomycetes	o__Saccharomycetales	NA	NA	NA
ASV_1512	k__Fungi	p__Basidiomycota	NA	NA	NA	NA	NA
ASV_1513	k__Fungi	NA	NA	NA	NA	NA	NA
ASV_1514	k__Fungi	NA	NA	NA	NA	NA	NA
ASV_1515	k__Fungi	NA	NA	NA	NA	NA	NA
ASV_1516	k__Fungi	NA	NA	NA	NA	NA	NA
ASV_1517	k__Fungi	p__Ascomycota	c__Leotiomycetes	o__Helotiales	f__Helotiales_fam_Incertae_sedis	g__Crocicreas	NA
ASV_1518	k__Fungi	NA	NA	NA	NA	NA	NA
ASV_1519	k__Fungi	NA	NA	NA	NA	NA	NA
ASV_1520	k__Fungi	p__Basidiomycota	c__Agaricomycetes	o__Auriculariales	f__Auriculariaceae	g__Alloexidiopsis	s__australiensis
ASV_1521	k__Fungi	p__Ascomycota	NA	NA	NA	NA	NA
ASV_1522	k__Fungi	p__Basidiomycota	NA	NA	NA	NA	NA
ASV_1523	k__Fungi	p__Basidiomycota	NA	NA	NA	NA	NA
ASV_1524	k__Fungi	NA	NA	NA	NA	NA	NA
ASV_1525	k__Fungi	p__Ascomycota	c__Sordariomycetes	o__Amphisphaeriales	f__Apiosporaceae	g__Apiospora	s__qinlingensis
ASV_1526	k__Fungi	NA	NA	NA	NA	NA	NA
ASV_1527	k__Fungi	NA	NA	NA	NA	NA	NA
ASV_1528	k__Fungi	p__Ascomycota	c__Sordariomycetes	o__Hypocreales	f__Niessliaceae	g__Niesslia	s__tenuis
ASV_1529	k__Fungi	p__Ascomycota	NA	NA	NA	NA	NA
ASV_1530	k__Fungi	NA	NA	NA	NA	NA	NA
ASV_1531	k__Fungi	NA	NA	NA	NA	NA	NA
ASV_1532	k__Fungi	NA	NA	NA	NA	NA	NA
ASV_1533	k__Fungi	NA	NA	NA	NA	NA	NA
ASV_1534	k__Fungi	NA	NA	NA	NA	NA	NA
ASV_1535	k__Fungi	p__Ascomycota	c__Saccharomycetes	o__Saccharomycetales	f__Saccharomycetales_fam_Incertae_sedis	g__Candida	s__bombi
ASV_1536	k__Fungi	p__Ascomycota	c__Saccharomycetes	o__Saccharomycetales	NA	NA	NA
ASV_1537	k__Fungi	NA	NA	NA	NA	NA	NA
ASV_1538	k__Fungi	NA	NA	NA	NA	NA	NA
ASV_1539	k__Fungi	NA	NA	NA	NA	NA	NA
ASV_1540	k__Fungi	NA	NA	NA	NA	NA	NA
ASV_1541	k__Fungi	p__Ascomycota	c__Sordariomycetes	o__Hypocreales	f__Cordycipitaceae	g__Lecanicillium	s__coprophilum
ASV_1542	k__Fungi	NA	NA	NA	NA	NA	NA
ASV_1543	k__Fungi	NA	NA	NA	NA	NA	NA
ASV_1544	k__Fungi	NA	NA	NA	NA	NA	NA
ASV_1545	k__Fungi	NA	NA	NA	NA	NA	NA
ASV_1546	k__Fungi	NA	NA	NA	NA	NA	NA
ASV_1547	k__Fungi	NA	NA	NA	NA	NA	NA
ASV_1548	k__Fungi	p__Basidiomycota	c__Tremellomycetes	o__Filobasidiales	f__Filobasidiaceae	g__Naganishia	s__diffluens
ASV_1549	k__Fungi	NA	NA	NA	NA	NA	NA
ASV_1550	k__Fungi	NA	NA	NA	NA	NA	NA
ASV_1551	k__Fungi	p__Basidiomycota	NA	NA	NA	NA	NA
ASV_1552	k__Fungi	p__Basidiomycota	NA	NA	NA	NA	NA
ASV_1553	k__Fungi	p__Ascomycota	c__Sordariomycetes	o__Hypocreales	f__Sarocladiaceae	g__Sarocladium	s__dejongiae
ASV_1554	k__Fungi	NA	NA	NA	NA	NA	NA
ASV_1555	k__Fungi	NA	NA	NA	NA	NA	NA
ASV_1556	k__Fungi	NA	NA	NA	NA	NA	NA
ASV_1557	k__Fungi	p__Basidiomycota	NA	NA	NA	NA	NA
ASV_1558	k__Fungi	p__Basidiomycota	NA	NA	NA	NA	NA
ASV_1559	k__Fungi	NA	NA	NA	NA	NA	NA
ASV_1560	k__Fungi	NA	NA	NA	NA	NA	NA
ASV_1561	k__Fungi	p__Basidiomycota	NA	NA	NA	NA	NA
ASV_1562	k__Fungi	NA	NA	NA	NA	NA	NA
ASV_1563	k__Fungi	p__Basidiomycota	NA	NA	NA	NA	NA
ASV_1564	k__Fungi	p__Ascomycota	c__Dothideomycetes	o__Pleosporales	f__Periconiaceae	g__Periconia	NA
ASV_1565	k__Fungi	p__Basidiomycota	c__Cystobasidiomycetes	o__Cystobasidiomycetes_ord_Incertae_sedis	f__Symmetrosporaceae	g__Symmetrospora	s__clarorosea
ASV_1566	k__Fungi	p__Ascomycota	c__Saccharomycetes	o__Saccharomycetales	NA	NA	NA
ASV_1567	k__Fungi	NA	NA	NA	NA	NA	NA
ASV_1568	k__Fungi	NA	NA	NA	NA	NA	NA
ASV_1569	k__Fungi	NA	NA	NA	NA	NA	NA
ASV_1570	k__Fungi	NA	NA	NA	NA	NA	NA
ASV_1571	k__Fungi	p__Basidiomycota	NA	NA	NA	NA	NA
ASV_1572	k__Fungi	p__Basidiomycota	c__Agaricomycetes	o__Russulales	f__Bondarzewiaceae	g__Heterobasidion	s__parviporum
ASV_1573	k__Fungi	p__Ascomycota	c__Dothideomycetes	o__Mycosphaerellales	f__Teratosphaeriaceae	g__Catenulostroma	s__protearum
ASV_1574	k__Fungi	p__Ascomycota	c__Dothideomycetes	o__Pleosporales	f__Didymosphaeriaceae	g__Paraconiothyrium	s__fuckelii
ASV_1575	k__Fungi	p__Zoopagomycota	c__Zoopagomycetes	o__Zoopagales	f__Piptocephalidaceae	g__Syncephalis	s__intermedia
ASV_1576	k__Fungi	p__Mortierellomycota	c__Mortierellomycetes	o__Mortierellales	f__Mortierellaceae	g__Linnemannia	s__gamsii
ASV_1577	k__Fungi	p__Ascomycota	NA	NA	NA	NA	NA
ASV_1578	k__Fungi	NA	NA	NA	NA	NA	NA
ASV_1579	k__Fungi	NA	NA	NA	NA	NA	NA
ASV_1580	k__Fungi	p__Basidiomycota	NA	NA	NA	NA	NA
ASV_1581	k__Fungi	NA	NA	NA	NA	NA	NA
ASV_1582	k__Fungi	NA	NA	NA	NA	NA	NA
ASV_1583	k__Fungi	p__Ascomycota	c__Sordariomycetes	o__Hypocreales	f__Hypocreaceae	g__Kiflimonium	NA
ASV_1584	k__Fungi	NA	NA	NA	NA	NA	NA
ASV_1585	k__Fungi	p__Ascomycota	c__Dothideomycetes	o__Mycosphaerellales	NA	NA	NA
ASV_1586	k__Fungi	NA	NA	NA	NA	NA	NA
ASV_1587	k__Fungi	NA	NA	NA	NA	NA	NA
ASV_1588	k__Fungi	p__Basidiomycota	NA	NA	NA	NA	NA
ASV_1589	k__Fungi	NA	NA	NA	NA	NA	NA
ASV_1590	k__Fungi	p__Basidiomycota	NA	NA	NA	NA	NA
ASV_1591	k__Fungi	NA	NA	NA	NA	NA	NA
ASV_1592	k__Fungi	p__Basidiomycota	NA	NA	NA	NA	NA
ASV_1593	k__Fungi	p__Ascomycota	c__Sordariomycetes	o__Amphisphaeriales	f__Apiosporaceae	g__Arthrinium	s__koreanum
ASV_1594	k__Fungi	p__Ascomycota	c__Eurotiomycetes	o__Eurotiales	f__Trichocomaceae	g__Talaromyces	s__rugulosus
ASV_1595	k__Fungi	p__Ascomycota	NA	NA	NA	NA	NA
ASV_1596	k__Fungi	p__Ascomycota	c__Sordariomycetes	o__Hypocreales	f__Bionectriaceae	g__Acremonium	s__polychromum
ASV_1597	k__Fungi	NA	NA	NA	NA	NA	NA
ASV_1598	k__Fungi	p__Ascomycota	c__Eurotiomycetes	o__Eurotiales	f__Aspergillaceae	g__Aspergillus	s__conicus
ASV_1599	k__Fungi	NA	NA	NA	NA	NA	NA
ASV_1600	k__Fungi	NA	NA	NA	NA	NA	NA
ASV_1601	k__Fungi	NA	NA	NA	NA	NA	NA
ASV_1602	k__Fungi	p__Basidiomycota	NA	NA	NA	NA	NA
ASV_1603	k__Fungi	NA	NA	NA	NA	NA	NA
ASV_1604	k__Fungi	NA	NA	NA	NA	NA	NA
ASV_1605	k__Fungi	NA	NA	NA	NA	NA	NA
ASV_1606	k__Fungi	NA	NA	NA	NA	NA	NA
ASV_1607	k__Fungi	NA	NA	NA	NA	NA	NA
ASV_1608	k__Fungi	p__Ascomycota	c__Saccharomycetes	o__Saccharomycetales	f__Debaryomycetaceae	g__Debaryomyces	s__prosopidis
ASV_1609	k__Fungi	p__Ascomycota	c__Saccharomycetes	o__Saccharomycetales	NA	NA	NA
ASV_1610	k__Fungi	NA	NA	NA	NA	NA	NA
ASV_1611	k__Fungi	NA	NA	NA	NA	NA	NA
ASV_1612	k__Fungi	NA	NA	NA	NA	NA	NA
ASV_1613	k__Fungi	NA	NA	NA	NA	NA	NA
ASV_1614	k__Fungi	NA	NA	NA	NA	NA	NA
ASV_1615	k__Fungi	NA	NA	NA	NA	NA	NA
ASV_1616	k__Fungi	p__Basidiomycota	NA	NA	NA	NA	NA
ASV_1617	k__Fungi	p__Ascomycota	NA	NA	NA	NA	NA
ASV_1618	k__Fungi	NA	NA	NA	NA	NA	NA
ASV_1619	k__Fungi	NA	NA	NA	NA	NA	NA
ASV_1620	k__Fungi	NA	NA	NA	NA	NA	NA
ASV_1621	k__Fungi	NA	NA	NA	NA	NA	NA
ASV_1622	k__Fungi	p__Basidiomycota	NA	NA	NA	NA	NA
ASV_1623	k__Fungi	p__Ascomycota	c__Sordariomycetes	o__Glomerellales	f__Glomerellales_fam_Incertae_sedis	g__Glomerellales_gen_Incertae_sedis	NA
ASV_1624	k__Fungi	p__Ascomycota	c__Saccharomycetes	o__Saccharomycetales	NA	NA	NA
ASV_1625	k__Fungi	p__Ascomycota	c__Sordariomycetes	o__Hypocreales	NA	NA	NA
ASV_1626	k__Fungi	NA	NA	NA	NA	NA	NA
ASV_1627	k__Fungi	NA	NA	NA	NA	NA	NA
ASV_1628	k__Fungi	NA	NA	NA	NA	NA	NA
ASV_1629	k__Fungi	NA	NA	NA	NA	NA	NA
ASV_1630	k__Fungi	NA	NA	NA	NA	NA	NA
ASV_1631	k__Fungi	NA	NA	NA	NA	NA	NA
ASV_1632	k__Fungi	p__Ascomycota	c__Sordariomycetes	o__Hypocreales	f__Clavicipitaceae	g__Marquandomyces	s__marquandii
ASV_1633	k__Fungi	p__Ascomycota	c__Sordariomycetes	o__Xylariales	f__Barrmaeliaceae	g__Barrmaelia	s__rhamnicola
ASV_1634	k__Fungi	p__Ascomycota	c__Saccharomycetes	o__Saccharomycetales	NA	NA	NA
ASV_1635	k__Fungi	NA	NA	NA	NA	NA	NA
ASV_1636	k__Fungi	p__Ascomycota	c__Saccharomycetes	o__Saccharomycetales	NA	NA	NA
ASV_1637	k__Fungi	NA	NA	NA	NA	NA	NA
ASV_1638	k__Fungi	p__Ascomycota	NA	NA	NA	NA	NA
ASV_1639	k__Fungi	NA	NA	NA	NA	NA	NA
ASV_1640	k__Fungi	p__Ascomycota	c__Sordariomycetes	o__Hypocreales	f__Cordycipitaceae	g__Leptobacillium	s__leptobactrum
ASV_1641	k__Fungi	p__Mortierellomycota	c__Mortierellomycetes	o__Mortierellales	f__Mortierellaceae	g__Mortierella	s__bisporalis
ASV_1642	k__Fungi	NA	NA	NA	NA	NA	NA
ASV_1643	k__Fungi	NA	NA	NA	NA	NA	NA
ASV_1644	k__Fungi	NA	NA	NA	NA	NA	NA
ASV_1645	k__Fungi	NA	NA	NA	NA	NA	NA
ASV_1646	k__Fungi	NA	NA	NA	NA	NA	NA
ASV_1647	k__Fungi	p__Ascomycota	c__Leotiomycetes	o__Helotiales	f__Ploettnerulaceae	g__Ypsilina	s__buttingtonensis
ASV_1648	k__Fungi	p__Ascomycota	NA	NA	NA	NA	NA
ASV_1649	k__Fungi	NA	NA	NA	NA	NA	NA
ASV_1650	k__Fungi	p__Basidiomycota	NA	NA	NA	NA	NA
ASV_1651	k__Fungi	p__Ascomycota	c__Saccharomycetes	o__Saccharomycetales	NA	NA	NA
ASV_1652	k__Fungi	NA	NA	NA	NA	NA	NA
ASV_1653	k__Fungi	p__Ascomycota	c__Sordariomycetes	o__Glomerellales	f__Plectosphaerellaceae	g__Plectosphaerella	NA
ASV_1654	k__Fungi	p__Ascomycota	c__Sordariomycetes	o__Hypocreales	f__Clavicipitaceae	g__Claviceps	s__arundinis
ASV_1655	k__Fungi	NA	NA	NA	NA	NA	NA
ASV_1656	k__Fungi	NA	NA	NA	NA	NA	NA
ASV_1657	k__Fungi	NA	NA	NA	NA	NA	NA
ASV_1658	k__Fungi	p__Ascomycota	c__Saccharomycetes	o__Saccharomycetales	NA	NA	NA
ASV_1659	k__Fungi	p__Ascomycota	c__Leotiomycetes	o__Helotiales	f__Helotiaceae	NA	NA
ASV_1660	k__Fungi	p__Basidiomycota	NA	NA	NA	NA	NA
ASV_1661	k__Fungi	p__Ascomycota	c__Leotiomycetes	o__Helotiales	f__Sclerotiniaceae	g__Botrytis	s__caroliniana
ASV_1662	k__Fungi	p__Ascomycota	c__Saccharomycetes	o__Saccharomycetales	NA	NA	NA
ASV_1663	k__Fungi	p__Ascomycota	c__Saccharomycetes	o__Saccharomycetales	NA	NA	NA
ASV_1664	k__Fungi	NA	NA	NA	NA	NA	NA
ASV_1665	k__Fungi	p__Basidiomycota	NA	NA	NA	NA	NA
ASV_1666	k__Fungi	p__Ascomycota	c__Saccharomycetes	o__Saccharomycetales	f__Saccharomycetaceae	g__Lachancea	s__thermotolerans
ASV_1667	k__Fungi	p__Ascomycota	c__Sordariomycetes	o__Hypocreales	f__Sarocladiaceae	g__Sarocladium	s__summerbellii
ASV_1668	k__Fungi	p__Ascomycota	c__Leotiomycetes	o__Helotiales	NA	NA	NA
ASV_1669	k__Fungi	p__Basidiomycota	c__Cystobasidiomycetes	NA	NA	NA	NA
ASV_1670	k__Fungi	p__Ascomycota	c__Eurotiomycetes	o__Eurotiales	f__Aspergillaceae	g__Penicillium	NA
ASV_1671	k__Fungi	NA	NA	NA	NA	NA	NA
ASV_1672	k__Fungi	NA	NA	NA	NA	NA	NA
ASV_1673	k__Fungi	NA	NA	NA	NA	NA	NA
ASV_1674	k__Fungi	p__Basidiomycota	NA	NA	NA	NA	NA
ASV_1675	k__Fungi	NA	NA	NA	NA	NA	NA
ASV_1676	k__Fungi	p__Ascomycota	c__Sordariomycetes	o__Hypocreales	f__Sarocladiaceae	g__Sarocladium	s__summerbellii
ASV_1677	k__Fungi	p__Ascomycota	NA	NA	NA	NA	NA
ASV_1678	k__Fungi	NA	NA	NA	NA	NA	NA
ASV_1679	k__Fungi	NA	NA	NA	NA	NA	NA
ASV_1680	k__Fungi	NA	NA	NA	NA	NA	NA
ASV_1681	k__Fungi	p__Ascomycota	NA	NA	NA	NA	NA
ASV_1682	k__Fungi	NA	NA	NA	NA	NA	NA
ASV_1683	k__Fungi	p__Basidiomycota	NA	NA	NA	NA	NA
ASV_1684	k__Fungi	NA	NA	NA	NA	NA	NA
ASV_1685	k__Fungi	p__Ascomycota	c__Lecanoromycetes	o__Lecanorales	f__Parmeliaceae	g__Hypotrachyna	s__revoluta
ASV_1686	k__Fungi	p__Ascomycota	c__Dothideomycetes	o__Mycosphaerellales	f__Mycosphaerellaceae	g__Ramularia	s__collo-cygni
ASV_1687	k__Fungi	NA	NA	NA	NA	NA	NA
ASV_1688	k__Fungi	p__Ascomycota	c__Dothideomycetes	o__Pleosporales	NA	NA	NA
ASV_1689	k__Fungi	p__Ascomycota	c__Leotiomycetes	o__Helotiales	f__Myxotrichaceae	g__Oidiodendron	s__majus
ASV_1690	k__Fungi	p__Ascomycota	c__Dothideomycetes	o__Venturiales	f__Cylindrosympodiaceae	g__Sympodiella	NA
ASV_1691	k__Fungi	NA	NA	NA	NA	NA	NA
ASV_1692	k__Fungi	NA	NA	NA	NA	NA	NA
ASV_1693	k__Fungi	NA	NA	NA	NA	NA	NA
ASV_1694	k__Fungi	NA	NA	NA	NA	NA	NA
ASV_1695	k__Fungi	NA	NA	NA	NA	NA	NA
ASV_1696	k__Fungi	NA	NA	NA	NA	NA	NA
ASV_1697	k__Fungi	NA	NA	NA	NA	NA	NA
ASV_1698	k__Fungi	NA	NA	NA	NA	NA	NA
ASV_1699	k__Fungi	p__Basidiomycota	NA	NA	NA	NA	NA
ASV_1700	k__Fungi	p__Ascomycota	c__Sordariomycetes	o__Hypocreales	f__Sarocladiaceae	g__Sarocladium	s__dejongiae
ASV_1701	k__Fungi	NA	NA	NA	NA	NA	NA
ASV_1702	k__Fungi	NA	NA	NA	NA	NA	NA
ASV_1703	k__Fungi	NA	NA	NA	NA	NA	NA
ASV_1704	k__Fungi	NA	NA	NA	NA	NA	NA
ASV_1705	k__Fungi	NA	NA	NA	NA	NA	NA
ASV_1706	k__Fungi	NA	NA	NA	NA	NA	NA
ASV_1707	k__Fungi	p__Basidiomycota	NA	NA	NA	NA	NA
ASV_1708	k__Fungi	NA	NA	NA	NA	NA	NA
ASV_1709	k__Fungi	NA	NA	NA	NA	NA	NA
ASV_1710	k__Fungi	p__Basidiomycota	c__Agaricomycetes	o__Agaricales	f__Psathyrellaceae	g__Coprinopsis	s__stercorea
ASV_1711	k__Fungi	NA	NA	NA	NA	NA	NA
ASV_1712	k__Fungi	p__Basidiomycota	NA	NA	NA	NA	NA
ASV_1713	k__Fungi	NA	NA	NA	NA	NA	NA
ASV_1714	k__Fungi	NA	NA	NA	NA	NA	NA
ASV_1715	k__Fungi	NA	NA	NA	NA	NA	NA
ASV_1716	k__Fungi	NA	NA	NA	NA	NA	NA
ASV_1717	k__Fungi	NA	NA	NA	NA	NA	NA
ASV_1718	k__Fungi	p__Basidiomycota	NA	NA	NA	NA	NA
ASV_1719	k__Fungi	p__Ascomycota	NA	NA	NA	NA	NA
ASV_1720	k__Fungi	p__Ascomycota	c__Leotiomycetes	o__Thelebolales	f__Pseudeurotiaceae	g__Pseudeurotiaceae_gen_Incertae_sedis	NA
ASV_1721	k__Fungi	NA	NA	NA	NA	NA	NA
ASV_1722	k__Fungi	NA	NA	NA	NA	NA	NA
ASV_1723	k__Fungi	NA	NA	NA	NA	NA	NA
ASV_1724	k__Fungi	p__Ascomycota	c__Arthoniomycetes	o__Lichenostigmatales	f__Phaeococcomycetaceae	g__Phaeococcomyces	s__mexicanus
ASV_1725	k__Fungi	p__Ascomycota	c__Saccharomycetes	o__Saccharomycetales	NA	NA	NA
ASV_1726	k__Fungi	p__Ascomycota	c__Sordariomycetes	o__Diaporthales	f__Foliocryphiaceae	g__Foliocryphia	s__eucalypti
ASV_1727	k__Fungi	p__Ascomycota	NA	NA	NA	NA	NA
ASV_1728	k__Fungi	NA	NA	NA	NA	NA	NA
ASV_1729	k__Fungi	NA	NA	NA	NA	NA	NA
ASV_1730	k__Fungi	NA	NA	NA	NA	NA	NA
ASV_1731	k__Fungi	NA	NA	NA	NA	NA	NA
ASV_1732	k__Fungi	p__Basidiomycota	NA	NA	NA	NA	NA
ASV_1733	k__Fungi	p__Basidiomycota	c__Malasseziomycetes	o__Malasseziales	f__Malasseziaceae	g__Malassezia	NA
ASV_1734	k__Fungi	p__Basidiomycota	c__Tremellomycetes	o__Tremellales	f__Trimorphomycetaceae	g__Saitozyma	s__paraflava
ASV_1735	k__Fungi	p__Ascomycota	c__Dothideomycetes	o__Mycosphaerellales	f__Mycosphaerellaceae	g__Zymoseptoria	NA
ASV_1736	k__Fungi	NA	NA	NA	NA	NA	NA
ASV_1737	k__Fungi	NA	NA	NA	NA	NA	NA
ASV_1738	k__Fungi	NA	NA	NA	NA	NA	NA
ASV_1739	k__Fungi	p__Basidiomycota	NA	NA	NA	NA	NA
ASV_1740	k__Fungi	NA	NA	NA	NA	NA	NA
ASV_1741	k__Fungi	NA	NA	NA	NA	NA	NA
ASV_1742	k__Fungi	p__Ascomycota	c__Lecanoromycetes	o__Ostropales	f__Stictidaceae	g__Karstenia	NA
ASV_1743	k__Fungi	p__Ascomycota	c__Saccharomycetes	o__Saccharomycetales	NA	NA	NA
ASV_1744	k__Fungi	p__Ascomycota	c__Saccharomycetes	o__Saccharomycetales	NA	NA	NA
ASV_1745	k__Fungi	NA	NA	NA	NA	NA	NA
ASV_1746	k__Fungi	NA	NA	NA	NA	NA	NA
ASV_1747	k__Fungi	NA	NA	NA	NA	NA	NA
ASV_1748	k__Fungi	p__Ascomycota	c__Taphrinomycetes	o__Taphrinales	f__Taphrinaceae	g__Taphrina	s__vestergrenii
ASV_1749	k__Fungi	p__Ascomycota	NA	NA	NA	NA	NA
ASV_1750	k__Fungi	NA	NA	NA	NA	NA	NA
ASV_1751	k__Fungi	p__Ascomycota	c__Saccharomycetes	o__Saccharomycetales	NA	NA	NA
ASV_1752	k__Fungi	NA	NA	NA	NA	NA	NA
ASV_1753	k__Fungi	NA	NA	NA	NA	NA	NA
ASV_1754	k__Fungi	p__Basidiomycota	c__Cystobasidiomycetes	o__Cystobasidiomycetes_ord_Incertae_sedis	NA	NA	NA
ASV_1755	k__Fungi	NA	NA	NA	NA	NA	NA
ASV_1756	k__Fungi	p__Basidiomycota	NA	NA	NA	NA	NA
ASV_1757	k__Fungi	p__Ascomycota	c__Dothideomycetes	o__Pleosporales	f__Sporormiaceae	g__Preussia	s__persica
ASV_1758	k__Fungi	p__Ascomycota	c__Sordariomycetes	o__Hypocreales	f__Sarocladiaceae	g__Sarocladium	s__dejongiae
ASV_1759	k__Fungi	p__Chytridiomycota	c__Spizellomycetes	o__Spizellomycetales	f__Spizellomycetales_fam_Incertae_sedis	g__Spizellomycetales_gen_Incertae_sedis	NA
ASV_1760	k__Fungi	NA	NA	NA	NA	NA	NA
ASV_1761	k__Fungi	NA	NA	NA	NA	NA	NA
ASV_1762	k__Fungi	NA	NA	NA	NA	NA	NA
ASV_1763	k__Fungi	NA	NA	NA	NA	NA	NA
ASV_1764	k__Fungi	NA	NA	NA	NA	NA	NA
ASV_1765	k__Fungi	p__Basidiomycota	NA	NA	NA	NA	NA
ASV_1766	k__Fungi	p__Ascomycota	c__Dothideomycetes	o__Dothideales	f__Saccotheciaceae	g__Selenophoma	s__mahoniae
ASV_1767	k__Fungi	p__Ascomycota	c__Sordariomycetes	NA	NA	NA	NA
ASV_1768	k__Fungi	p__Ascomycota	c__Saccharomycetes	o__Saccharomycetales	NA	NA	NA
ASV_1769	k__Fungi	p__Basidiomycota	NA	NA	NA	NA	NA
ASV_1770	k__Fungi	NA	NA	NA	NA	NA	NA
ASV_1771	k__Fungi	NA	NA	NA	NA	NA	NA
ASV_1772	k__Fungi	NA	NA	NA	NA	NA	NA
ASV_1773	k__Fungi	p__Ascomycota	c__Eurotiomycetes	o__Eurotiales	f__Aspergillaceae	g__Penicillium	NA
ASV_1774	k__Fungi	p__Ascomycota	c__Sordariomycetes	o__Xylariales	f__Xylariales_fam_Incertae_sedis	g__Fusidium	NA
ASV_1775	k__Fungi	NA	NA	NA	NA	NA	NA
ASV_1776	k__Fungi	p__Ascomycota	NA	NA	NA	NA	NA
ASV_1777	k__Fungi	NA	NA	NA	NA	NA	NA
ASV_1778	k__Fungi	p__Ascomycota	NA	NA	NA	NA	NA
ASV_1779	k__Fungi	NA	NA	NA	NA	NA	NA
ASV_1780	k__Fungi	NA	NA	NA	NA	NA	NA
ASV_1781	k__Fungi	NA	NA	NA	NA	NA	NA
ASV_1782	k__Fungi	NA	NA	NA	NA	NA	NA
ASV_1783	k__Fungi	p__Basidiomycota	NA	NA	NA	NA	NA
ASV_1784	k__Fungi	p__Ascomycota	c__Sordariomycetes	o__Amphisphaeriales	NA	NA	NA
ASV_1785	k__Fungi	p__Ascomycota	c__Dothideomycetes	o__Pleosporales	f__Nigrogranaceae	g__Nigrograna	NA
ASV_1786	k__Fungi	NA	NA	NA	NA	NA	NA
ASV_1787	k__Fungi	NA	NA	NA	NA	NA	NA
ASV_1788	k__Fungi	NA	NA	NA	NA	NA	NA
ASV_1789	k__Fungi	NA	NA	NA	NA	NA	NA
ASV_1790	k__Fungi	p__Ascomycota	NA	NA	NA	NA	NA
ASV_1791	k__Fungi	p__Basidiomycota	c__Tremellomycetes	o__Filobasidiales	f__Filobasidiaceae	g__Filobasidium	NA
ASV_1792	k__Fungi	p__Mortierellomycota	c__Mortierellomycetes	o__Mortierellales	f__Mortierellaceae	g__Mortierella	s__basiparvispora
ASV_1793	k__Fungi	p__Basidiomycota	NA	NA	NA	NA	NA
ASV_1794	k__Fungi	p__Ascomycota	c__Dothideomycetes	o__Pleosporales	f__Didymellaceae	g__Neoascochyta	s__tardicrescens
ASV_1795	k__Fungi	NA	NA	NA	NA	NA	NA
ASV_1796	k__Fungi	NA	NA	NA	NA	NA	NA
ASV_1797	k__Fungi	NA	NA	NA	NA	NA	NA
ASV_1798	k__Fungi	p__Basidiomycota	c__Tremellomycetes	o__Tremellales	f__Bulleribasidiaceae	g__Vishniacozyma	s__foliicola
ASV_1799	k__Fungi	p__Ascomycota	c__Dothideomycetes	o__Pleosporales	f__Phaeosphaeriaceae	g__Dactylidina	s__shoemakeri
ASV_1800	k__Fungi	p__Ascomycota	NA	NA	NA	NA	NA
ASV_1801	k__Fungi	NA	NA	NA	NA	NA	NA
ASV_1802	k__Fungi	NA	NA	NA	NA	NA	NA
ASV_1803	k__Fungi	NA	NA	NA	NA	NA	NA
ASV_1804	k__Fungi	NA	NA	NA	NA	NA	NA
ASV_1805	k__Fungi	NA	NA	NA	NA	NA	NA
ASV_1806	k__Fungi	p__Basidiomycota	NA	NA	NA	NA	NA
ASV_1807	k__Fungi	NA	NA	NA	NA	NA	NA
ASV_1808	k__Fungi	NA	NA	NA	NA	NA	NA
ASV_1809	k__Fungi	NA	NA	NA	NA	NA	NA
ASV_1810	k__Fungi	NA	NA	NA	NA	NA	NA
ASV_1811	k__Fungi	p__Ascomycota	c__Leotiomycetes	o__Helotiales	NA	NA	NA
ASV_1812	k__Fungi	p__Ascomycota	c__Saccharomycetes	o__Saccharomycetales	NA	NA	NA
ASV_1813	k__Fungi	p__Ascomycota	NA	NA	NA	NA	NA
ASV_1814	k__Fungi	NA	NA	NA	NA	NA	NA
ASV_1815	k__Fungi	p__Ascomycota	c__Saccharomycetes	o__Saccharomycetales	NA	NA	NA
ASV_1816	k__Fungi	p__Basidiomycota	NA	NA	NA	NA	NA
ASV_1817	k__Fungi	p__Basidiomycota	NA	NA	NA	NA	NA
ASV_1818	k__Fungi	NA	NA	NA	NA	NA	NA
ASV_1819	k__Fungi	p__Ascomycota	c__Sordariomycetes	o__Myrmecridiales	f__Myrmecridiaceae	g__Myrmecridium	s__phragmitis
ASV_1820	k__Fungi	p__Ascomycota	c__Saccharomycetes	o__Saccharomycetales	NA	NA	NA
ASV_1821	k__Fungi	p__Ascomycota	c__Saccharomycetes	o__Saccharomycetales	NA	NA	NA
ASV_1822	k__Fungi	NA	NA	NA	NA	NA	NA
ASV_1823	k__Fungi	NA	NA	NA	NA	NA	NA
ASV_1824	k__Fungi	NA	NA	NA	NA	NA	NA
ASV_1825	k__Fungi	NA	NA	NA	NA	NA	NA
ASV_1826	k__Fungi	p__Basidiomycota	NA	NA	NA	NA	NA
ASV_1827	k__Fungi	NA	NA	NA	NA	NA	NA
ASV_1828	k__Fungi	p__Basidiomycota	NA	NA	NA	NA	NA
ASV_1829	k__Fungi	p__Basidiomycota	NA	NA	NA	NA	NA
ASV_1830	k__Fungi	p__Ascomycota	c__Dothideomycetes	o__Mycosphaerellales	f__Mycosphaerellaceae	g__Ramularia	s__unterseheri
ASV_1831	k__Fungi	p__Basidiomycota	c__Tremellomycetes	NA	NA	NA	NA
ASV_1832	k__Fungi	p__Ascomycota	NA	NA	NA	NA	NA
ASV_1833	k__Fungi	p__Basidiomycota	NA	NA	NA	NA	NA
ASV_1834	k__Fungi	p__Ascomycota	c__Dothideomycetes	o__Mycosphaerellales	f__Teratosphaeriaceae	NA	NA
ASV_1835	k__Fungi	p__Ascomycota	c__Sordariomycetes	o__Hypocreales	NA	NA	NA
ASV_1836	k__Fungi	p__Ascomycota	c__Sordariomycetes	NA	NA	NA	NA
ASV_1837	k__Fungi	NA	NA	NA	NA	NA	NA
ASV_1838	k__Fungi	NA	NA	NA	NA	NA	NA
ASV_1839	k__Fungi	NA	NA	NA	NA	NA	NA
ASV_1840	k__Fungi	NA	NA	NA	NA	NA	NA
ASV_1841	k__Fungi	NA	NA	NA	NA	NA	NA
ASV_1842	k__Fungi	NA	NA	NA	NA	NA	NA
ASV_1843	k__Fungi	p__Basidiomycota	NA	NA	NA	NA	NA
ASV_1844	k__Fungi	NA	NA	NA	NA	NA	NA
ASV_1845	k__Fungi	NA	NA	NA	NA	NA	NA
ASV_1846	k__Fungi	p__Basidiomycota	c__Agaricomycetes	o__Trechisporales	f__Hydnodontaceae	g__Trechispora	NA
ASV_1847	k__Fungi	NA	NA	NA	NA	NA	NA
ASV_1848	k__Fungi	NA	NA	NA	NA	NA	NA
ASV_1849	k__Fungi	p__Ascomycota	NA	NA	NA	NA	NA
ASV_1850	k__Fungi	NA	NA	NA	NA	NA	NA
ASV_1851	k__Fungi	NA	NA	NA	NA	NA	NA
ASV_1852	k__Fungi	p__Basidiomycota	NA	NA	NA	NA	NA
ASV_1853	k__Fungi	NA	NA	NA	NA	NA	NA
ASV_1854	k__Fungi	NA	NA	NA	NA	NA	NA
ASV_1855	k__Fungi	p__Ascomycota	c__Pezizomycotina_cls_Incertae_sedis	o__Pezizomycotina_ord_Incertae_sedis	f__Pezizomycotina_fam_Incertae_sedis	g__Polylobatispora	NA
ASV_1856	k__Fungi	p__Ascomycota	c__Sordariomycetes	o__Hypocreales	NA	NA	NA
ASV_1857	k__Fungi	NA	NA	NA	NA	NA	NA
ASV_1858	k__Fungi	NA	NA	NA	NA	NA	NA
ASV_1859	k__Fungi	NA	NA	NA	NA	NA	NA
ASV_1860	k__Fungi	NA	NA	NA	NA	NA	NA
ASV_1861	k__Fungi	NA	NA	NA	NA	NA	NA
ASV_1862	k__Fungi	p__Basidiomycota	NA	NA	NA	NA	NA
ASV_1863	k__Fungi	p__Ascomycota	c__Dothideomycetes	o__Pleosporales	f__Periconiaceae	g__Periconia	s__verrucosa
ASV_1864	k__Fungi	p__Basidiomycota	c__Tremellomycetes	NA	NA	NA	NA
ASV_1865	k__Fungi	NA	NA	NA	NA	NA	NA
ASV_1866	k__Fungi	NA	NA	NA	NA	NA	NA
ASV_1867	k__Fungi	p__Ascomycota	c__Dothideomycetes	o__Pleosporales	f__Periconiaceae	g__Periconia	s__chimonanthi
ASV_1868	k__Fungi	NA	NA	NA	NA	NA	NA
ASV_1869	k__Fungi	NA	NA	NA	NA	NA	NA
ASV_1870	k__Fungi	NA	NA	NA	NA	NA	NA
ASV_1871	k__Fungi	NA	NA	NA	NA	NA	NA
ASV_1872	k__Fungi	p__Basidiomycota	NA	NA	NA	NA	NA
ASV_1873	k__Fungi	NA	NA	NA	NA	NA	NA
ASV_1874	k__Fungi	p__Ascomycota	c__Dothideomycetes	o__Pleosporales	f__Pleosporaceae	g__Alternaria	s__metachromatica
ASV_1875	k__Fungi	p__Ascomycota	NA	NA	NA	NA	NA
ASV_1876	k__Fungi	NA	NA	NA	NA	NA	NA
ASV_1877	k__Fungi	NA	NA	NA	NA	NA	NA
ASV_1878	k__Fungi	NA	NA	NA	NA	NA	NA
ASV_1879	k__Fungi	NA	NA	NA	NA	NA	NA
ASV_1880	k__Fungi	NA	NA	NA	NA	NA	NA
ASV_1881	k__Fungi	NA	NA	NA	NA	NA	NA
ASV_1882	k__Fungi	NA	NA	NA	NA	NA	NA
ASV_1883	k__Fungi	NA	NA	NA	NA	NA	NA
ASV_1884	k__Fungi	NA	NA	NA	NA	NA	NA
ASV_1885	k__Fungi	NA	NA	NA	NA	NA	NA
ASV_1886	k__Fungi	NA	NA	NA	NA	NA	NA
ASV_1887	k__Fungi	p__Basidiomycota	NA	NA	NA	NA	NA
ASV_1888	k__Fungi	p__Basidiomycota	NA	NA	NA	NA	NA
ASV_1889	k__Fungi	p__Ascomycota	c__Leotiomycetes	o__Helotiales	f__Myxotrichaceae	g__Oidiodendron	NA
ASV_1890	k__Fungi	p__Basidiomycota	NA	NA	NA	NA	NA
ASV_1891	k__Fungi	NA	NA	NA	NA	NA	NA
ASV_1892	k__Fungi	NA	NA	NA	NA	NA	NA
ASV_1893	k__Fungi	NA	NA	NA	NA	NA	NA
ASV_1894	k__Fungi	NA	NA	NA	NA	NA	NA
ASV_1895	k__Fungi	NA	NA	NA	NA	NA	NA
ASV_1896	k__Fungi	NA	NA	NA	NA	NA	NA
ASV_1897	k__Fungi	NA	NA	NA	NA	NA	NA
ASV_1898	k__Fungi	NA	NA	NA	NA	NA	NA
ASV_1899	k__Fungi	NA	NA	NA	NA	NA	NA
ASV_1900	k__Fungi	NA	NA	NA	NA	NA	NA
ASV_1901	k__Fungi	NA	NA	NA	NA	NA	NA
ASV_1902	k__Fungi	p__Ascomycota	c__Dothideomycetes	o__Pleosporales	f__Didymosphaeriaceae	g__Didymosphaeriaceae_gen_Incertae_sedis	NA
ASV_1903	k__Fungi	p__Ascomycota	c__Sordariomycetes	o__Hypocreales	f__Sarocladiaceae	g__Sarocladium	s__gamsii
ASV_1904	k__Fungi	NA	NA	NA	NA	NA	NA
ASV_1905	k__Fungi	NA	NA	NA	NA	NA	NA
ASV_1906	k__Fungi	p__Basidiomycota	NA	NA	NA	NA	NA
ASV_1907	k__Fungi	p__Ascomycota	NA	NA	NA	NA	NA
ASV_1908	k__Fungi	p__Ascomycota	c__Saccharomycetes	o__Saccharomycetales	NA	NA	NA
ASV_1909	k__Fungi	NA	NA	NA	NA	NA	NA
ASV_1910	k__Fungi	p__Basidiomycota	c__Agaricomycetes	o__Agaricales	f__Lycoperdaceae	g__Lycoperdon	s__pratense
ASV_1911	k__Fungi	p__Ascomycota	c__Dothideomycetes	o__Pleosporales	f__Massarinaceae	g__Stagonospora	NA
ASV_1912	k__Fungi	p__Ascomycota	c__Ascomycota_cls_Incertae_sedis	o__Ascomycota_ord_Incertae_sedis	f__Ascomycota_fam_Incertae_sedis	g__Volucrispora	s__graminea
ASV_1913	k__Fungi	p__Basidiomycota	NA	NA	NA	NA	NA
ASV_1914	k__Fungi	NA	NA	NA	NA	NA	NA
ASV_1915	k__Fungi	NA	NA	NA	NA	NA	NA
ASV_1916	k__Fungi	NA	NA	NA	NA	NA	NA
ASV_1917	k__Fungi	p__Ascomycota	NA	NA	NA	NA	NA
ASV_1918	k__Fungi	NA	NA	NA	NA	NA	NA
ASV_1919	k__Fungi	NA	NA	NA	NA	NA	NA
ASV_1920	k__Fungi	NA	NA	NA	NA	NA	NA
ASV_1921	k__Fungi	p__Ascomycota	NA	NA	NA	NA	NA
ASV_1922	k__Fungi	NA	NA	NA	NA	NA	NA
ASV_1923	k__Fungi	p__Basidiomycota	NA	NA	NA	NA	NA
ASV_1924	k__Fungi	NA	NA	NA	NA	NA	NA
ASV_1925	k__Fungi	p__Ascomycota	c__Saccharomycetes	o__Saccharomycetales	f__Saccharomycetaceae	g__Lachancea	s__waltii
ASV_1926	k__Fungi	p__Ascomycota	c__Dothideomycetes	o__Pleosporales	f__Phaeosphaeriaceae	g__Wojnowiciella	NA
ASV_1927	k__Fungi	p__Ascomycota	c__Eurotiomycetes	o__Chaetothyriales	f__Herpotrichiellaceae	g__Capronia	s__leucadendri
ASV_1928	k__Fungi	NA	NA	NA	NA	NA	NA
ASV_1929	k__Fungi	NA	NA	NA	NA	NA	NA
ASV_1930	k__Fungi	NA	NA	NA	NA	NA	NA
ASV_1931	k__Fungi	p__Basidiomycota	NA	NA	NA	NA	NA
ASV_1932	k__Fungi	p__Ascomycota	c__Dothideomycetes	o__Cladosporiales	f__Cladosporiaceae	g__Cladosporium	s__succulentum
ASV_1933	k__Fungi	p__Basidiomycota	c__Tremellomycetes	o__Tremellales	f__Bulleribasidiaceae	g__Dioszegia	s__rishiriensis
ASV_1934	k__Fungi	p__Ascomycota	NA	NA	NA	NA	NA
ASV_1935	k__Fungi	p__Basidiomycota	c__Agaricomycetes	o__Polyporales	f__Steccherinaceae	g__Steccherinum	s__bourdotii
ASV_1936	k__Fungi	p__Ascomycota	c__Saccharomycetes	o__Saccharomycetales	NA	NA	NA
ASV_1937	k__Fungi	NA	NA	NA	NA	NA	NA
ASV_1938	k__Fungi	NA	NA	NA	NA	NA	NA
ASV_1939	k__Fungi	NA	NA	NA	NA	NA	NA
ASV_1940	k__Fungi	NA	NA	NA	NA	NA	NA
ASV_1941	k__Fungi	NA	NA	NA	NA	NA	NA
ASV_1942	k__Fungi	NA	NA	NA	NA	NA	NA
ASV_1943	k__Fungi	p__Basidiomycota	NA	NA	NA	NA	NA
ASV_1944	k__Fungi	NA	NA	NA	NA	NA	NA
ASV_1945	k__Fungi	NA	NA	NA	NA	NA	NA
ASV_1946	k__Fungi	NA	NA	NA	NA	NA	NA
ASV_1947	k__Fungi	p__Ascomycota	c__Sordariomycetes	o__Hypocreales	f__Nectriaceae	g__Aphanocladium	s__album
ASV_1948	k__Fungi	p__Ascomycota	c__Sordariomycetes	o__Chaetosphaeriales	f__Chaetosphaeriaceae	NA	NA
ASV_1949	k__Fungi	p__Basidiomycota	c__Tremellomycetes	o__Cystofilobasidiales	f__Mrakiaceae	g__Itersonilia	s__pannonica
ASV_1950	k__Fungi	NA	NA	NA	NA	NA	NA
ASV_1951	k__Fungi	NA	NA	NA	NA	NA	NA
ASV_1952	k__Fungi	p__Ascomycota	c__Dothideomycetes	o__Pleosporales	f__Sporormiaceae	g__Sporormiella	s__intermedia
ASV_1953	k__Fungi	NA	NA	NA	NA	NA	NA
ASV_1954	k__Fungi	p__Basidiomycota	NA	NA	NA	NA	NA
ASV_1955	k__Fungi	p__Basidiomycota	NA	NA	NA	NA	NA
ASV_1956	k__Fungi	p__Basidiomycota	NA	NA	NA	NA	NA
ASV_1957	k__Fungi	NA	NA	NA	NA	NA	NA
ASV_1958	k__Fungi	p__Ascomycota	c__Saccharomycetes	o__Saccharomycetales	NA	NA	NA
ASV_1959	k__Fungi	p__Ascomycota	c__Dothideomycetes	o__Venturiales	f__Venturiaceae	g__Venturia	s__chinensis
ASV_1960	k__Fungi	NA	NA	NA	NA	NA	NA
ASV_1961	k__Fungi	p__Ascomycota	NA	NA	NA	NA	NA
ASV_1962	k__Fungi	p__Basidiomycota	NA	NA	NA	NA	NA
ASV_1963	k__Fungi	p__Basidiomycota	NA	NA	NA	NA	NA
ASV_1964	k__Fungi	p__Ascomycota	c__Sordariomycetes	o__Hypocreales	f__Cordycipitaceae	g__Beauveria	s__varroae
ASV_1965	k__Fungi	NA	NA	NA	NA	NA	NA
ASV_1966	k__Fungi	p__Ascomycota	c__Saccharomycetes	o__Saccharomycetales	NA	NA	NA
ASV_1967	k__Fungi	p__Ascomycota	NA	NA	NA	NA	NA
ASV_1968	k__Fungi	NA	NA	NA	NA	NA	NA
ASV_1969	k__Fungi	NA	NA	NA	NA	NA	NA
ASV_1970	k__Fungi	p__Basidiomycota	NA	NA	NA	NA	NA
ASV_1971	k__Fungi	p__Basidiomycota	NA	NA	NA	NA	NA
ASV_1972	k__Fungi	NA	NA	NA	NA	NA	NA
ASV_1973	k__Fungi	NA	NA	NA	NA	NA	NA
ASV_1974	k__Fungi	p__Basidiomycota	NA	NA	NA	NA	NA
ASV_1975	k__Fungi	NA	NA	NA	NA	NA	NA
ASV_1976	k__Fungi	NA	NA	NA	NA	NA	NA
ASV_1977	k__Fungi	p__Basidiomycota	NA	NA	NA	NA	NA
ASV_1978	k__Fungi	p__Basidiomycota	NA	NA	NA	NA	NA
ASV_1979	k__Fungi	p__Basidiomycota	NA	NA	NA	NA	NA
ASV_1980	k__Fungi	p__Ascomycota	c__Saccharomycetes	o__Saccharomycetales	NA	NA	NA
ASV_1981	k__Fungi	NA	NA	NA	NA	NA	NA
ASV_1982	k__Fungi	NA	NA	NA	NA	NA	NA
ASV_1983	k__Fungi	NA	NA	NA	NA	NA	NA
ASV_1984	k__Fungi	NA	NA	NA	NA	NA	NA
ASV_1985	k__Fungi	NA	NA	NA	NA	NA	NA
ASV_1986	k__Fungi	p__Basidiomycota	c__Agaricomycetes	o__Agaricales	f__Mycenaceae	g__Mycena	s__sanguinolenta
ASV_1987	k__Fungi	NA	NA	NA	NA	NA	NA
ASV_1988	k__Fungi	NA	NA	NA	NA	NA	NA
ASV_1989	k__Fungi	NA	NA	NA	NA	NA	NA
ASV_1990	k__Fungi	NA	NA	NA	NA	NA	NA
ASV_1991	k__Fungi	p__Ascomycota	c__Saccharomycetes	o__Saccharomycetales	NA	NA	NA
ASV_1992	k__Fungi	p__Ascomycota	NA	NA	NA	NA	NA
ASV_1993	k__Fungi	p__Ascomycota	c__Sordariomycetes	o__Hypocreales	f__Stachybotryaceae	g__Alfaria	s__putrefolia
ASV_1994	k__Fungi	NA	NA	NA	NA	NA	NA
ASV_1995	k__Fungi	NA	NA	NA	NA	NA	NA
ASV_1996	k__Fungi	NA	NA	NA	NA	NA	NA
ASV_1997	k__Fungi	p__Basidiomycota	c__Tremellomycetes	o__Tremellales	f__Bulleribasidiaceae	g__Dioszegia	s__fristingensis
ASV_1998	k__Fungi	p__Ascomycota	c__Saccharomycetes	o__Saccharomycetales	NA	NA	NA
ASV_1999	k__Fungi	NA	NA	NA	NA	NA	NA
ASV_2000	k__Fungi	p__Ascomycota	NA	NA	NA	NA	NA
ASV_2001	k__Fungi	NA	NA	NA	NA	NA	NA
ASV_2002	k__Fungi	NA	NA	NA	NA	NA	NA
ASV_2003	k__Fungi	NA	NA	NA	NA	NA	NA
ASV_2004	k__Fungi	NA	NA	NA	NA	NA	NA
ASV_2005	k__Fungi	p__Basidiomycota	NA	NA	NA	NA	NA
ASV_2006	k__Fungi	p__Basidiomycota	NA	NA	NA	NA	NA
ASV_2007	k__Fungi	p__Basidiomycota	c__Malasseziomycetes	o__Malasseziales	f__Malasseziaceae	g__Malassezia	NA
ASV_2008	k__Fungi	p__Basidiomycota	NA	NA	NA	NA	NA
ASV_2009	k__Fungi	p__Ascomycota	c__Leotiomycetes	o__Helotiales	f__Myxotrichaceae	g__Oidiodendron	s__myxotrichoides
ASV_2010	k__Fungi	p__Ascomycota	NA	NA	NA	NA	NA
ASV_2011	k__Fungi	p__Ascomycota	c__Leotiomycetes	o__Helotiales	f__Mollisiaceae	g__Mollisiaceae_gen_Incertae_sedis	NA
ASV_2012	k__Fungi	p__Basidiomycota	c__Agaricomycetes	o__Boletales	f__Serpulaceae	g__Serpula	s__himantioides
ASV_2013	k__Fungi	NA	NA	NA	NA	NA	NA
ASV_2014	k__Fungi	NA	NA	NA	NA	NA	NA
ASV_2015	k__Fungi	p__Ascomycota	c__Saccharomycetes	o__Saccharomycetales	NA	NA	NA
ASV_2016	k__Fungi	NA	NA	NA	NA	NA	NA
ASV_2017	k__Fungi	NA	NA	NA	NA	NA	NA
ASV_2018	k__Fungi	NA	NA	NA	NA	NA	NA
ASV_2019	k__Fungi	NA	NA	NA	NA	NA	NA
ASV_2020	k__Fungi	NA	NA	NA	NA	NA	NA
ASV_2021	k__Fungi	NA	NA	NA	NA	NA	NA
ASV_2022	k__Fungi	NA	NA	NA	NA	NA	NA
ASV_2023	k__Fungi	NA	NA	NA	NA	NA	NA
ASV_2024	k__Fungi	NA	NA	NA	NA	NA	NA
ASV_2025	k__Fungi	NA	NA	NA	NA	NA	NA
ASV_2026	k__Fungi	p__Basidiomycota	c__Tremellomycetes	o__Cystofilobasidiales	f__Cystofilobasidiaceae	g__Cystofilobasidium	s__macerans
ASV_2027	k__Fungi	p__Ascomycota	c__Saccharomycetes	o__Saccharomycetales	NA	NA	NA
ASV_2028	k__Fungi	NA	NA	NA	NA	NA	NA
ASV_2029	k__Fungi	p__Ascomycota	NA	NA	NA	NA	NA
ASV_2030	k__Fungi	NA	NA	NA	NA	NA	NA
ASV_2031	k__Fungi	p__Basidiomycota	NA	NA	NA	NA	NA
ASV_2032	k__Fungi	NA	NA	NA	NA	NA	NA
ASV_2033	k__Fungi	NA	NA	NA	NA	NA	NA
ASV_2034	k__Fungi	NA	NA	NA	NA	NA	NA
ASV_2035	k__Fungi	NA	NA	NA	NA	NA	NA
ASV_2036	k__Fungi	p__Ascomycota	c__Saccharomycetes	o__Saccharomycetales	f__Saccharomycetaceae	g__Kazachstania	s__servazzii
ASV_2037	k__Fungi	p__Basidiomycota	c__Malasseziomycetes	o__Malasseziales	f__Malasseziaceae	g__Malassezia	s__restricta
ASV_2038	k__Fungi	NA	NA	NA	NA	NA	NA
ASV_2039	k__Fungi	p__Basidiomycota	NA	NA	NA	NA	NA
ASV_2040	k__Fungi	p__Ascomycota	c__Sordariomycetes	o__Ophiostomatales	f__Ophiostomataceae	g__Sporothrix	s__sclerotialis
ASV_2041	k__Fungi	p__Ascomycota	NA	NA	NA	NA	NA
ASV_2042	k__Fungi	NA	NA	NA	NA	NA	NA
ASV_2043	k__Fungi	p__Ascomycota	NA	NA	NA	NA	NA
ASV_2044	k__Fungi	p__Basidiomycota	c__Malasseziomycetes	o__Malasseziales	f__Malasseziaceae	g__Malassezia	s__globosa
ASV_2045	k__Fungi	NA	NA	NA	NA	NA	NA
ASV_2046	k__Fungi	NA	NA	NA	NA	NA	NA
ASV_2047	k__Fungi	NA	NA	NA	NA	NA	NA
ASV_2048	k__Fungi	NA	NA	NA	NA	NA	NA
ASV_2049	k__Fungi	p__Ascomycota	c__Sordariomycetes	o__Hypocreales	f__Clavicipitaceae	g__Claviceps	s__arundinis
ASV_2050	k__Fungi	p__Basidiomycota	NA	NA	NA	NA	NA
ASV_2051	k__Fungi	NA	NA	NA	NA	NA	NA
ASV_2052	k__Fungi	p__Ascomycota	c__Saccharomycetes	o__Saccharomycetales	f__Saccharomycodaceae	g__Hanseniaspora	s__uvarum
ASV_2053	k__Fungi	p__Basidiomycota	NA	NA	NA	NA	NA
ASV_2054	k__Fungi	p__Basidiomycota	NA	NA	NA	NA	NA
ASV_2055	k__Fungi	p__Mortierellomycota	c__Mortierellomycetes	o__Mortierellales	f__Mortierellaceae	g__Linnemannia	s__hyalina
ASV_2056	k__Fungi	NA	NA	NA	NA	NA	NA
ASV_2057	k__Fungi	p__Ascomycota	c__Saccharomycetes	o__Saccharomycetales	NA	NA	NA
ASV_2058	k__Fungi	NA	NA	NA	NA	NA	NA
ASV_2059	k__Fungi	NA	NA	NA	NA	NA	NA
ASV_2060	k__Fungi	NA	NA	NA	NA	NA	NA
ASV_2061	k__Fungi	NA	NA	NA	NA	NA	NA
ASV_2062	k__Fungi	NA	NA	NA	NA	NA	NA
ASV_2063	k__Fungi	p__Basidiomycota	NA	NA	NA	NA	NA
ASV_2064	k__Fungi	NA	NA	NA	NA	NA	NA
ASV_2065	k__Fungi	p__Ascomycota	c__Eurotiomycetes	o__Arachnomycetales	f__Arachnomycetaceae	g__Arachnomyces	NA
ASV_2066	k__Fungi	p__Ascomycota	c__Eurotiomycetes	NA	NA	NA	NA
ASV_2067	k__Fungi	p__Ascomycota	NA	NA	NA	NA	NA
ASV_2068	k__Fungi	p__Mortierellomycota	c__Mortierellomycetes	o__Mortierellales	f__Mortierellaceae	g__Mortierella	s__rishikesha
ASV_2069	k__Fungi	NA	NA	NA	NA	NA	NA
ASV_2070	k__Fungi	p__Ascomycota	c__Saccharomycetes	o__Saccharomycetales	NA	NA	NA
ASV_2071	k__Fungi	NA	NA	NA	NA	NA	NA
ASV_2072	k__Fungi	NA	NA	NA	NA	NA	NA
ASV_2073	k__Fungi	NA	NA	NA	NA	NA	NA
ASV_2074	k__Fungi	NA	NA	NA	NA	NA	NA
ASV_2075	k__Fungi	NA	NA	NA	NA	NA	NA
ASV_2076	k__Fungi	NA	NA	NA	NA	NA	NA
ASV_2077	k__Fungi	NA	NA	NA	NA	NA	NA
ASV_2078	k__Fungi	NA	NA	NA	NA	NA	NA
ASV_2079	k__Fungi	NA	NA	NA	NA	NA	NA
ASV_2080	k__Fungi	NA	NA	NA	NA	NA	NA
ASV_2081	k__Fungi	p__Basidiomycota	NA	NA	NA	NA	NA
ASV_2082	k__Fungi	NA	NA	NA	NA	NA	NA
ASV_2083	k__Fungi	p__Basidiomycota	c__Malasseziomycetes	o__Malasseziales	f__Malasseziaceae	g__Malassezia	NA
ASV_2084	k__Fungi	p__Ascomycota	c__Dothideomycetes	o__Venturiales	f__Cylindrosympodiaceae	g__Sympodiella	NA
ASV_2085	k__Fungi	p__Ascomycota	c__Saccharomycetes	o__Saccharomycetales	NA	NA	NA
ASV_2086	k__Fungi	p__Ascomycota	c__Saccharomycetes	o__Saccharomycetales	NA	NA	NA
ASV_2087	k__Fungi	NA	NA	NA	NA	NA	NA
ASV_2088	k__Fungi	NA	NA	NA	NA	NA	NA
ASV_2089	k__Fungi	NA	NA	NA	NA	NA	NA
ASV_2090	k__Fungi	NA	NA	NA	NA	NA	NA
ASV_2091	k__Fungi	NA	NA	NA	NA	NA	NA
ASV_2092	k__Fungi	NA	NA	NA	NA	NA	NA
ASV_2093	k__Fungi	NA	NA	NA	NA	NA	NA
ASV_2094	k__Fungi	NA	NA	NA	NA	NA	NA
ASV_2095	k__Fungi	p__Basidiomycota	c__Microbotryomycetes	o__Leucosporidiales	f__Leucosporidiaceae	g__Leucosporidium	s__fragarium
ASV_2096	k__Fungi	p__Ascomycota	c__Dothideomycetes	o__Pleosporales	f__Didymosphaeriaceae	g__Pseudopithomyces	s__chartarum
ASV_2097	k__Fungi	p__Mucoromycota	c__Mucoromycetes	o__Mucorales	f__Mucoraceae	g__Mucoraceae_gen_Incertae_sedis	NA
ASV_2098	k__Fungi	p__Ascomycota	NA	NA	NA	NA	NA
ASV_2099	k__Fungi	NA	NA	NA	NA	NA	NA
ASV_2100	k__Fungi	NA	NA	NA	NA	NA	NA
ASV_2101	k__Fungi	NA	NA	NA	NA	NA	NA
ASV_2102	k__Fungi	NA	NA	NA	NA	NA	NA
ASV_2103	k__Fungi	NA	NA	NA	NA	NA	NA
ASV_2104	k__Fungi	NA	NA	NA	NA	NA	NA
ASV_2105	k__Fungi	NA	NA	NA	NA	NA	NA
ASV_2106	k__Fungi	NA	NA	NA	NA	NA	NA
ASV_2107	k__Fungi	NA	NA	NA	NA	NA	NA
ASV_2108	k__Fungi	p__Ascomycota	NA	NA	NA	NA	NA
ASV_2109	k__Fungi	NA	NA	NA	NA	NA	NA
ASV_2110	k__Fungi	NA	NA	NA	NA	NA	NA
ASV_2111	k__Fungi	p__Basidiomycota	c__Agaricomycetes	o__Agaricales	f__Strophariaceae	g__Protostropharia	s__semiglobata
ASV_2112	k__Fungi	p__Basidiomycota	NA	NA	NA	NA	NA
ASV_2113	k__Fungi	NA	NA	NA	NA	NA	NA
ASV_2114	k__Fungi	p__Basidiomycota	c__Tremellomycetes	o__Tremellales	f__Cuniculitremaceae	g__Kockovaella	s__prillingeri
ASV_2115	k__Fungi	NA	NA	NA	NA	NA	NA
ASV_2116	k__Fungi	p__Ascomycota	NA	NA	NA	NA	NA
ASV_2117	k__Fungi	NA	NA	NA	NA	NA	NA
ASV_2118	k__Fungi	NA	NA	NA	NA	NA	NA
ASV_2119	k__Fungi	NA	NA	NA	NA	NA	NA
ASV_2120	k__Fungi	NA	NA	NA	NA	NA	NA
ASV_2121	k__Fungi	NA	NA	NA	NA	NA	NA
ASV_2122	k__Fungi	p__Ascomycota	NA	NA	NA	NA	NA
ASV_2123	k__Fungi	NA	NA	NA	NA	NA	NA
ASV_2124	k__Fungi	NA	NA	NA	NA	NA	NA
ASV_2125	k__Fungi	NA	NA	NA	NA	NA	NA
ASV_2126	k__Fungi	NA	NA	NA	NA	NA	NA
ASV_2127	k__Fungi	NA	NA	NA	NA	NA	NA
ASV_2128	k__Fungi	NA	NA	NA	NA	NA	NA
ASV_2129	k__Fungi	p__Basidiomycota	NA	NA	NA	NA	NA
ASV_2130	k__Fungi	NA	NA	NA	NA	NA	NA
ASV_2131	k__Fungi	p__Basidiomycota	NA	NA	NA	NA	NA
ASV_2132	k__Fungi	NA	NA	NA	NA	NA	NA
ASV_2133	k__Fungi	p__Basidiomycota	c__Tremellomycetes	o__Tremellales	f__Bulleribasidiaceae	g__Vishniacozyma	s__dimennae
ASV_2134	k__Fungi	NA	NA	NA	NA	NA	NA
ASV_2135	k__Fungi	p__Ascomycota	c__Eurotiomycetes	o__Eurotiales	f__Aspergillaceae	g__Penicillium	s__antarcticum
ASV_2136	k__Fungi	NA	NA	NA	NA	NA	NA
ASV_2137	k__Fungi	NA	NA	NA	NA	NA	NA
ASV_2138	k__Fungi	NA	NA	NA	NA	NA	NA
ASV_2139	k__Fungi	p__Ascomycota	NA	NA	NA	NA	NA
ASV_2140	k__Fungi	NA	NA	NA	NA	NA	NA
ASV_2141	k__Fungi	p__Ascomycota	c__Saccharomycetes	o__Saccharomycetales	NA	NA	NA
ASV_2142	k__Fungi	NA	NA	NA	NA	NA	NA
ASV_2143	k__Fungi	NA	NA	NA	NA	NA	NA
ASV_2144	k__Fungi	p__Basidiomycota	NA	NA	NA	NA	NA
ASV_2145	k__Fungi	NA	NA	NA	NA	NA	NA
ASV_2146	k__Fungi	NA	NA	NA	NA	NA	NA
ASV_2147	k__Fungi	NA	NA	NA	NA	NA	NA
ASV_2148	k__Fungi	p__Basidiomycota	NA	NA	NA	NA	NA
ASV_2149	k__Fungi	NA	NA	NA	NA	NA	NA
ASV_2150	k__Fungi	p__Basidiomycota	c__Agaricomycetes	o__Agaricales	f__Strophariaceae	g__Stropharia	s__inuncta
ASV_2151	k__Fungi	NA	NA	NA	NA	NA	NA
ASV_2152	k__Fungi	p__Basidiomycota	c__Agaricomycetes	o__Cantharellales	f__Ceratobasidiaceae	g__Ceratobasidiaceae_gen_Incertae_sedis	NA
ASV_2153	k__Fungi	NA	NA	NA	NA	NA	NA
ASV_2154	k__Fungi	p__Ascomycota	c__Saccharomycetes	o__Saccharomycetales	NA	NA	NA
ASV_2155	k__Fungi	NA	NA	NA	NA	NA	NA
ASV_2156	k__Fungi	p__Ascomycota	NA	NA	NA	NA	NA
ASV_2157	k__Fungi	p__Basidiomycota	NA	NA	NA	NA	NA
ASV_2158	k__Fungi	NA	NA	NA	NA	NA	NA
ASV_2159	k__Fungi	p__Basidiomycota	NA	NA	NA	NA	NA
ASV_2160	k__Fungi	p__Basidiomycota	NA	NA	NA	NA	NA
ASV_2161	k__Fungi	p__Ascomycota	c__Eurotiomycetes	o__Eurotiales	f__Aspergillaceae	g__Penicillium	s__ferraniaense
ASV_2162	k__Fungi	NA	NA	NA	NA	NA	NA
ASV_2163	k__Fungi	p__Basidiomycota	c__Agaricomycetes	o__Trechisporales	f__Hydnodontaceae	g__Trechispora	NA
ASV_2164	k__Fungi	NA	NA	NA	NA	NA	NA
ASV_2165	k__Fungi	p__Ascomycota	NA	NA	NA	NA	NA
ASV_2166	k__Fungi	NA	NA	NA	NA	NA	NA
ASV_2167	k__Fungi	p__Basidiomycota	NA	NA	NA	NA	NA
ASV_2168	k__Fungi	NA	NA	NA	NA	NA	NA
ASV_2169	k__Fungi	p__Basidiomycota	NA	NA	NA	NA	NA
ASV_2170	k__Fungi	NA	NA	NA	NA	NA	NA
ASV_2171	k__Fungi	NA	NA	NA	NA	NA	NA
ASV_2172	k__Fungi	p__Basidiomycota	NA	NA	NA	NA	NA
ASV_2173	k__Fungi	p__Basidiomycota	NA	NA	NA	NA	NA
ASV_2174	k__Fungi	p__Basidiomycota	NA	NA	NA	NA	NA
ASV_2175	k__Fungi	p__Ascomycota	c__Dothideomycetes	o__Mycosphaerellales	f__Extremaceae	g__Paradevriesia	s__pseudoamericana
ASV_2176	k__Fungi	NA	NA	NA	NA	NA	NA
ASV_2177	k__Fungi	NA	NA	NA	NA	NA	NA
ASV_2178	k__Fungi	NA	NA	NA	NA	NA	NA
ASV_2179	k__Fungi	NA	NA	NA	NA	NA	NA
ASV_2180	k__Fungi	p__Ascomycota	c__Saccharomycetes	o__Saccharomycetales	NA	NA	NA
ASV_2181	k__Fungi	NA	NA	NA	NA	NA	NA
ASV_2182	k__Fungi	NA	NA	NA	NA	NA	NA
ASV_2183	k__Fungi	NA	NA	NA	NA	NA	NA
ASV_2184	k__Fungi	NA	NA	NA	NA	NA	NA
ASV_2185	k__Fungi	p__Basidiomycota	NA	NA	NA	NA	NA
ASV_2186	k__Fungi	NA	NA	NA	NA	NA	NA
ASV_2187	k__Fungi	p__Basidiomycota	c__Tremellomycetes	o__Filobasidiales	f__Filobasidiaceae	g__Filobasidium	s__oeirense
ASV_2188	k__Fungi	NA	NA	NA	NA	NA	NA
ASV_2189	k__Fungi	NA	NA	NA	NA	NA	NA
ASV_2190	k__Fungi	NA	NA	NA	NA	NA	NA
ASV_2191	k__Fungi	p__Ascomycota	NA	NA	NA	NA	NA
ASV_2192	k__Fungi	p__Ascomycota	c__Saccharomycetes	o__Saccharomycetales	NA	NA	NA
ASV_2193	k__Fungi	NA	NA	NA	NA	NA	NA
ASV_2194	k__Fungi	NA	NA	NA	NA	NA	NA
ASV_2195	k__Fungi	p__Basidiomycota	NA	NA	NA	NA	NA
ASV_2196	k__Fungi	p__Ascomycota	c__Dothideomycetes	o__Pleosporales	f__Didymellaceae	g__Neoascochyta	s__desmazieri
ASV_2197	k__Fungi	p__Ascomycota	c__Sordariomycetes	o__Amphisphaeriales	NA	NA	NA
ASV_2198	k__Fungi	p__Ascomycota	c__Leotiomycetes	NA	NA	NA	NA
ASV_2199	k__Fungi	p__Ascomycota	c__Sordariomycetes	o__Hypocreales	f__Sarocladiaceae	g__Sarocladium	s__summerbellii
ASV_2200	k__Fungi	p__Ascomycota	c__Sordariomycetes	o__Hypocreales	f__Bionectriaceae	NA	NA
ASV_2201	k__Fungi	p__Ascomycota	c__Sordariomycetes	o__Glomerellales	f__Plectosphaerellaceae	g__Plectosphaerellaceae_gen_Incertae_sedis	NA
ASV_2202	k__Fungi	NA	NA	NA	NA	NA	NA
ASV_2203	k__Fungi	p__Ascomycota	c__Dothideomycetes	o__Mycosphaerellales	f__Mycosphaerellaceae	NA	NA
ASV_2204	k__Fungi	p__Ascomycota	c__Sordariomycetes	o__Hypocreales	NA	NA	NA
ASV_2205	k__Fungi	p__Ascomycota	NA	NA	NA	NA	NA
ASV_2206	k__Fungi	p__Ascomycota	c__Saccharomycetes	o__Saccharomycetales	NA	NA	NA
ASV_2207	k__Fungi	NA	NA	NA	NA	NA	NA
ASV_2208	k__Fungi	NA	NA	NA	NA	NA	NA
ASV_2209	k__Fungi	p__Basidiomycota	NA	NA	NA	NA	NA
ASV_2210	k__Fungi	p__Basidiomycota	NA	NA	NA	NA	NA
ASV_2211	k__Fungi	p__Ascomycota	c__Dothideomycetes	o__Pleosporales	f__Didymosphaeriaceae	g__Paraphaeosphaeria	s__neglecta
ASV_2212	k__Fungi	p__Ascomycota	c__Leotiomycetes	o__Helotiales	f__Myxotrichaceae	g__Oidiodendron	s__truncatum
ASV_2213	k__Fungi	p__Basidiomycota	NA	NA	NA	NA	NA
ASV_2214	k__Fungi	p__Basidiomycota	NA	NA	NA	NA	NA
ASV_2215	k__Fungi	p__Basidiomycota	c__Ustilaginomycetes	o__Ustilaginales	f__Anthracoideaceae	g__Farysia	s__acheniorum
ASV_2216	k__Fungi	NA	NA	NA	NA	NA	NA
ASV_2217	k__Fungi	NA	NA	NA	NA	NA	NA
ASV_2218	k__Fungi	NA	NA	NA	NA	NA	NA
ASV_2219	k__Fungi	NA	NA	NA	NA	NA	NA
ASV_2220	k__Fungi	NA	NA	NA	NA	NA	NA
ASV_2221	k__Fungi	NA	NA	NA	NA	NA	NA
ASV_2222	k__Fungi	NA	NA	NA	NA	NA	NA
ASV_2223	k__Fungi	NA	NA	NA	NA	NA	NA
ASV_2224	k__Fungi	NA	NA	NA	NA	NA	NA
ASV_2225	k__Fungi	NA	NA	NA	NA	NA	NA
ASV_2226	k__Fungi	NA	NA	NA	NA	NA	NA
ASV_2227	k__Fungi	NA	NA	NA	NA	NA	NA
ASV_2228	k__Fungi	NA	NA	NA	NA	NA	NA
ASV_2229	k__Fungi	p__Basidiomycota	NA	NA	NA	NA	NA
ASV_2230	k__Fungi	p__Ascomycota	c__Leotiomycetes	o__Thelebolales	f__Thelebolaceae	g__Thelebolus	s__globosus
ASV_2231	k__Fungi	p__Ascomycota	c__Leotiomycetes	o__Helotiales	f__Helotiaceae	NA	NA
ASV_2232	k__Fungi	p__Ascomycota	c__Sordariomycetes	o__Chaetosphaeriales	f__Chaetosphaeriaceae	g__Chaetosphaeria	s__myriocarpa
ASV_2233	k__Fungi	NA	NA	NA	NA	NA	NA
ASV_2234	k__Fungi	NA	NA	NA	NA	NA	NA
ASV_2235	k__Fungi	NA	NA	NA	NA	NA	NA
ASV_2236	k__Fungi	NA	NA	NA	NA	NA	NA
ASV_2237	k__Fungi	p__Ascomycota	c__Saccharomycetes	o__Saccharomycetales	NA	NA	NA
ASV_2238	k__Fungi	NA	NA	NA	NA	NA	NA
ASV_2239	k__Fungi	NA	NA	NA	NA	NA	NA
ASV_2240	k__Fungi	NA	NA	NA	NA	NA	NA
ASV_2241	k__Fungi	NA	NA	NA	NA	NA	NA
ASV_2242	k__Fungi	NA	NA	NA	NA	NA	NA
ASV_2243	k__Fungi	NA	NA	NA	NA	NA	NA
ASV_2244	k__Fungi	NA	NA	NA	NA	NA	NA
ASV_2245	k__Fungi	NA	NA	NA	NA	NA	NA
ASV_2246	k__Fungi	p__Ascomycota	c__Sordariomycetes	o__Hypocreales	NA	NA	NA
ASV_2247	k__Fungi	NA	NA	NA	NA	NA	NA
ASV_2248	k__Fungi	NA	NA	NA	NA	NA	NA
ASV_2249	k__Fungi	NA	NA	NA	NA	NA	NA
ASV_2250	k__Fungi	NA	NA	NA	NA	NA	NA
ASV_2251	k__Fungi	NA	NA	NA	NA	NA	NA
ASV_2252	k__Fungi	NA	NA	NA	NA	NA	NA
ASV_2253	k__Fungi	NA	NA	NA	NA	NA	NA
ASV_2254	k__Fungi	NA	NA	NA	NA	NA	NA
ASV_2255	k__Fungi	NA	NA	NA	NA	NA	NA
ASV_2256	k__Fungi	NA	NA	NA	NA	NA	NA
ASV_2257	k__Fungi	p__Basidiomycota	NA	NA	NA	NA	NA
ASV_2258	k__Fungi	p__Ascomycota	c__Leotiomycetes	o__Helotiales	f__Pezizellaceae	g__Calycina	s__crassipes
ASV_2259	k__Fungi	p__Basidiomycota	NA	NA	NA	NA	NA
ASV_2260	k__Fungi	p__Mortierellomycota	c__Mortierellomycetes	o__Mortierellales	f__Mortierellaceae	g__Mortierella	s__bisporalis
ASV_2261	k__Fungi	p__Ascomycota	c__Sordariomycetes	o__Hypocreales	NA	NA	NA
ASV_2262	k__Fungi	p__Ascomycota	c__Dothideomycetes	o__Cladosporiales	f__Cladosporiaceae	g__Cladosporium	s__herbarum
ASV_2263	k__Fungi	NA	NA	NA	NA	NA	NA
ASV_2264	k__Fungi	NA	NA	NA	NA	NA	NA
ASV_2265	k__Fungi	NA	NA	NA	NA	NA	NA
ASV_2266	k__Fungi	NA	NA	NA	NA	NA	NA
ASV_2267	k__Fungi	p__Ascomycota	c__Dothideomycetes	o__Cladosporiales	f__Cladosporiaceae	g__Cladosporium	s__herbarum
ASV_2268	k__Fungi	p__Ascomycota	c__Saccharomycetes	o__Saccharomycetales	NA	NA	NA
ASV_2269	k__Fungi	NA	NA	NA	NA	NA	NA
ASV_2270	k__Fungi	p__Ascomycota	NA	NA	NA	NA	NA
ASV_2271	k__Fungi	NA	NA	NA	NA	NA	NA
ASV_2272	k__Fungi	NA	NA	NA	NA	NA	NA
ASV_2273	k__Fungi	NA	NA	NA	NA	NA	NA
ASV_2274	k__Fungi	NA	NA	NA	NA	NA	NA
ASV_2275	k__Fungi	NA	NA	NA	NA	NA	NA
ASV_2276	k__Fungi	NA	NA	NA	NA	NA	NA
ASV_2277	k__Fungi	p__Ascomycota	c__Saccharomycetes	o__Saccharomycetales	NA	NA	NA
ASV_2278	k__Fungi	NA	NA	NA	NA	NA	NA
ASV_2279	k__Fungi	NA	NA	NA	NA	NA	NA
ASV_2280	k__Fungi	NA	NA	NA	NA	NA	NA
ASV_2281	k__Fungi	p__Basidiomycota	NA	NA	NA	NA	NA
ASV_2282	k__Fungi	NA	NA	NA	NA	NA	NA
ASV_2283	k__Fungi	p__Basidiomycota	NA	NA	NA	NA	NA
ASV_2284	k__Fungi	NA	NA	NA	NA	NA	NA
ASV_2285	k__Fungi	p__Ascomycota	c__Sordariomycetes	o__Hypocreales	f__Bionectriaceae	g__Acremonium	s__persicinum
ASV_2286	k__Fungi	p__Mortierellomycota	c__Mortierellomycetes	o__Mortierellales	f__Mortierellaceae	g__Linnemannia	s__gamsii
ASV_2287	k__Fungi	p__Ascomycota	c__Leotiomycetes	o__Thelebolales	f__Pseudeurotiaceae	g__Geomyces	s__auratus
ASV_2288	k__Fungi	p__Ascomycota	c__Sordariomycetes	o__Amphisphaeriales	NA	NA	NA
ASV_2289	k__Fungi	NA	NA	NA	NA	NA	NA
ASV_2290	k__Fungi	NA	NA	NA	NA	NA	NA
ASV_2291	k__Fungi	p__Ascomycota	c__Leotiomycetes	o__Helotiales	NA	NA	NA
ASV_2292	k__Fungi	NA	NA	NA	NA	NA	NA
ASV_2293	k__Fungi	p__Ascomycota	c__Saccharomycetes	o__Saccharomycetales	NA	NA	NA
ASV_2294	k__Fungi	NA	NA	NA	NA	NA	NA
ASV_2295	k__Fungi	NA	NA	NA	NA	NA	NA
ASV_2296	k__Fungi	NA	NA	NA	NA	NA	NA
ASV_2297	k__Fungi	NA	NA	NA	NA	NA	NA
ASV_2298	k__Fungi	NA	NA	NA	NA	NA	NA
ASV_2299	k__Fungi	NA	NA	NA	NA	NA	NA
ASV_2300	k__Fungi	p__Ascomycota	NA	NA	NA	NA	NA
ASV_2301	k__Fungi	NA	NA	NA	NA	NA	NA
ASV_2302	k__Fungi	p__Basidiomycota	NA	NA	NA	NA	NA
ASV_2303	k__Fungi	NA	NA	NA	NA	NA	NA
ASV_2304	k__Fungi	NA	NA	NA	NA	NA	NA
ASV_2305	k__Fungi	p__Basidiomycota	c__Tremellomycetes	o__Tremellales	f__Bulleribasidiaceae	g__Vishniacozyma	s__dimennae
ASV_2306	k__Fungi	p__Basidiomycota	c__Agaricomycetes	o__Trechisporales	f__Hydnodontaceae	g__Trechispora	s__verruculosa
ASV_2307	k__Fungi	p__Basidiomycota	NA	NA	NA	NA	NA
ASV_2308	k__Fungi	NA	NA	NA	NA	NA	NA
ASV_2309	k__Fungi	NA	NA	NA	NA	NA	NA
ASV_2310	k__Fungi	NA	NA	NA	NA	NA	NA
ASV_2311	k__Fungi	NA	NA	NA	NA	NA	NA
ASV_2312	k__Fungi	p__Ascomycota	c__Saccharomycetes	o__Saccharomycetales	NA	NA	NA
ASV_2313	k__Fungi	NA	NA	NA	NA	NA	NA
ASV_2314	k__Fungi	NA	NA	NA	NA	NA	NA
ASV_2315	k__Fungi	p__Ascomycota	NA	NA	NA	NA	NA
ASV_2316	k__Fungi	NA	NA	NA	NA	NA	NA
ASV_2317	k__Fungi	NA	NA	NA	NA	NA	NA
ASV_2318	k__Fungi	NA	NA	NA	NA	NA	NA
ASV_2319	k__Fungi	NA	NA	NA	NA	NA	NA
ASV_2320	k__Fungi	NA	NA	NA	NA	NA	NA
ASV_2321	k__Fungi	NA	NA	NA	NA	NA	NA
ASV_2322	k__Fungi	p__Basidiomycota	NA	NA	NA	NA	NA
ASV_2323	k__Fungi	NA	NA	NA	NA	NA	NA
ASV_2324	k__Fungi	p__Basidiomycota	NA	NA	NA	NA	NA
ASV_2325	k__Fungi	NA	NA	NA	NA	NA	NA
ASV_2326	k__Fungi	p__Ascomycota	c__Saccharomycetes	o__Saccharomycetales	NA	NA	NA
ASV_2327	k__Fungi	NA	NA	NA	NA	NA	NA
ASV_2328	k__Fungi	NA	NA	NA	NA	NA	NA
ASV_2329	k__Fungi	NA	NA	NA	NA	NA	NA
ASV_2330	k__Fungi	NA	NA	NA	NA	NA	NA
ASV_2331	k__Fungi	NA	NA	NA	NA	NA	NA
ASV_2332	k__Fungi	p__Ascomycota	c__Saccharomycetes	o__Saccharomycetales	NA	NA	NA
ASV_2333	k__Fungi	NA	NA	NA	NA	NA	NA
ASV_2334	k__Fungi	NA	NA	NA	NA	NA	NA
ASV_2335	k__Fungi	p__Ascomycota	NA	NA	NA	NA	NA
ASV_2336	k__Fungi	NA	NA	NA	NA	NA	NA
ASV_2337	k__Fungi	NA	NA	NA	NA	NA	NA
ASV_2338	k__Fungi	p__Basidiomycota	NA	NA	NA	NA	NA
ASV_2339	k__Fungi	p__Basidiomycota	NA	NA	NA	NA	NA
ASV_2340	k__Fungi	NA	NA	NA	NA	NA	NA
ASV_2341	k__Fungi	NA	NA	NA	NA	NA	NA
ASV_2342	k__Fungi	p__Basidiomycota	c__Agaricomycetes	o__Agaricales	f__Agaricales_fam_Incertae_sedis	g__Panaeolina	s__foenisecii
ASV_2343	k__Fungi	NA	NA	NA	NA	NA	NA
ASV_2344	k__Fungi	NA	NA	NA	NA	NA	NA
ASV_2345	k__Fungi	p__Ascomycota	NA	NA	NA	NA	NA
ASV_2346	k__Fungi	NA	NA	NA	NA	NA	NA
ASV_2347	k__Fungi	NA	NA	NA	NA	NA	NA
ASV_2348	k__Fungi	p__Basidiomycota	NA	NA	NA	NA	NA
ASV_2349	k__Fungi	NA	NA	NA	NA	NA	NA
ASV_2350	k__Fungi	p__Ascomycota	c__Dothideomycetes	o__Pleosporales	f__Didymellaceae	g__Chaetasbolisia	NA
ASV_2351	k__Fungi	p__Ascomycota	c__Leotiomycetes	o__Helotiales	f__Erysiphaceae	g__Blumeria	s__graminis
ASV_2352	k__Fungi	p__Ascomycota	NA	NA	NA	NA	NA
ASV_2353	k__Fungi	p__Ascomycota	NA	NA	NA	NA	NA
ASV_2354	k__Fungi	NA	NA	NA	NA	NA	NA
ASV_2355	k__Fungi	NA	NA	NA	NA	NA	NA
ASV_2356	k__Fungi	p__Ascomycota	c__Saccharomycetes	o__Saccharomycetales	NA	NA	NA
ASV_2357	k__Fungi	p__Ascomycota	c__Saccharomycetes	o__Saccharomycetales	NA	NA	NA
ASV_2358	k__Fungi	NA	NA	NA	NA	NA	NA
ASV_2359	k__Fungi	NA	NA	NA	NA	NA	NA
ASV_2360	k__Fungi	p__Ascomycota	c__Saccharomycetes	o__Saccharomycetales	NA	NA	NA
ASV_2361	k__Fungi	NA	NA	NA	NA	NA	NA
ASV_2362	k__Fungi	p__Basidiomycota	NA	NA	NA	NA	NA
ASV_2363	k__Fungi	NA	NA	NA	NA	NA	NA
ASV_2364	k__Fungi	NA	NA	NA	NA	NA	NA
ASV_2365	k__Fungi	p__Basidiomycota	NA	NA	NA	NA	NA
ASV_2366	k__Fungi	NA	NA	NA	NA	NA	NA
ASV_2367	k__Fungi	p__Basidiomycota	NA	NA	NA	NA	NA
ASV_2368	k__Fungi	p__Basidiomycota	c__Tremellomycetes	o__Tremellales	f__Bulleribasidiaceae	g__Vishniacozyma	s__victoriae
ASV_2369	k__Fungi	p__Ascomycota	c__Eurotiomycetes	o__Eurotiales	f__Aspergillaceae	g__Penicillium	s__miczynskii
ASV_2370	k__Fungi	p__Ascomycota	c__Dothideomycetes	o__Pleosporales	f__Cryptocoryneaceae	g__Cryptocoryneum	NA
ASV_2371	k__Fungi	NA	NA	NA	NA	NA	NA
ASV_2372	k__Fungi	NA	NA	NA	NA	NA	NA
ASV_2373	k__Fungi	NA	NA	NA	NA	NA	NA
ASV_2374	k__Fungi	NA	NA	NA	NA	NA	NA
ASV_2375	k__Fungi	p__Ascomycota	c__Saccharomycetes	o__Saccharomycetales	NA	NA	NA
ASV_2376	k__Fungi	p__Ascomycota	c__Saccharomycetes	o__Saccharomycetales	NA	NA	NA
ASV_2377	k__Fungi	NA	NA	NA	NA	NA	NA
ASV_2378	k__Fungi	NA	NA	NA	NA	NA	NA
ASV_2379	k__Fungi	NA	NA	NA	NA	NA	NA
ASV_2380	k__Fungi	NA	NA	NA	NA	NA	NA
ASV_2381	k__Fungi	NA	NA	NA	NA	NA	NA
ASV_2382	k__Fungi	NA	NA	NA	NA	NA	NA
ASV_2383	k__Fungi	p__Basidiomycota	NA	NA	NA	NA	NA
ASV_2384	k__Fungi	p__Basidiomycota	NA	NA	NA	NA	NA
ASV_2385	k__Fungi	p__Chytridiomycota	c__Spizellomycetes	o__Spizellomycetales	f__Powellomycetaceae	g__Thoreauomyces	NA
ASV_2386	k__Fungi	p__Ascomycota	c__Sordariomycetes	o__Microascales	f__Microascaceae	g__Microascus	s__paisii
ASV_2387	k__Fungi	p__Ascomycota	c__Sordariomycetes	o__Amphisphaeriales	f__Sporocadaceae	g__Truncatella	s__angustata
ASV_2388	k__Fungi	NA	NA	NA	NA	NA	NA
ASV_2389	k__Fungi	NA	NA	NA	NA	NA	NA
ASV_2390	k__Fungi	NA	NA	NA	NA	NA	NA
ASV_2391	k__Fungi	p__Ascomycota	c__Dothideomycetes	o__Pleosporales	f__Nigrogranaceae	g__Nigrograna	s__mycophila
ASV_2392	k__Fungi	p__Ascomycota	c__Saccharomycetes	o__Saccharomycetales	NA	NA	NA
ASV_2393	k__Fungi	NA	NA	NA	NA	NA	NA
ASV_2394	k__Fungi	NA	NA	NA	NA	NA	NA
ASV_2395	k__Fungi	NA	NA	NA	NA	NA	NA
ASV_2396	k__Fungi	p__Ascomycota	NA	NA	NA	NA	NA
ASV_2397	k__Fungi	p__Basidiomycota	NA	NA	NA	NA	NA
ASV_2398	k__Fungi	NA	NA	NA	NA	NA	NA
ASV_2399	k__Fungi	NA	NA	NA	NA	NA	NA
ASV_2400	k__Fungi	NA	NA	NA	NA	NA	NA
ASV_2401	k__Fungi	p__Basidiomycota	NA	NA	NA	NA	NA
ASV_2402	k__Fungi	p__Ascomycota	NA	NA	NA	NA	NA
ASV_2403	k__Fungi	p__Ascomycota	c__Eurotiomycetes	NA	NA	NA	NA
ASV_2404	k__Fungi	NA	NA	NA	NA	NA	NA
ASV_2405	k__Fungi	p__Basidiomycota	c__Agaricomycetes	o__Cantharellales	f__Ceratobasidiaceae	NA	NA
ASV_2406	k__Fungi	p__Ascomycota	c__Saccharomycetes	o__Saccharomycetales	NA	NA	NA
ASV_2407	k__Fungi	NA	NA	NA	NA	NA	NA
ASV_2408	k__Fungi	p__Ascomycota	NA	NA	NA	NA	NA
ASV_2409	k__Fungi	p__Ascomycota	c__Saccharomycetes	o__Saccharomycetales	NA	NA	NA
ASV_2410	k__Fungi	NA	NA	NA	NA	NA	NA
ASV_2411	k__Fungi	NA	NA	NA	NA	NA	NA
ASV_2412	k__Fungi	NA	NA	NA	NA	NA	NA
ASV_2413	k__Fungi	p__Ascomycota	NA	NA	NA	NA	NA
ASV_2414	k__Fungi	NA	NA	NA	NA	NA	NA
ASV_2415	k__Fungi	p__Basidiomycota	NA	NA	NA	NA	NA
ASV_2416	k__Fungi	NA	NA	NA	NA	NA	NA
ASV_2417	k__Fungi	p__Basidiomycota	c__Tremellomycetes	o__Tremellales	f__Cuniculitremaceae	g__Kockovaella	s__lichenicola
ASV_2418	k__Fungi	p__Ascomycota	c__Sordariomycetes	o__Xylariales	f__Xylariaceae	g__Kretzschmaria	s__deusta
ASV_2419	k__Fungi	p__Basidiomycota	c__Exobasidiomycetes	o__Golubeviales	f__Golubeviaceae	g__Golubevia	NA
ASV_2420	k__Fungi	p__Ascomycota	NA	NA	NA	NA	NA
ASV_2421	k__Fungi	p__Ascomycota	c__Sordariomycetes	o__Microascales	f__Microascaceae	g__Wardomyces	NA
ASV_2422	k__Fungi	p__Ascomycota	NA	NA	NA	NA	NA
ASV_2423	k__Fungi	p__Mortierellomycota	c__Mortierellomycetes	o__Mortierellales	f__Mortierellaceae	g__Mortierella	s__macrocystis
ASV_2424	k__Fungi	NA	NA	NA	NA	NA	NA
ASV_2425	k__Fungi	p__Ascomycota	c__Dothideomycetes	o__Mycosphaerellales	f__Mycosphaerellaceae	g__Ramularia	NA
ASV_2426	k__Fungi	NA	NA	NA	NA	NA	NA
ASV_2427	k__Fungi	NA	NA	NA	NA	NA	NA
ASV_2428	k__Fungi	NA	NA	NA	NA	NA	NA
ASV_2429	k__Fungi	p__Ascomycota	c__Saccharomycetes	o__Saccharomycetales	NA	NA	NA
ASV_2430	k__Fungi	NA	NA	NA	NA	NA	NA
ASV_2431	k__Fungi	p__Ascomycota	NA	NA	NA	NA	NA
ASV_2432	k__Fungi	NA	NA	NA	NA	NA	NA
ASV_2433	k__Fungi	NA	NA	NA	NA	NA	NA
ASV_2434	k__Fungi	NA	NA	NA	NA	NA	NA
ASV_2435	k__Fungi	NA	NA	NA	NA	NA	NA
ASV_2436	k__Fungi	p__Basidiomycota	c__Tremellomycetes	o__Tremellales	f__Bulleribasidiaceae	g__Vishniacozyma	s__victoriae
ASV_2437	k__Fungi	p__Basidiomycota	NA	NA	NA	NA	NA
ASV_2438	k__Fungi	p__Basidiomycota	NA	NA	NA	NA	NA
ASV_2439	k__Fungi	p__Ascomycota	c__Sordariomycetes	o__Hypocreales	f__Bionectriaceae	g__Nectriella	NA
ASV_2440	k__Fungi	p__Ascomycota	c__Dothideomycetes	o__Pleosporales	NA	NA	NA
ASV_2441	k__Fungi	p__Ascomycota	c__Eurotiomycetes	o__Chaetothyriales	f__Chaetothyriaceae	g__Camptophora	s__hylomeconis
ASV_2442	k__Fungi	p__Ascomycota	c__Saccharomycetes	o__Saccharomycetales	f__Saccharomycodaceae	g__Hanseniaspora	s__uvarum
ASV_2443	k__Fungi	p__Ascomycota	NA	NA	NA	NA	NA
ASV_2444	k__Fungi	p__Ascomycota	c__Dothideomycetes	o__Pleosporales	f__Pleosporaceae	g__Pyrenophora	s__biseptata
ASV_2445	k__Fungi	NA	NA	NA	NA	NA	NA
ASV_2446	k__Fungi	p__Ascomycota	c__Eurotiomycetes	o__Onygenales	f__Ajellomycetaceae	g__Blastomyces	s__parvus
ASV_2447	k__Fungi	p__Basidiomycota	c__Tremellomycetes	o__Tremellales	f__Bulleribasidiaceae	g__Vishniacozyma	s__dimennae
ASV_2448	k__Fungi	p__Ascomycota	c__Saccharomycetes	o__Saccharomycetales	NA	NA	NA
ASV_2449	k__Fungi	p__Ascomycota	c__Saccharomycetes	o__Saccharomycetales	NA	NA	NA
ASV_2450	k__Fungi	p__Ascomycota	NA	NA	NA	NA	NA
ASV_2451	k__Fungi	NA	NA	NA	NA	NA	NA
ASV_2452	k__Fungi	NA	NA	NA	NA	NA	NA
ASV_2453	k__Fungi	NA	NA	NA	NA	NA	NA
ASV_2454	k__Fungi	NA	NA	NA	NA	NA	NA
ASV_2455	k__Fungi	NA	NA	NA	NA	NA	NA
ASV_2456	k__Fungi	p__Ascomycota	NA	NA	NA	NA	NA
ASV_2457	k__Fungi	NA	NA	NA	NA	NA	NA
ASV_2458	k__Fungi	NA	NA	NA	NA	NA	NA
ASV_2459	k__Fungi	p__Basidiomycota	NA	NA	NA	NA	NA
ASV_2460	k__Fungi	NA	NA	NA	NA	NA	NA
ASV_2461	k__Fungi	p__Basidiomycota	NA	NA	NA	NA	NA
ASV_2462	k__Fungi	p__Ascomycota	c__Saccharomycetes	o__Saccharomycetales	f__Saccharomycetaceae	g__Kazachstania	s__servazzii
ASV_2463	k__Fungi	p__Chytridiomycota	c__Spizellomycetes	o__Spizellomycetales	f__Spizellomycetales_fam_Incertae_sedis	g__Spizellomycetales_gen_Incertae_sedis	NA
ASV_2464	k__Fungi	p__Ascomycota	c__Dothideomycetes	o__Mycosphaerellales	f__Teratosphaeriaceae	g__Catenulostroma	s__hermanusense
ASV_2465	k__Fungi	p__Basidiomycota	c__Tremellomycetes	NA	NA	NA	NA
ASV_2466	k__Fungi	NA	NA	NA	NA	NA	NA
ASV_2467	k__Fungi	p__Ascomycota	c__Saccharomycetes	o__Saccharomycetales	NA	NA	NA
ASV_2468	k__Fungi	p__Ascomycota	c__Saccharomycetes	o__Saccharomycetales	NA	NA	NA
ASV_2469	k__Fungi	p__Basidiomycota	NA	NA	NA	NA	NA
ASV_2470	k__Fungi	p__Basidiomycota	NA	NA	NA	NA	NA
ASV_2471	k__Fungi	NA	NA	NA	NA	NA	NA
ASV_2472	k__Fungi	p__Ascomycota	c__Eurotiomycetes	o__Chaetothyriales	NA	NA	NA
ASV_2473	k__Fungi	p__Ascomycota	c__Leotiomycetes	o__Thelebolales	f__Pseudeurotiaceae	g__Pseudogymnoascus	NA
ASV_2474	k__Fungi	NA	NA	NA	NA	NA	NA
ASV_2475	k__Fungi	p__Ascomycota	c__Saccharomycetes	o__Saccharomycetales	NA	NA	NA
ASV_2476	k__Fungi	p__Ascomycota	c__Saccharomycetes	o__Saccharomycetales	NA	NA	NA
ASV_2477	k__Fungi	p__Ascomycota	c__Saccharomycetes	o__Saccharomycetales	NA	NA	NA
ASV_2478	k__Fungi	NA	NA	NA	NA	NA	NA
ASV_2479	k__Fungi	p__Ascomycota	NA	NA	NA	NA	NA
ASV_2480	k__Fungi	NA	NA	NA	NA	NA	NA
ASV_2481	k__Fungi	p__Ascomycota	NA	NA	NA	NA	NA
ASV_2482	k__Fungi	NA	NA	NA	NA	NA	NA
ASV_2483	k__Fungi	NA	NA	NA	NA	NA	NA
ASV_2484	k__Fungi	NA	NA	NA	NA	NA	NA
ASV_2485	k__Fungi	NA	NA	NA	NA	NA	NA
ASV_2486	k__Fungi	p__Basidiomycota	NA	NA	NA	NA	NA
ASV_2487	k__Fungi	NA	NA	NA	NA	NA	NA
ASV_2488	k__Fungi	p__Ascomycota	c__Dothideomycetes	o__Cladosporiales	f__Cladosporiaceae	g__Cladosporium	s__herbarum
ASV_2489	k__Fungi	p__Basidiomycota	NA	NA	NA	NA	NA
ASV_2490	k__Fungi	NA	NA	NA	NA	NA	NA
ASV_2491	k__Fungi	p__Basidiomycota	NA	NA	NA	NA	NA
ASV_2492	k__Fungi	NA	NA	NA	NA	NA	NA
ASV_2493	k__Fungi	p__Ascomycota	c__Leotiomycetes	o__Helotiales	f__Helotiaceae	g__Hymenoscyphus	NA
ASV_2494	k__Fungi	NA	NA	NA	NA	NA	NA
ASV_2495	k__Fungi	NA	NA	NA	NA	NA	NA
ASV_2496	k__Fungi	p__Basidiomycota	NA	NA	NA	NA	NA
ASV_2497	k__Fungi	NA	NA	NA	NA	NA	NA
ASV_2498	k__Fungi	NA	NA	NA	NA	NA	NA
ASV_2499	k__Fungi	NA	NA	NA	NA	NA	NA
ASV_2500	k__Fungi	NA	NA	NA	NA	NA	NA
ASV_2501	k__Fungi	p__Ascomycota	c__Dothideomycetes	o__Mycosphaerellales	f__Mycosphaerellaceae	NA	NA
ASV_2502	k__Fungi	p__Ascomycota	NA	NA	NA	NA	NA
ASV_2503	k__Fungi	NA	NA	NA	NA	NA	NA
ASV_2504	k__Fungi	NA	NA	NA	NA	NA	NA
ASV_2505	k__Fungi	NA	NA	NA	NA	NA	NA
ASV_2506	k__Fungi	p__Ascomycota	c__Saccharomycetes	o__Saccharomycetales	NA	NA	NA
ASV_2507	k__Fungi	NA	NA	NA	NA	NA	NA
ASV_2508	k__Fungi	NA	NA	NA	NA	NA	NA
ASV_2509	k__Fungi	p__Basidiomycota	NA	NA	NA	NA	NA
ASV_2510	k__Fungi	NA	NA	NA	NA	NA	NA
ASV_2511	k__Fungi	NA	NA	NA	NA	NA	NA
ASV_2512	k__Fungi	p__Ascomycota	c__Saccharomycetes	o__Saccharomycetales	NA	NA	NA
ASV_2513	k__Fungi	NA	NA	NA	NA	NA	NA
ASV_2514	k__Fungi	p__Basidiomycota	NA	NA	NA	NA	NA
ASV_2515	k__Fungi	p__Basidiomycota	NA	NA	NA	NA	NA
ASV_2516	k__Fungi	p__Basidiomycota	NA	NA	NA	NA	NA
ASV_2517	k__Fungi	NA	NA	NA	NA	NA	NA
ASV_2518	k__Fungi	NA	NA	NA	NA	NA	NA
ASV_2519	k__Fungi	p__Basidiomycota	NA	NA	NA	NA	NA
ASV_2520	k__Fungi	p__Ascomycota	c__Sordariomycetes	o__Hypocreales	f__Sarocladiaceae	g__Sarocladium	s__subulatum
ASV_2521	k__Fungi	p__Ascomycota	c__Sordariomycetes	o__Hypocreales	f__Nectriaceae	NA	NA
ASV_2522	k__Fungi	p__Ascomycota	c__Sordariomycetes	o__Hypocreales	NA	NA	NA
ASV_2523	k__Fungi	p__Ascomycota	NA	NA	NA	NA	NA
ASV_2524	k__Fungi	p__Mucoromycota	c__Mucoromycetes	o__Mucorales	f__Mucoraceae	g__Mucor	s__flavus
ASV_2525	k__Fungi	p__Ascomycota	c__Saccharomycetes	o__Saccharomycetales	NA	NA	NA
ASV_2526	k__Fungi	NA	NA	NA	NA	NA	NA
ASV_2527	k__Fungi	p__Ascomycota	c__Saccharomycetes	o__Saccharomycetales	NA	NA	NA
ASV_2528	k__Fungi	NA	NA	NA	NA	NA	NA
ASV_2529	k__Fungi	p__Ascomycota	NA	NA	NA	NA	NA
ASV_2530	k__Fungi	NA	NA	NA	NA	NA	NA
ASV_2531	k__Fungi	NA	NA	NA	NA	NA	NA
ASV_2532	k__Fungi	NA	NA	NA	NA	NA	NA
ASV_2533	k__Fungi	NA	NA	NA	NA	NA	NA
ASV_2534	k__Fungi	p__Basidiomycota	c__Agaricomycetes	o__Polyporales	f__Hyphodermataceae	g__Hyphoderma	s__mutatum
ASV_2535	k__Fungi	p__Ascomycota	c__Saccharomycetes	o__Saccharomycetales	NA	NA	NA
ASV_2536	k__Fungi	NA	NA	NA	NA	NA	NA
ASV_2537	k__Fungi	NA	NA	NA	NA	NA	NA
ASV_2538	k__Fungi	NA	NA	NA	NA	NA	NA
ASV_2539	k__Fungi	NA	NA	NA	NA	NA	NA
ASV_2540	k__Fungi	p__Basidiomycota	NA	NA	NA	NA	NA
ASV_2541	k__Fungi	NA	NA	NA	NA	NA	NA
ASV_2542	k__Fungi	p__Basidiomycota	NA	NA	NA	NA	NA
ASV_2543	k__Fungi	p__Basidiomycota	c__Tremellomycetes	o__Holtermanniales	f__Holtermanniaceae	g__Holtermannia	s__saccardoi
ASV_2544	k__Fungi	p__Ascomycota	c__Dothideomycetes	o__Mycosphaerellales	f__Neodevriesiaceae	g__Neodevriesia	NA
ASV_2545	k__Fungi	NA	NA	NA	NA	NA	NA
ASV_2546	k__Fungi	p__Basidiomycota	c__Microbotryomycetes	o__Microbotryomycetes_ord_Incertae_sedis	f__Microbotryomycetes_fam_Incertae_sedis	g__Curvibasidium	s__cygneicollum
ASV_2547	k__Fungi	p__Ascomycota	c__Leotiomycetes	o__Helotiales	f__Sclerotiniaceae	g__Monilinia	s__gaylussaciae
ASV_2548	k__Fungi	p__Ascomycota	c__Dothideomycetes	o__Pleosporales	f__Phaeosphaeriaceae	g__Phaeosphaeria	s__poagena
ASV_2549	k__Fungi	p__Basidiomycota	c__Tremellomycetes	o__Tremellales	f__Cuniculitremaceae	g__Kockovaella	NA
ASV_2550	k__Fungi	NA	NA	NA	NA	NA	NA
ASV_2551	k__Fungi	p__Ascomycota	c__Leotiomycetes	o__Helotiales	f__Discinellaceae	g__Gyoerffyella	NA
ASV_2552	k__Fungi	NA	NA	NA	NA	NA	NA
ASV_2553	k__Fungi	p__Ascomycota	c__Saccharomycetes	o__Saccharomycetales	NA	NA	NA
ASV_2554	k__Fungi	NA	NA	NA	NA	NA	NA
ASV_2555	k__Fungi	NA	NA	NA	NA	NA	NA
ASV_2556	k__Fungi	NA	NA	NA	NA	NA	NA
ASV_2557	k__Fungi	NA	NA	NA	NA	NA	NA
ASV_2558	k__Fungi	p__Ascomycota	c__Saccharomycetes	o__Saccharomycetales	NA	NA	NA
ASV_2559	k__Fungi	NA	NA	NA	NA	NA	NA
ASV_2560	k__Fungi	NA	NA	NA	NA	NA	NA
ASV_2561	k__Fungi	NA	NA	NA	NA	NA	NA
ASV_2562	k__Fungi	NA	NA	NA	NA	NA	NA
ASV_2563	k__Fungi	p__Mucoromycota	c__Mucoromycetes	o__Mucorales	f__Mucoraceae	g__Mucor	s__flavus
ASV_2564	k__Fungi	p__Basidiomycota	NA	NA	NA	NA	NA
ASV_2565	k__Fungi	p__Ascomycota	c__Leotiomycetes	o__Helotiales	f__Myxotrichaceae	g__Oidiodendron	NA
ASV_2566	k__Fungi	NA	NA	NA	NA	NA	NA
ASV_2567	k__Fungi	NA	NA	NA	NA	NA	NA
ASV_2568	k__Fungi	NA	NA	NA	NA	NA	NA
ASV_2569	k__Fungi	p__Ascomycota	c__Dothideomycetes	o__Cladosporiales	f__Cladosporiaceae	g__Cladosporium	s__herbarum
ASV_2570	k__Fungi	p__Ascomycota	c__Saccharomycetes	o__Saccharomycetales	NA	NA	NA
ASV_2571	k__Fungi	p__Ascomycota	c__Saccharomycetes	o__Saccharomycetales	NA	NA	NA
ASV_2572	k__Fungi	p__Ascomycota	c__Saccharomycetes	o__Saccharomycetales	NA	NA	NA
ASV_2573	k__Fungi	p__Ascomycota	NA	NA	NA	NA	NA
ASV_2574	k__Fungi	NA	NA	NA	NA	NA	NA
ASV_2575	k__Fungi	p__Ascomycota	c__Saccharomycetes	o__Saccharomycetales	NA	NA	NA
ASV_2576	k__Fungi	NA	NA	NA	NA	NA	NA
ASV_2577	k__Fungi	NA	NA	NA	NA	NA	NA
ASV_2578	k__Fungi	NA	NA	NA	NA	NA	NA
ASV_2579	k__Fungi	NA	NA	NA	NA	NA	NA
ASV_2580	k__Fungi	NA	NA	NA	NA	NA	NA
ASV_2581	k__Fungi	NA	NA	NA	NA	NA	NA
ASV_2582	k__Fungi	NA	NA	NA	NA	NA	NA
ASV_2583	k__Fungi	NA	NA	NA	NA	NA	NA
ASV_2584	k__Fungi	p__Ascomycota	NA	NA	NA	NA	NA
ASV_2585	k__Fungi	NA	NA	NA	NA	NA	NA
ASV_2586	k__Fungi	NA	NA	NA	NA	NA	NA
ASV_2587	k__Fungi	p__Ascomycota	c__Sordariomycetes	o__Coniochaetales	f__Coniochaetaceae	g__Coniochaeta	s__ligniaria
ASV_2588	k__Fungi	p__Ascomycota	c__Eurotiomycetes	o__Eurotiales	f__Aspergillaceae	g__Penicillium	s__citreonigrum
ASV_2589	k__Fungi	p__Ascomycota	c__Dothideomycetes	o__Pleosporales	f__Didymellaceae	g__Didymella	NA
ASV_2590	k__Fungi	NA	NA	NA	NA	NA	NA
ASV_2591	k__Fungi	p__Ascomycota	c__Sordariomycetes	o__Hypocreales	NA	NA	NA
ASV_2592	k__Fungi	p__Ascomycota	c__Leotiomycetes	o__Helotiales	f__Myxotrichaceae	g__Oidiodendron	NA
ASV_2593	k__Fungi	NA	NA	NA	NA	NA	NA
ASV_2594	k__Fungi	NA	NA	NA	NA	NA	NA
ASV_2595	k__Fungi	NA	NA	NA	NA	NA	NA
ASV_2596	k__Fungi	p__Ascomycota	c__Saccharomycetes	o__Saccharomycetales	NA	NA	NA
ASV_2597	k__Fungi	NA	NA	NA	NA	NA	NA
ASV_2598	k__Fungi	NA	NA	NA	NA	NA	NA
ASV_2599	k__Fungi	NA	NA	NA	NA	NA	NA
ASV_2600	k__Fungi	NA	NA	NA	NA	NA	NA
ASV_2601	k__Fungi	NA	NA	NA	NA	NA	NA
ASV_2602	k__Fungi	NA	NA	NA	NA	NA	NA
ASV_2603	k__Fungi	NA	NA	NA	NA	NA	NA
ASV_2604	k__Fungi	NA	NA	NA	NA	NA	NA
ASV_2605	k__Fungi	NA	NA	NA	NA	NA	NA
ASV_2606	k__Fungi	NA	NA	NA	NA	NA	NA
ASV_2607	k__Fungi	p__Basidiomycota	NA	NA	NA	NA	NA
ASV_2608	k__Fungi	NA	NA	NA	NA	NA	NA
ASV_2609	k__Fungi	NA	NA	NA	NA	NA	NA
ASV_2610	k__Fungi	NA	NA	NA	NA	NA	NA
ASV_2611	k__Fungi	p__Basidiomycota	c__Tremellomycetes	o__Tremellales	f__Bulleribasidiaceae	g__Vishniacozyma	NA
ASV_2612	k__Fungi	p__Ascomycota	c__Eurotiomycetes	o__Chaetothyriales	f__Herpotrichiellaceae	NA	NA
ASV_2613	k__Fungi	p__Ascomycota	c__Sordariomycetes	o__Hypocreales	NA	NA	NA
ASV_2614	k__Fungi	p__Ascomycota	c__Dothideomycetes	o__Mycosphaerellales	f__Extremaceae	g__Paradevriesia	s__pseudoamericana
ASV_2615	k__Fungi	p__Ascomycota	c__Sordariomycetes	o__Amphisphaeriales	f__Amphisphaeriaceae	g__Amphisphaeria	s__acericola
ASV_2616	k__Fungi	p__Ascomycota	c__Sordariomycetes	o__Phomatosporales	f__Phomatosporaceae	g__Phomatospora	s__dinemasporium
ASV_2617	k__Fungi	p__Ascomycota	c__Sordariomycetes	NA	NA	NA	NA
ASV_2618	k__Fungi	NA	NA	NA	NA	NA	NA
ASV_2619	k__Fungi	NA	NA	NA	NA	NA	NA
ASV_2620	k__Fungi	p__Ascomycota	c__Saccharomycetes	o__Saccharomycetales	NA	NA	NA
ASV_2621	k__Fungi	NA	NA	NA	NA	NA	NA
ASV_2622	k__Fungi	p__Ascomycota	c__Saccharomycetes	o__Saccharomycetales	NA	NA	NA
ASV_2623	k__Fungi	NA	NA	NA	NA	NA	NA
ASV_2624	k__Fungi	NA	NA	NA	NA	NA	NA
ASV_2625	k__Fungi	NA	NA	NA	NA	NA	NA
ASV_2626	k__Fungi	NA	NA	NA	NA	NA	NA
ASV_2627	k__Fungi	NA	NA	NA	NA	NA	NA
ASV_2628	k__Fungi	NA	NA	NA	NA	NA	NA
ASV_2629	k__Fungi	NA	NA	NA	NA	NA	NA
ASV_2630	k__Fungi	NA	NA	NA	NA	NA	NA
ASV_2631	k__Fungi	NA	NA	NA	NA	NA	NA
ASV_2632	k__Fungi	NA	NA	NA	NA	NA	NA
ASV_2633	k__Fungi	p__Ascomycota	c__Sordariomycetes	o__Amphisphaeriales	f__Apiosporaceae	g__Nigrospora	NA
ASV_2634	k__Fungi	NA	NA	NA	NA	NA	NA
ASV_2635	k__Fungi	p__Ascomycota	c__Dothideomycetes	o__Pleosporales	f__Phaeosphaeriaceae	g__Jeremyomyces	s__labinae
ASV_2636	k__Fungi	NA	NA	NA	NA	NA	NA
ASV_2637	k__Fungi	p__Ascomycota	c__Taphrinomycetes	o__Taphrinales	f__Taphrinaceae	g__Taphrina	s__inositophila
ASV_2638	k__Fungi	p__Ascomycota	c__Sordariomycetes	o__Trichosphaeriales	f__Trichosphaeriaceae	g__Brachysporium	NA
ASV_2639	k__Fungi	p__Ascomycota	NA	NA	NA	NA	NA
ASV_2640	k__Fungi	NA	NA	NA	NA	NA	NA
ASV_2641	k__Fungi	p__Ascomycota	c__Eurotiomycetes	o__Chaetothyriales	f__Herpotrichiellaceae	g__Exophiala	NA
ASV_2642	k__Fungi	p__Ascomycota	c__Saccharomycetes	o__Saccharomycetales	NA	NA	NA
ASV_2643	k__Fungi	p__Ascomycota	c__Saccharomycetes	o__Saccharomycetales	NA	NA	NA
ASV_2644	k__Fungi	p__Ascomycota	c__Sordariomycetes	o__Hypocreales	f__Cordycipitaceae	g__Liangia	s__sinensis
ASV_2645	k__Fungi	p__Ascomycota	c__Saccharomycetes	o__Saccharomycetales	NA	NA	NA
ASV_2646	k__Fungi	p__Ascomycota	NA	NA	NA	NA	NA
ASV_2647	k__Fungi	p__Ascomycota	c__Saccharomycetes	o__Saccharomycetales	NA	NA	NA
ASV_2648	k__Fungi	p__Ascomycota	c__Saccharomycetes	o__Saccharomycetales	NA	NA	NA
ASV_2649	k__Fungi	NA	NA	NA	NA	NA	NA
ASV_2650	k__Fungi	p__Ascomycota	c__Saccharomycetes	o__Saccharomycetales	NA	NA	NA
ASV_2651	k__Fungi	p__Ascomycota	c__Saccharomycetes	o__Saccharomycetales	NA	NA	NA
ASV_2652	k__Fungi	NA	NA	NA	NA	NA	NA
ASV_2653	k__Fungi	NA	NA	NA	NA	NA	NA
ASV_2654	k__Fungi	NA	NA	NA	NA	NA	NA
ASV_2655	k__Fungi	NA	NA	NA	NA	NA	NA
ASV_2656	k__Fungi	p__Ascomycota	c__Dothideomycetes	o__Pleosporales	f__Sporormiaceae	g__Preussia	NA
ASV_2657	k__Fungi	NA	NA	NA	NA	NA	NA
ASV_2658	k__Fungi	p__Basidiomycota	NA	NA	NA	NA	NA
ASV_2659	k__Fungi	NA	NA	NA	NA	NA	NA
ASV_2660	k__Fungi	p__Basidiomycota	c__Tremellomycetes	o__Cystofilobasidiales	f__Cystofilobasidiaceae	g__Cystofilobasidium	s__macerans
ASV_2661	k__Fungi	NA	NA	NA	NA	NA	NA
ASV_2662	k__Fungi	p__Ascomycota	c__Saccharomycetes	o__Saccharomycetales	NA	NA	NA
ASV_2663	k__Fungi	p__Basidiomycota	NA	NA	NA	NA	NA
ASV_2664	k__Fungi	NA	NA	NA	NA	NA	NA
ASV_2665	k__Fungi	p__Ascomycota	c__Dothideomycetes	o__Pleosporales	f__Dictyosporiaceae	g__Dictyosporiaceae_gen_Incertae_sedis	NA
ASV_2666	k__Fungi	NA	NA	NA	NA	NA	NA
ASV_2667	k__Fungi	p__Ascomycota	c__Eurotiomycetes	o__Chaetothyriales	f__Herpotrichiellaceae	g__Exophiala	s__dermatitidis
ASV_2668	k__Fungi	p__Ascomycota	c__Dothideomycetes	o__Pleosporales	f__Pyrenochaetopsidaceae	g__Pyrenochaetopsis	s__tabarestanensis
ASV_2669	k__Fungi	NA	NA	NA	NA	NA	NA
ASV_2670	k__Fungi	p__Ascomycota	c__Saccharomycetes	o__Saccharomycetales	NA	NA	NA
ASV_2671	k__Fungi	NA	NA	NA	NA	NA	NA
ASV_2672	k__Fungi	p__Basidiomycota	c__Agaricomycetes	o__Polyporales	f__Ganodermataceae	g__Ganoderma	s__australe
ASV_2673	k__Fungi	NA	NA	NA	NA	NA	NA
ASV_2674	k__Fungi	p__Ascomycota	NA	NA	NA	NA	NA
ASV_2675	k__Fungi	NA	NA	NA	NA	NA	NA
ASV_2676	k__Fungi	NA	NA	NA	NA	NA	NA
ASV_2677	k__Fungi	NA	NA	NA	NA	NA	NA
ASV_2678	k__Fungi	p__Basidiomycota	NA	NA	NA	NA	NA
ASV_2679	k__Fungi	p__Basidiomycota	NA	NA	NA	NA	NA
ASV_2680	k__Fungi	p__Ascomycota	c__Sordariomycetes	o__Hypocreales	f__Bionectriaceae	g__Acremonium	s__biseptum
ASV_2681	k__Fungi	NA	NA	NA	NA	NA	NA
ASV_2682	k__Fungi	NA	NA	NA	NA	NA	NA
ASV_2683	k__Fungi	p__Chytridiomycota	c__Spizellomycetes	o__Spizellomycetales	f__Spizellomycetales_fam_Incertae_sedis	g__Spizellomycetales_gen_Incertae_sedis	NA
ASV_2684	k__Fungi	p__Ascomycota	c__Saccharomycetes	o__Saccharomycetales	NA	NA	NA
ASV_2685	k__Fungi	NA	NA	NA	NA	NA	NA
ASV_2686	k__Fungi	p__Ascomycota	NA	NA	NA	NA	NA
ASV_2687	k__Fungi	p__Ascomycota	NA	NA	NA	NA	NA
ASV_2688	k__Fungi	p__Ascomycota	c__Saccharomycetes	o__Saccharomycetales	NA	NA	NA
ASV_2689	k__Fungi	NA	NA	NA	NA	NA	NA
ASV_2690	k__Fungi	NA	NA	NA	NA	NA	NA
ASV_2691	k__Fungi	NA	NA	NA	NA	NA	NA
ASV_2692	k__Fungi	NA	NA	NA	NA	NA	NA
ASV_2693	k__Fungi	p__Ascomycota	c__Dothideomycetes	o__Mycosphaerellales	f__Teratosphaeriaceae	g__Constantinomyces	s__oldenburgensis
ASV_2694	k__Fungi	p__Basidiomycota	NA	NA	NA	NA	NA
ASV_2695	k__Fungi	NA	NA	NA	NA	NA	NA
ASV_2696	k__Fungi	NA	NA	NA	NA	NA	NA
ASV_2697	k__Fungi	NA	NA	NA	NA	NA	NA
ASV_2698	k__Fungi	NA	NA	NA	NA	NA	NA
ASV_2699	k__Fungi	NA	NA	NA	NA	NA	NA
ASV_2700	k__Fungi	NA	NA	NA	NA	NA	NA
ASV_2701	k__Fungi	NA	NA	NA	NA	NA	NA
ASV_2702	k__Fungi	p__Basidiomycota	c__Agaricomycetes	o__Geastrales	f__Geastraceae	g__Geastrum	s__fimbriatum
ASV_2703	k__Fungi	p__Basidiomycota	c__Tremellomycetes	o__Tremellales	f__Bulleraceae	g__Genolevuria	NA
ASV_2704	k__Fungi	p__Basidiomycota	NA	NA	NA	NA	NA
ASV_2705	k__Fungi	NA	NA	NA	NA	NA	NA
ASV_2706	k__Fungi	p__Ascomycota	c__Sordariomycetes	o__Hypocreales	f__Bionectriaceae	g__Acremonium	s__polychromum
ASV_2707	k__Fungi	NA	NA	NA	NA	NA	NA
ASV_2708	k__Fungi	p__Basidiomycota	NA	NA	NA	NA	NA
ASV_2709	k__Fungi	p__Ascomycota	NA	NA	NA	NA	NA
ASV_2710	k__Fungi	p__Ascomycota	NA	NA	NA	NA	NA
ASV_2711	k__Fungi	p__Ascomycota	c__Saccharomycetes	o__Saccharomycetales	NA	NA	NA
ASV_2712	k__Fungi	p__Ascomycota	c__Saccharomycetes	o__Saccharomycetales	NA	NA	NA
ASV_2713	k__Fungi	p__Ascomycota	NA	NA	NA	NA	NA
ASV_2714	k__Fungi	p__Mucoromycota	c__Mucoromycetes	o__Mucorales	f__Mucoraceae	g__Mucoraceae_gen_Incertae_sedis	NA
ASV_2715	k__Fungi	p__Ascomycota	NA	NA	NA	NA	NA
ASV_2716	k__Fungi	NA	NA	NA	NA	NA	NA
ASV_2717	k__Fungi	NA	NA	NA	NA	NA	NA
ASV_2718	k__Fungi	NA	NA	NA	NA	NA	NA
ASV_2719	k__Fungi	p__Basidiomycota	NA	NA	NA	NA	NA
ASV_2720	k__Fungi	NA	NA	NA	NA	NA	NA
ASV_2721	k__Fungi	NA	NA	NA	NA	NA	NA
ASV_2722	k__Fungi	NA	NA	NA	NA	NA	NA
ASV_2723	k__Fungi	p__Basidiomycota	NA	NA	NA	NA	NA
ASV_2724	k__Fungi	NA	NA	NA	NA	NA	NA
ASV_2725	k__Fungi	p__Basidiomycota	NA	NA	NA	NA	NA
ASV_2726	k__Fungi	NA	NA	NA	NA	NA	NA
ASV_2727	k__Fungi	p__Ascomycota	c__Leotiomycetes	o__Helotiales	f__Helotiaceae	NA	NA
ASV_2728	k__Fungi	p__Ascomycota	NA	NA	NA	NA	NA
ASV_2729	k__Fungi	NA	NA	NA	NA	NA	NA
ASV_2730	k__Fungi	NA	NA	NA	NA	NA	NA
ASV_2731	k__Fungi	NA	NA	NA	NA	NA	NA
ASV_2732	k__Fungi	p__Ascomycota	c__Saccharomycetes	o__Saccharomycetales	NA	NA	NA
ASV_2733	k__Fungi	NA	NA	NA	NA	NA	NA
ASV_2734	k__Fungi	p__Ascomycota	c__Saccharomycetes	o__Saccharomycetales	NA	NA	NA
ASV_2735	k__Fungi	p__Ascomycota	c__Saccharomycetes	o__Saccharomycetales	NA	NA	NA
ASV_2736	k__Fungi	NA	NA	NA	NA	NA	NA
ASV_2737	k__Fungi	NA	NA	NA	NA	NA	NA
ASV_2738	k__Fungi	p__Basidiomycota	NA	NA	NA	NA	NA
ASV_2739	k__Fungi	p__Basidiomycota	NA	NA	NA	NA	NA
ASV_2740	k__Fungi	NA	NA	NA	NA	NA	NA
ASV_2741	k__Fungi	p__Basidiomycota	NA	NA	NA	NA	NA
ASV_2742	k__Fungi	NA	NA	NA	NA	NA	NA
ASV_2743	k__Fungi	p__Ascomycota	c__Eurotiomycetes	o__Eurotiales	f__Aspergillaceae	g__Aspergillus	s__conicus
ASV_2744	k__Fungi	p__Basidiomycota	c__Agaricomycetes	o__Agaricales	f__Strophariaceae	g__Agrocybe	s__praecox
ASV_2745	k__Fungi	NA	NA	NA	NA	NA	NA
ASV_2746	k__Fungi	NA	NA	NA	NA	NA	NA
ASV_2747	k__Fungi	p__Ascomycota	NA	NA	NA	NA	NA
ASV_2748	k__Fungi	p__Basidiomycota	NA	NA	NA	NA	NA
ASV_2749	k__Fungi	NA	NA	NA	NA	NA	NA
ASV_2750	k__Fungi	NA	NA	NA	NA	NA	NA
ASV_2751	k__Fungi	NA	NA	NA	NA	NA	NA
ASV_2752	k__Fungi	NA	NA	NA	NA	NA	NA
ASV_2753	k__Fungi	p__Basidiomycota	c__Tremellomycetes	o__Filobasidiales	f__Piskurozymaceae	g__Solicoccozyma	s__zizaniae
ASV_2754	k__Fungi	NA	NA	NA	NA	NA	NA
ASV_2755	k__Fungi	p__Ascomycota	NA	NA	NA	NA	NA
ASV_2756	k__Fungi	p__Basidiomycota	NA	NA	NA	NA	NA
ASV_2757	k__Fungi	p__Ascomycota	NA	NA	NA	NA	NA
ASV_2758	k__Fungi	p__Basidiomycota	c__Tremellomycetes	o__Tremellales	f__Bulleribasidiaceae	g__Dioszegia	s__crocea
ASV_2759	k__Fungi	p__Ascomycota	c__Saccharomycetes	o__Saccharomycetales	NA	NA	NA
ASV_2760	k__Fungi	NA	NA	NA	NA	NA	NA
ASV_2761	k__Fungi	NA	NA	NA	NA	NA	NA
ASV_2762	k__Fungi	NA	NA	NA	NA	NA	NA
ASV_2763	k__Fungi	NA	NA	NA	NA	NA	NA
ASV_2764	k__Fungi	p__Basidiomycota	NA	NA	NA	NA	NA
ASV_2765	k__Fungi	NA	NA	NA	NA	NA	NA
ASV_2766	k__Fungi	p__Basidiobolomycota	c__Basidiobolomycetes	o__Basidiobolales	f__Basidiobolaceae	g__Basidiobolus	s__magnus
ASV_2767	k__Fungi	NA	NA	NA	NA	NA	NA
ASV_2768	k__Fungi	p__Basidiomycota	c__Agaricomycetes	o__Atheliales	f__Atheliaceae	NA	NA
ASV_2769	k__Fungi	NA	NA	NA	NA	NA	NA
ASV_2770	k__Fungi	p__Ascomycota	c__Sordariomycetes	NA	NA	NA	NA
ASV_2771	k__Fungi	p__Basidiomycota	c__Tremellomycetes	NA	NA	NA	NA
ASV_2772	k__Fungi	p__Ascomycota	c__Leotiomycetes	o__Helotiales	f__Arachnopezizaceae	g__Arachnopeziza	NA
ASV_2773	k__Fungi	p__Basidiomycota	c__Tremellomycetes	o__Holtermanniales	f__Holtermanniaceae	g__Holtermannia	s__saccardoi
ASV_2774	k__Fungi	NA	NA	NA	NA	NA	NA
ASV_2775	k__Fungi	p__Ascomycota	c__Saccharomycetes	o__Saccharomycetales	NA	NA	NA
ASV_2776	k__Fungi	NA	NA	NA	NA	NA	NA
ASV_2777	k__Fungi	NA	NA	NA	NA	NA	NA
ASV_2778	k__Fungi	p__Basidiomycota	c__Agaricomycetes	o__Russulales	f__Xenasmataceae	g__Xenasmatella	s__christiansenii
ASV_2779	k__Fungi	p__Ascomycota	NA	NA	NA	NA	NA
ASV_2780	k__Fungi	NA	NA	NA	NA	NA	NA
ASV_2781	k__Fungi	NA	NA	NA	NA	NA	NA
ASV_2782	k__Fungi	p__Ascomycota	c__Saccharomycetes	o__Saccharomycetales	NA	NA	NA
ASV_2783	k__Fungi	NA	NA	NA	NA	NA	NA
ASV_2784	k__Fungi	NA	NA	NA	NA	NA	NA
ASV_2785	k__Fungi	NA	NA	NA	NA	NA	NA
ASV_2786	k__Fungi	p__Ascomycota	NA	NA	NA	NA	NA
ASV_2787	k__Fungi	NA	NA	NA	NA	NA	NA
ASV_2788	k__Fungi	NA	NA	NA	NA	NA	NA
ASV_2789	k__Fungi	NA	NA	NA	NA	NA	NA
ASV_2790	k__Fungi	p__Basidiomycota	NA	NA	NA	NA	NA
ASV_2791	k__Fungi	NA	NA	NA	NA	NA	NA
ASV_2792	k__Fungi	p__Ascomycota	NA	NA	NA	NA	NA
ASV_2793	k__Fungi	NA	NA	NA	NA	NA	NA
ASV_2794	k__Fungi	p__Basidiobolomycota	c__Basidiobolomycetes	o__Basidiobolales	f__Basidiobolaceae	g__Basidiobolus	s__magnus
ASV_2795	k__Fungi	p__Basidiomycota	NA	NA	NA	NA	NA
ASV_2796	k__Fungi	p__Basidiomycota	NA	NA	NA	NA	NA
ASV_2797	k__Fungi	NA	NA	NA	NA	NA	NA
ASV_2798	k__Fungi	NA	NA	NA	NA	NA	NA
ASV_2799	k__Fungi	NA	NA	NA	NA	NA	NA
ASV_2800	k__Fungi	p__Ascomycota	NA	NA	NA	NA	NA
ASV_2801	k__Fungi	p__Ascomycota	c__Dothideomycetes	o__Phaeotrichales	f__Phaeotrichaceae	g__Trichodelitschia	s__bisporula
ASV_2802	k__Fungi	p__Ascomycota	c__Sordariomycetes	o__Hypocreales	f__Bionectriaceae	g__Clonostachys	s__rosea
ASV_2803	k__Fungi	p__Basidiomycota	NA	NA	NA	NA	NA
ASV_2804	k__Fungi	p__Basidiomycota	NA	NA	NA	NA	NA
ASV_2805	k__Fungi	p__Basidiomycota	c__Ustilaginomycetes	o__Ustilaginales	f__Anthracoideaceae	g__Farysia	s__acheniorum
ASV_2806	k__Fungi	p__Ascomycota	c__Eurotiomycetes	o__Chaetothyriales	NA	NA	NA
ASV_2807	k__Fungi	p__Basidiomycota	c__Tremellomycetes	o__Tremellales	f__Rhynchogastremaceae	g__Papiliotrema	s__siamensis
ASV_2808	k__Fungi	NA	NA	NA	NA	NA	NA
ASV_2809	k__Fungi	NA	NA	NA	NA	NA	NA
ASV_2810	k__Fungi	NA	NA	NA	NA	NA	NA
ASV_2811	k__Fungi	p__Ascomycota	c__Saccharomycetes	o__Saccharomycetales	NA	NA	NA
ASV_2812	k__Fungi	p__Ascomycota	c__Saccharomycetes	o__Saccharomycetales	NA	NA	NA
ASV_2813	k__Fungi	NA	NA	NA	NA	NA	NA
ASV_2814	k__Fungi	p__Ascomycota	c__Saccharomycetes	o__Saccharomycetales	NA	NA	NA
ASV_2815	k__Fungi	p__Ascomycota	c__Saccharomycetes	o__Saccharomycetales	NA	NA	NA
ASV_2816	k__Fungi	p__Ascomycota	c__Saccharomycetes	o__Saccharomycetales	NA	NA	NA
ASV_2817	k__Fungi	NA	NA	NA	NA	NA	NA
ASV_2818	k__Fungi	NA	NA	NA	NA	NA	NA
ASV_2819	k__Fungi	NA	NA	NA	NA	NA	NA
ASV_2820	k__Fungi	NA	NA	NA	NA	NA	NA
ASV_2821	k__Fungi	p__Basidiomycota	NA	NA	NA	NA	NA
ASV_2822	k__Fungi	NA	NA	NA	NA	NA	NA
ASV_2823	k__Fungi	NA	NA	NA	NA	NA	NA
ASV_2824	k__Fungi	NA	NA	NA	NA	NA	NA
ASV_2825	k__Fungi	p__Basidiomycota	NA	NA	NA	NA	NA
ASV_2826	k__Fungi	p__Basidiomycota	c__Tremellomycetes	NA	NA	NA	NA
ASV_2827	k__Fungi	p__Basidiomycota	NA	NA	NA	NA	NA
ASV_2828	k__Fungi	p__Ascomycota	c__Pezizomycetes	o__Pezizales	f__Ascodesmidaceae	g__Trichobolus	NA
ASV_2829	k__Fungi	p__Basidiomycota	c__Tremellomycetes	o__Holtermanniales	f__Holtermanniaceae	g__Holtermannia	s__saccardoi
ASV_2830	k__Fungi	p__Ascomycota	c__Dothideomycetes	o__Venturiales	f__Sympoventuriaceae	g__Pseudosigmoidea	s__excentrica
ASV_2831	k__Fungi	p__Basidiomycota	NA	NA	NA	NA	NA
ASV_2832	k__Fungi	p__Basidiomycota	c__Agaricomycetes	o__Trechisporales	f__Hydnodontaceae	g__Trechispora	s__caucasica
ASV_2833	k__Fungi	p__Ascomycota	NA	NA	NA	NA	NA
ASV_2834	k__Fungi	p__Ascomycota	c__Sordariomycetes	o__Hypocreales	f__Hypocreaceae	NA	NA
ASV_2835	k__Fungi	p__Ascomycota	c__Dothideomycetes	o__Mycosphaerellales	f__Teratosphaeriaceae	g__Teratosphaeria	s__fibrillosa
ASV_2836	k__Fungi	NA	NA	NA	NA	NA	NA
ASV_2837	k__Fungi	NA	NA	NA	NA	NA	NA
ASV_2838	k__Fungi	p__Ascomycota	c__Dothideomycetes	o__Cladosporiales	f__Cladosporiaceae	g__Cladosporium	s__herbarum
ASV_2839	k__Fungi	p__Ascomycota	c__Sordariomycetes	o__Hypocreales	f__Nectriaceae	g__Neonectria	s__major
ASV_2840	k__Fungi	NA	NA	NA	NA	NA	NA
ASV_2841	k__Fungi	p__Ascomycota	NA	NA	NA	NA	NA
ASV_2842	k__Fungi	p__Ascomycota	NA	NA	NA	NA	NA
ASV_2843	k__Fungi	NA	NA	NA	NA	NA	NA
ASV_2844	k__Fungi	NA	NA	NA	NA	NA	NA
ASV_2845	k__Fungi	NA	NA	NA	NA	NA	NA
ASV_2846	k__Fungi	p__Ascomycota	c__Saccharomycetes	o__Saccharomycetales	NA	NA	NA
ASV_2847	k__Fungi	p__Ascomycota	NA	NA	NA	NA	NA
ASV_2848	k__Fungi	NA	NA	NA	NA	NA	NA
ASV_2849	k__Fungi	NA	NA	NA	NA	NA	NA
ASV_2850	k__Fungi	p__Ascomycota	c__Saccharomycetes	o__Saccharomycetales	NA	NA	NA
ASV_2851	k__Fungi	p__Basidiomycota	c__Tremellomycetes	o__Tremellales	f__Bulleribasidiaceae	g__Vishniacozyma	s__victoriae
ASV_2852	k__Fungi	p__Basidiomycota	NA	NA	NA	NA	NA
ASV_2853	k__Fungi	NA	NA	NA	NA	NA	NA
ASV_2854	k__Fungi	p__Ascomycota	c__Eurotiomycetes	o__Ascosphaerales	f__Ascosphaeraceae	g__Ascosphaera	NA
ASV_2855	k__Fungi	p__Basidiomycota	c__Agaricomycetes	o__Agaricales	f__Psathyrellaceae	g__Psathyrella	s__panaeoloides
ASV_2856	k__Fungi	p__Ascomycota	NA	NA	NA	NA	NA
ASV_2857	k__Fungi	p__Ascomycota	c__Leotiomycetes	o__Helotiales	f__Pleuroascaceae	g__Pleuroascus	s__nicholsonii
ASV_2858	k__Fungi	NA	NA	NA	NA	NA	NA
ASV_2859	k__Fungi	p__Ascomycota	c__Dothideomycetes	o__Mycosphaerellales	f__Mycosphaerellaceae	NA	NA
ASV_2860	k__Fungi	NA	NA	NA	NA	NA	NA
ASV_2861	k__Fungi	p__Basidiomycota	c__Agaricomycetes	o__Corticiales	f__Corticiaceae	g__Mycobernardia	s__incrustans
ASV_2862	k__Fungi	NA	NA	NA	NA	NA	NA
ASV_2863	k__Fungi	p__Ascomycota	NA	NA	NA	NA	NA
ASV_2864	k__Fungi	p__Ascomycota	c__Saccharomycetes	o__Saccharomycetales	NA	NA	NA
ASV_2865	k__Fungi	p__Ascomycota	c__Saccharomycetes	o__Saccharomycetales	NA	NA	NA
ASV_2866	k__Fungi	NA	NA	NA	NA	NA	NA
ASV_2867	k__Fungi	p__Ascomycota	c__Saccharomycetes	o__Saccharomycetales	NA	NA	NA
ASV_2868	k__Fungi	NA	NA	NA	NA	NA	NA
ASV_2869	k__Fungi	p__Ascomycota	NA	NA	NA	NA	NA
ASV_2870	k__Fungi	p__Basidiomycota	NA	NA	NA	NA	NA
ASV_2871	k__Fungi	p__Basidiomycota	c__Tremellomycetes	o__Filobasidiales	f__Filobasidiaceae	g__Naganishia	s__albida
ASV_2872	k__Fungi	NA	NA	NA	NA	NA	NA
ASV_2873	k__Fungi	NA	NA	NA	NA	NA	NA
ASV_2874	k__Fungi	NA	NA	NA	NA	NA	NA
ASV_2875	k__Fungi	p__Basidiomycota	NA	NA	NA	NA	NA
ASV_2876	k__Fungi	NA	NA	NA	NA	NA	NA
ASV_2877	k__Fungi	p__Basidiomycota	c__Microbotryomycetes	o__Sporidiobolales	f__Sporidiobolaceae	g__Rhodotorula	s__graminis
ASV_2878	k__Fungi	p__Basidiomycota	NA	NA	NA	NA	NA
ASV_2879	k__Fungi	p__Basidiomycota	c__Cystobasidiomycetes	o__Buckleyzymales	f__Buckleyzymaceae	g__Buckleyzyma	NA
ASV_2880	k__Fungi	p__Ascomycota	c__Sordariomycetes	o__Myrmecridiales	f__Myrmecridiaceae	g__Myrmecridium	s__juncicola
ASV_2881	k__Fungi	p__Ascomycota	c__Leotiomycetes	o__Helotiales	f__Helotiaceae	NA	NA
ASV_2882	k__Fungi	p__Basidiomycota	c__Tremellomycetes	NA	NA	NA	NA
ASV_2883	k__Fungi	NA	NA	NA	NA	NA	NA
ASV_2884	k__Fungi	p__Ascomycota	NA	NA	NA	NA	NA
ASV_2885	k__Fungi	NA	NA	NA	NA	NA	NA
ASV_2886	k__Fungi	NA	NA	NA	NA	NA	NA
ASV_2887	k__Fungi	p__Ascomycota	c__Saccharomycetes	o__Saccharomycetales	NA	NA	NA
ASV_2888	k__Fungi	p__Ascomycota	c__Saccharomycetes	o__Saccharomycetales	NA	NA	NA
ASV_2889	k__Fungi	NA	NA	NA	NA	NA	NA
ASV_2890	k__Fungi	p__Basidiomycota	NA	NA	NA	NA	NA
ASV_2891	k__Fungi	p__Basidiomycota	NA	NA	NA	NA	NA
ASV_2892	k__Fungi	p__Basidiomycota	NA	NA	NA	NA	NA
ASV_2893	k__Fungi	p__Basidiomycota	NA	NA	NA	NA	NA
ASV_2894	k__Fungi	p__Ascomycota	c__Eurotiomycetes	o__Eurotiales	f__Aspergillaceae	g__Penicillium	NA
ASV_2895	k__Fungi	p__Ascomycota	c__Eurotiomycetes	o__Eurotiales	f__Aspergillaceae	g__Penicillium	s__aquadulcis
ASV_2896	k__Fungi	p__Ascomycota	c__Leotiomycetes	o__Thelebolales	f__Pseudeurotiaceae	g__Pseudogymnoascus	NA
ASV_2897	k__Fungi	NA	NA	NA	NA	NA	NA
ASV_2898	k__Fungi	NA	NA	NA	NA	NA	NA
ASV_2899	k__Fungi	NA	NA	NA	NA	NA	NA
ASV_2900	k__Fungi	p__Basidiomycota	c__Agaricomycetes	o__Agaricales	f__Agaricales_fam_Incertae_sedis	g__Clitocybe	s__nebularis
ASV_2901	k__Fungi	p__Basidiomycota	c__Tremellomycetes	o__Tremellales	f__Cuniculitremaceae	g__Kockovaella	s__lichenicola
ASV_2902	k__Fungi	p__Ascomycota	NA	NA	NA	NA	NA
ASV_2903	k__Fungi	NA	NA	NA	NA	NA	NA
ASV_2904	k__Fungi	p__Ascomycota	c__Saccharomycetes	o__Saccharomycetales	NA	NA	NA
ASV_2905	k__Fungi	NA	NA	NA	NA	NA	NA
ASV_2906	k__Fungi	NA	NA	NA	NA	NA	NA
ASV_2907	k__Fungi	p__Ascomycota	c__Saccharomycetes	o__Saccharomycetales	NA	NA	NA
ASV_2908	k__Fungi	p__Ascomycota	c__Saccharomycetes	o__Saccharomycetales	NA	NA	NA
ASV_2909	k__Fungi	p__Ascomycota	NA	NA	NA	NA	NA
ASV_2910	k__Fungi	NA	NA	NA	NA	NA	NA
ASV_2911	k__Fungi	p__Ascomycota	NA	NA	NA	NA	NA
ASV_2912	k__Fungi	p__Ascomycota	c__Saccharomycetes	o__Saccharomycetales	NA	NA	NA
ASV_2913	k__Fungi	p__Ascomycota	c__Saccharomycetes	o__Saccharomycetales	NA	NA	NA
ASV_2914	k__Fungi	NA	NA	NA	NA	NA	NA
ASV_2915	k__Fungi	p__Basidiomycota	c__Agaricomycetes	o__Agaricales	f__Psathyrellaceae	g__Coprinellus	s__xanthothrix
ASV_2916	k__Fungi	NA	NA	NA	NA	NA	NA
ASV_2917	k__Fungi	NA	NA	NA	NA	NA	NA
ASV_2918	k__Fungi	NA	NA	NA	NA	NA	NA
ASV_2919	k__Fungi	NA	NA	NA	NA	NA	NA
ASV_2920	k__Fungi	p__Basidiomycota	NA	NA	NA	NA	NA
ASV_2921	k__Fungi	NA	NA	NA	NA	NA	NA
ASV_2922	k__Fungi	p__Ascomycota	c__Dothideomycetes	o__Cladosporiales	f__Cladosporiaceae	g__Cladosporium	s__herbarum
ASV_2923	k__Fungi	p__Mucoromycota	c__Umbelopsidomycetes	o__Umbelopsidales	f__Umbelopsidaceae	g__Umbelopsis	s__angularis
ASV_2924	k__Fungi	p__Basidiomycota	c__Agaricomycetes	o__Trechisporales	f__Hydnodontaceae	g__Trechispora	NA
ASV_2925	k__Fungi	p__Ascomycota	c__Leotiomycetes	o__Helotiales	f__Myxotrichaceae	g__Oidiodendron	s__flavum
ASV_2926	k__Fungi	p__Ascomycota	c__Sordariomycetes	o__Hypocreales	f__Clavicipitaceae	g__Pochonia	s__globispora
ASV_2927	k__Fungi	p__Mortierellomycota	c__Mortierellomycetes	o__Mortierellales	f__Mortierellaceae	g__Mortierella	s__pulchella
ASV_2928	k__Fungi	NA	NA	NA	NA	NA	NA
ASV_2929	k__Fungi	NA	NA	NA	NA	NA	NA
ASV_2930	k__Fungi	p__Ascomycota	c__Saccharomycetes	o__Saccharomycetales	NA	NA	NA
ASV_2931	k__Fungi	NA	NA	NA	NA	NA	NA
ASV_2932	k__Fungi	p__Ascomycota	c__Saccharomycetes	o__Saccharomycetales	NA	NA	NA
ASV_2933	k__Fungi	p__Ascomycota	c__Saccharomycetes	o__Saccharomycetales	NA	NA	NA
ASV_2934	k__Fungi	p__Ascomycota	c__Saccharomycetes	o__Saccharomycetales	NA	NA	NA
ASV_2935	k__Fungi	p__Ascomycota	c__Saccharomycetes	o__Saccharomycetales	NA	NA	NA
ASV_2936	k__Fungi	p__Ascomycota	c__Saccharomycetes	o__Saccharomycetales	NA	NA	NA
ASV_2937	k__Fungi	p__Ascomycota	NA	NA	NA	NA	NA
ASV_2938	k__Fungi	p__Ascomycota	c__Saccharomycetes	o__Saccharomycetales	NA	NA	NA
ASV_2939	k__Fungi	p__Ascomycota	NA	NA	NA	NA	NA
ASV_2940	k__Fungi	NA	NA	NA	NA	NA	NA
ASV_2941	k__Fungi	NA	NA	NA	NA	NA	NA
ASV_2942	k__Fungi	p__Ascomycota	c__Saccharomycetes	o__Saccharomycetales	NA	NA	NA
ASV_2943	k__Fungi	p__Ascomycota	c__Saccharomycetes	o__Saccharomycetales	NA	NA	NA
ASV_2944	k__Fungi	p__Ascomycota	c__Saccharomycetes	o__Saccharomycetales	NA	NA	NA
ASV_2945	k__Fungi	p__Ascomycota	c__Saccharomycetes	o__Saccharomycetales	NA	NA	NA
ASV_2946	k__Fungi	p__Basidiomycota	c__Agaricomycetes	o__Polyporales	f__Polyporales_fam_Incertae_sedis	g__Fibroporia	s__citrina
ASV_2947	k__Fungi	NA	NA	NA	NA	NA	NA
ASV_2948	k__Fungi	p__Ascomycota	NA	NA	NA	NA	NA
ASV_2949	k__Fungi	NA	NA	NA	NA	NA	NA
ASV_2950	k__Fungi	p__Basidiomycota	NA	NA	NA	NA	NA
ASV_2951	k__Fungi	NA	NA	NA	NA	NA	NA
ASV_2952	k__Fungi	p__Basidiomycota	c__Tremellomycetes	o__Tremellales	f__Bulleraceae	g__Genolevuria	NA
ASV_2953	k__Fungi	NA	NA	NA	NA	NA	NA
ASV_2954	k__Fungi	p__Ascomycota	c__Saccharomycetes	o__Saccharomycetales	NA	NA	NA
ASV_2955	k__Fungi	p__Ascomycota	c__Dothideomycetes	o__Pleosporales	f__Pleosporaceae	g__Curvularia	s__protuberata
ASV_2956	k__Fungi	p__Ascomycota	NA	NA	NA	NA	NA
ASV_2957	k__Fungi	NA	NA	NA	NA	NA	NA
ASV_2958	k__Fungi	p__Ascomycota	c__Saccharomycetes	o__Saccharomycetales	NA	NA	NA
ASV_2959	k__Fungi	NA	NA	NA	NA	NA	NA
ASV_2960	k__Fungi	p__Ascomycota	c__Saccharomycetes	o__Saccharomycetales	NA	NA	NA
ASV_2961	k__Fungi	p__Ascomycota	c__Saccharomycetes	o__Saccharomycetales	NA	NA	NA
ASV_2962	k__Fungi	NA	NA	NA	NA	NA	NA
ASV_2963	k__Fungi	p__Ascomycota	c__Saccharomycetes	o__Saccharomycetales	NA	NA	NA
ASV_2964	k__Fungi	NA	NA	NA	NA	NA	NA
ASV_2965	k__Fungi	NA	NA	NA	NA	NA	NA
ASV_2966	k__Fungi	p__Ascomycota	NA	NA	NA	NA	NA
ASV_2967	k__Fungi	NA	NA	NA	NA	NA	NA
ASV_2968	k__Fungi	p__Basidiomycota	NA	NA	NA	NA	NA
ASV_2969	k__Fungi	NA	NA	NA	NA	NA	NA
ASV_2970	k__Fungi	NA	NA	NA	NA	NA	NA
ASV_2971	k__Fungi	p__Basidiomycota	NA	NA	NA	NA	NA
ASV_2972	k__Fungi	NA	NA	NA	NA	NA	NA
ASV_2973	k__Fungi	p__Ascomycota	c__Eurotiomycetes	o__Chaetothyriales	f__Trichomeriaceae	NA	NA
ASV_2974	k__Fungi	p__Basidiomycota	c__Agaricomycetes	o__Agaricales	f__Omphalotaceae	g__Rhodocollybia	s__butyracea
ASV_2975	k__Fungi	p__Ascomycota	NA	NA	NA	NA	NA
ASV_2976	k__Fungi	NA	NA	NA	NA	NA	NA
ASV_2977	k__Fungi	NA	NA	NA	NA	NA	NA
ASV_2978	k__Fungi	NA	NA	NA	NA	NA	NA
ASV_2979	k__Fungi	p__Ascomycota	c__Saccharomycetes	o__Saccharomycetales	NA	NA	NA
ASV_2980	k__Fungi	p__Ascomycota	c__Saccharomycetes	o__Saccharomycetales	NA	NA	NA
ASV_2981	k__Fungi	p__Ascomycota	c__Saccharomycetes	o__Saccharomycetales	NA	NA	NA
ASV_2982	k__Fungi	p__Ascomycota	c__Saccharomycetes	o__Saccharomycetales	NA	NA	NA
ASV_2983	k__Fungi	NA	NA	NA	NA	NA	NA
ASV_2984	k__Fungi	p__Ascomycota	NA	NA	NA	NA	NA
ASV_2985	k__Fungi	p__Ascomycota	NA	NA	NA	NA	NA
ASV_2986	k__Fungi	NA	NA	NA	NA	NA	NA
ASV_2987	k__Fungi	NA	NA	NA	NA	NA	NA
ASV_2988	k__Fungi	p__Ascomycota	c__Saccharomycetes	o__Saccharomycetales	NA	NA	NA
ASV_2989	k__Fungi	NA	NA	NA	NA	NA	NA
ASV_2990	k__Fungi	NA	NA	NA	NA	NA	NA
ASV_2991	k__Fungi	p__Basidiomycota	c__Microbotryomycetes	o__Sporidiobolales	f__Sporidiobolaceae	g__Rhodosporidiobolus	s__fluvialis
ASV_2992	k__Fungi	NA	NA	NA	NA	NA	NA
ASV_2993	k__Fungi	p__Basidiomycota	NA	NA	NA	NA	NA
ASV_2994	k__Fungi	p__Basidiomycota	NA	NA	NA	NA	NA
ASV_2995	k__Fungi	NA	NA	NA	NA	NA	NA
ASV_2996	k__Fungi	p__Basidiomycota	NA	NA	NA	NA	NA
ASV_2997	k__Fungi	p__Ascomycota	c__Dothideomycetes	o__Pleosporales	f__Pleosporaceae	g__Alternaria	s__metachromatica
ASV_2998	k__Fungi	p__Ascomycota	c__Dothideomycetes	o__Venturiales	f__Sympoventuriaceae	g__Sympoventuria	s__capensis
ASV_2999	k__Fungi	p__Ascomycota	c__Dothideomycetes	o__Venturiales	f__Sympoventuriaceae	g__Bellamyces	s__quercus
ASV_3000	k__Fungi	NA	NA	NA	NA	NA	NA
ASV_3001	k__Fungi	p__Basidiomycota	c__Agaricomycetes	o__Agaricales	f__Mycenaceae	g__Mycena	s__zephirus
ASV_3002	k__Fungi	p__Ascomycota	c__Eurotiomycetes	o__Eurotiales	f__Aspergillaceae	g__Penicillium	NA
ASV_3003	k__Fungi	p__Ascomycota	c__Leotiomycetes	o__Helotiales	f__Helotiaceae	g__Cyathicula	NA
ASV_3004	k__Fungi	p__Ascomycota	c__Sordariomycetes	o__Sordariomycetes_ord_Incertae_sedis	f__Junewangiaceae	g__Sporidesmiella	s__pini
ASV_3005	k__Fungi	p__Ascomycota	c__Sordariomycetes	o__Conioscyphales	f__Conioscyphaceae	g__Conioscyphaceae_gen_Incertae_sedis	NA
ASV_3006	k__Fungi	p__Mortierellomycota	c__Mortierellomycetes	o__Mortierellales	f__Mortierellaceae	NA	NA
ASV_3007	k__Fungi	NA	NA	NA	NA	NA	NA
ASV_3008	k__Fungi	p__Ascomycota	c__Saccharomycetes	o__Saccharomycetales	NA	NA	NA
ASV_3009	k__Fungi	NA	NA	NA	NA	NA	NA
ASV_3010	k__Fungi	p__Ascomycota	c__Saccharomycetes	o__Saccharomycetales	NA	NA	NA
ASV_3011	k__Fungi	NA	NA	NA	NA	NA	NA
ASV_3012	k__Fungi	p__Ascomycota	NA	NA	NA	NA	NA
ASV_3013	k__Fungi	p__Ascomycota	c__Saccharomycetes	o__Saccharomycetales	NA	NA	NA
ASV_3014	k__Fungi	p__Ascomycota	c__Taphrinomycetes	o__Taphrinales	f__Taphrinaceae	g__Taphrina	s__inositophila
ASV_3015	k__Fungi	p__Mucoromycota	c__Mucoromycetes	o__Mucorales	f__Mucoraceae	g__Mucor	s__falcatus
ASV_3016	k__Fungi	p__Ascomycota	NA	NA	NA	NA	NA
ASV_3017	k__Fungi	p__Ascomycota	c__Saccharomycetes	o__Saccharomycetales	NA	NA	NA
ASV_3018	k__Fungi	p__Ascomycota	NA	NA	NA	NA	NA
ASV_3019	k__Fungi	p__Ascomycota	c__Saccharomycetes	o__Saccharomycetales	NA	NA	NA
ASV_3020	k__Fungi	p__Ascomycota	NA	NA	NA	NA	NA
ASV_3021	k__Fungi	p__Ascomycota	c__Saccharomycetes	o__Saccharomycetales	NA	NA	NA
ASV_3022	k__Fungi	NA	NA	NA	NA	NA	NA
ASV_3023	k__Fungi	NA	NA	NA	NA	NA	NA
ASV_3024	k__Fungi	p__Ascomycota	c__Sordariomycetes	o__Hypocreales	f__Clavicipitaceae	g__Claviceps	s__arundinis
ASV_3025	k__Fungi	NA	NA	NA	NA	NA	NA
ASV_3026	k__Fungi	p__Ascomycota	c__Dothideomycetes	o__Pleosporales	f__Pleosporaceae	g__Pyrenophora	s__biseptata
ASV_3027	k__Fungi	p__Basidiomycota	c__Tremellomycetes	o__Trichosporonales	f__Trichosporonaceae	g__Apiotrichum	s__dehoogii
ASV_3028	k__Fungi	NA	NA	NA	NA	NA	NA
ASV_3029	k__Fungi	NA	NA	NA	NA	NA	NA
ASV_3030	k__Fungi	NA	NA	NA	NA	NA	NA
ASV_3031	k__Fungi	p__Basidiomycota	NA	NA	NA	NA	NA
ASV_3032	k__Fungi	NA	NA	NA	NA	NA	NA
ASV_3033	k__Fungi	p__Basidiomycota	NA	NA	NA	NA	NA
ASV_3034	k__Fungi	p__Ascomycota	c__Dothideomycetes	o__Pleosporales	f__Phaeosphaeriaceae	g__Sclerostagonospora	s__sulcata
ASV_3035	k__Fungi	p__Ascomycota	c__Eurotiomycetes	o__Onygenales	f__Arthrodermataceae	g__Arthroderma	s__curreyi
ASV_3036	k__Fungi	p__Ascomycota	c__Saccharomycetes	o__Saccharomycetales	NA	NA	NA
ASV_3037	k__Fungi	NA	NA	NA	NA	NA	NA
ASV_3038	k__Fungi	NA	NA	NA	NA	NA	NA
ASV_3039	k__Fungi	NA	NA	NA	NA	NA	NA
ASV_3040	k__Fungi	p__Ascomycota	c__Pezizomycotina_cls_Incertae_sedis	o__Pezizomycotina_ord_Incertae_sedis	f__Pezizomycotina_fam_Incertae_sedis	g__Spermospora	s__loliiphila
ASV_3041	k__Fungi	p__Ascomycota	c__Dothideomycetes	o__Pleosporales	f__Sporormiaceae	g__Preussia	s__flanaganii
ASV_3042	k__Fungi	p__Ascomycota	c__Saccharomycetes	o__Saccharomycetales	NA	NA	NA
ASV_3043	k__Fungi	p__Ascomycota	c__Saccharomycetes	o__Saccharomycetales	NA	NA	NA
ASV_3044	k__Fungi	p__Ascomycota	c__Saccharomycetes	o__Saccharomycetales	NA	NA	NA
ASV_3045	k__Fungi	p__Ascomycota	c__Saccharomycetes	o__Saccharomycetales	NA	NA	NA
ASV_3046	k__Fungi	p__Basidiomycota	NA	NA	NA	NA	NA
ASV_3047	k__Fungi	p__Ascomycota	c__Saccharomycetes	o__Saccharomycetales	NA	NA	NA
ASV_3048	k__Fungi	p__Ascomycota	c__Saccharomycetes	o__Saccharomycetales	NA	NA	NA
ASV_3049	k__Fungi	p__Ascomycota	c__Saccharomycetes	o__Saccharomycetales	NA	NA	NA
ASV_3050	k__Fungi	p__Ascomycota	NA	NA	NA	NA	NA
ASV_3051	k__Fungi	p__Ascomycota	c__Saccharomycetes	o__Saccharomycetales	NA	NA	NA
ASV_3052	k__Fungi	NA	NA	NA	NA	NA	NA
ASV_3053	k__Fungi	NA	NA	NA	NA	NA	NA
ASV_3054	k__Fungi	NA	NA	NA	NA	NA	NA
ASV_3055	k__Fungi	NA	NA	NA	NA	NA	NA
ASV_3056	k__Fungi	NA	NA	NA	NA	NA	NA
ASV_3057	k__Fungi	NA	NA	NA	NA	NA	NA
ASV_3058	k__Fungi	NA	NA	NA	NA	NA	NA
ASV_3059	k__Fungi	p__Basidiomycota	NA	NA	NA	NA	NA
ASV_3060	k__Fungi	p__Basidiomycota	c__Tremellomycetes	o__Tremellales	f__Bulleribasidiaceae	g__Vishniacozyma	s__victoriae
ASV_3061	k__Fungi	p__Basidiomycota	c__Agaricomycetes	o__Agaricales	f__Entolomataceae	g__Entoloma	s__salicetense
ASV_3062	k__Fungi	NA	NA	NA	NA	NA	NA
ASV_3063	k__Fungi	p__Ascomycota	c__Eurotiomycetes	o__Eurotiales	f__Aspergillaceae	g__Penicillium	s__multicolor
ASV_3064	k__Fungi	p__Ascomycota	c__Dothideomycetes	o__Mycosphaerellales	NA	NA	NA
ASV_3065	k__Fungi	p__Ascomycota	c__Sordariomycetes	o__Cephalothecales	f__Cephalothecaceae	g__Phialemonium	s__inflatum
ASV_3066	k__Fungi	p__Ascomycota	c__Sordariomycetes	o__Hypocreales	f__Clavicipitaceae	g__Metapochonia	s__bulbillosa
ASV_3067	k__Fungi	NA	NA	NA	NA	NA	NA
ASV_3068	k__Fungi	NA	NA	NA	NA	NA	NA
ASV_3069	k__Fungi	p__Ascomycota	c__Laboulbeniomycetes	o__Pyxidiophorales	f__Pyxidiophoraceae	g__Pyxidiophora	s__arvernensis
ASV_3070	k__Fungi	p__Ascomycota	NA	NA	NA	NA	NA
ASV_3071	k__Fungi	NA	NA	NA	NA	NA	NA
ASV_3072	k__Fungi	p__Ascomycota	c__Saccharomycetes	o__Saccharomycetales	NA	NA	NA
ASV_3073	k__Fungi	NA	NA	NA	NA	NA	NA
ASV_3074	k__Fungi	p__Ascomycota	c__Saccharomycetes	o__Saccharomycetales	NA	NA	NA
ASV_3075	k__Fungi	p__Ascomycota	c__Saccharomycetes	o__Saccharomycetales	NA	NA	NA
ASV_3076	k__Fungi	NA	NA	NA	NA	NA	NA
ASV_3077	k__Fungi	NA	NA	NA	NA	NA	NA
ASV_3078	k__Fungi	NA	NA	NA	NA	NA	NA
ASV_3079	k__Fungi	NA	NA	NA	NA	NA	NA
ASV_3080	k__Fungi	NA	NA	NA	NA	NA	NA
ASV_3081	k__Fungi	p__Ascomycota	c__Sordariomycetes	o__Hypocreales	f__Clavicipitaceae	g__Claviceps	s__arundinis
ASV_3082	k__Fungi	NA	NA	NA	NA	NA	NA
ASV_3083	k__Fungi	NA	NA	NA	NA	NA	NA
ASV_3084	k__Fungi	p__Basidiomycota	NA	NA	NA	NA	NA
ASV_3085	k__Fungi	p__Basidiomycota	NA	NA	NA	NA	NA
ASV_3086	k__Fungi	p__Basidiomycota	NA	NA	NA	NA	NA
ASV_3087	k__Fungi	p__Basidiomycota	NA	NA	NA	NA	NA
ASV_3088	k__Fungi	NA	NA	NA	NA	NA	NA
ASV_3089	k__Fungi	p__Ascomycota	c__Dothideomycetes	o__Pleosporales	f__Pleosporaceae	g__Alternaria	s__rosae
ASV_3090	k__Fungi	p__Ascomycota	c__Dothideomycetes	o__Tubeufiales	f__Tubeufiaceae	NA	NA
ASV_3091	k__Fungi	p__Ascomycota	c__Eurotiomycetes	o__Eurotiales	f__Aspergillaceae	g__Penicillium	NA
ASV_3092	k__Fungi	p__Ascomycota	c__Leotiomycetes	o__Thelebolales	f__Pseudeurotiaceae	g__Pseudeurotiaceae_gen_Incertae_sedis	NA
ASV_3093	k__Fungi	p__Ascomycota	c__Sordariomycetes	o__Hypocreales	f__Sarocladiaceae	g__Sarocladium	s__summerbellii
ASV_3094	k__Fungi	NA	NA	NA	NA	NA	NA
ASV_3095	k__Fungi	p__Ascomycota	c__Eurotiomycetes	o__Eurotiales	f__Aspergillaceae	g__Aspergillus	s__ruber
ASV_3096	k__Fungi	p__Basidiomycota	c__Tremellomycetes	o__Tremellales	f__Cuniculitremaceae	g__Kockovaella	s__lichenicola
ASV_3097	k__Fungi	p__Ascomycota	c__Leotiomycetes	o__Helotiales	f__Hyaloscyphaceae	g__Clathrosphaerina	NA
ASV_3098	k__Fungi	p__Ascomycota	c__Dothideomycetes	o__Capnodiales	f__Xenodevriesiaceae	g__Xenodevriesia	s__strelitziicola
ASV_3099	k__Fungi	p__Ascomycota	c__Saccharomycetes	o__Saccharomycetales	NA	NA	NA
ASV_3100	k__Fungi	NA	NA	NA	NA	NA	NA
ASV_3101	k__Fungi	p__Ascomycota	NA	NA	NA	NA	NA
ASV_3102	k__Fungi	NA	NA	NA	NA	NA	NA
ASV_3103	k__Fungi	p__Ascomycota	NA	NA	NA	NA	NA
ASV_3104	k__Fungi	NA	NA	NA	NA	NA	NA
ASV_3105	k__Fungi	p__Basidiomycota	c__Tremellomycetes	o__Tremellales	NA	NA	NA
ASV_3106	k__Fungi	p__Basidiomycota	c__Microbotryomycetes	o__Microbotryales	f__Ustilentylomataceae	g__Ustilentyloma	s__graminis
ASV_3107	k__Fungi	p__Ascomycota	c__Saccharomycetes	o__Saccharomycetales	NA	NA	NA
ASV_3108	k__Fungi	NA	NA	NA	NA	NA	NA
ASV_3109	k__Fungi	p__Ascomycota	c__Saccharomycetes	o__Saccharomycetales	NA	NA	NA
ASV_3110	k__Fungi	NA	NA	NA	NA	NA	NA
ASV_3111	k__Fungi	NA	NA	NA	NA	NA	NA
ASV_3112	k__Fungi	p__Basidiomycota	NA	NA	NA	NA	NA
ASV_3113	k__Fungi	NA	NA	NA	NA	NA	NA
ASV_3114	k__Fungi	NA	NA	NA	NA	NA	NA
ASV_3115	k__Fungi	NA	NA	NA	NA	NA	NA
ASV_3116	k__Fungi	NA	NA	NA	NA	NA	NA
ASV_3117	k__Fungi	NA	NA	NA	NA	NA	NA
ASV_3118	k__Fungi	p__Basidiomycota	NA	NA	NA	NA	NA
ASV_3119	k__Fungi	NA	NA	NA	NA	NA	NA
ASV_3120	k__Fungi	p__Basidiomycota	NA	NA	NA	NA	NA
ASV_3121	k__Fungi	p__Ascomycota	c__Eurotiomycetes	o__Chaetothyriales	f__Trichomeriaceae	g__Trichomerium	NA
ASV_3122	k__Fungi	p__Ascomycota	c__Dothideomycetes	o__Mycosphaerellales	f__Teratosphaeriaceae	g__Acrodontium	NA
ASV_3123	k__Fungi	NA	NA	NA	NA	NA	NA
ASV_3124	k__Fungi	NA	NA	NA	NA	NA	NA
ASV_3125	k__Fungi	p__Ascomycota	NA	NA	NA	NA	NA
ASV_3126	k__Fungi	p__Ascomycota	c__Eurotiomycetes	o__Eurotiales	f__Aspergillaceae	g__Penicillium	s__aquadulcis
ASV_3127	k__Fungi	p__Ascomycota	c__Leotiomycetes	o__Thelebolales	f__Pseudeurotiaceae	g__Pseudogymnoascus	NA
ASV_3128	k__Fungi	NA	NA	NA	NA	NA	NA
ASV_3129	k__Fungi	NA	NA	NA	NA	NA	NA
ASV_3130	k__Fungi	p__Ascomycota	NA	NA	NA	NA	NA
ASV_3131	k__Fungi	p__Ascomycota	c__Saccharomycetes	o__Saccharomycetales	NA	NA	NA
ASV_3132	k__Fungi	NA	NA	NA	NA	NA	NA
ASV_3133	k__Fungi	NA	NA	NA	NA	NA	NA
ASV_3134	k__Fungi	NA	NA	NA	NA	NA	NA
ASV_3135	k__Fungi	p__Ascomycota	NA	NA	NA	NA	NA
ASV_3136	k__Fungi	p__Ascomycota	c__Saccharomycetes	o__Saccharomycetales	NA	NA	NA
ASV_3137	k__Fungi	p__Ascomycota	c__Saccharomycetes	o__Saccharomycetales	NA	NA	NA
ASV_3138	k__Fungi	NA	NA	NA	NA	NA	NA
ASV_3139	k__Fungi	NA	NA	NA	NA	NA	NA
ASV_3140	k__Fungi	NA	NA	NA	NA	NA	NA
ASV_3141	k__Fungi	NA	NA	NA	NA	NA	NA
ASV_3142	k__Fungi	NA	NA	NA	NA	NA	NA
ASV_3143	k__Fungi	NA	NA	NA	NA	NA	NA
ASV_3144	k__Fungi	NA	NA	NA	NA	NA	NA
ASV_3145	k__Fungi	p__Basidiomycota	NA	NA	NA	NA	NA
ASV_3146	k__Fungi	p__Basidiomycota	NA	NA	NA	NA	NA
ASV_3147	k__Fungi	p__Ascomycota	c__Dothideomycetes	o__Mycosphaerellales	NA	NA	NA
ASV_3148	k__Fungi	p__Basidiomycota	c__Agaricomycetes	o__Agaricales	f__Bolbitiaceae	g__Conocybe	s__semiglobata
ASV_3149	k__Fungi	p__Ascomycota	c__Leotiomycetes	o__Helotiales	f__Myxotrichaceae	g__Oidiodendron	NA
ASV_3150	k__Fungi	p__Ascomycota	c__Dothideomycetes	o__Mycosphaerellales	f__Mycosphaerellaceae	NA	NA
ASV_3151	k__Fungi	p__Ascomycota	c__Taphrinomycetes	o__Taphrinales	f__Taphrinaceae	g__Taphrina	NA
ASV_3152	k__Fungi	p__Basidiomycota	NA	NA	NA	NA	NA
ASV_3153	k__Fungi	p__Ascomycota	NA	NA	NA	NA	NA
ASV_3154	k__Fungi	NA	NA	NA	NA	NA	NA
ASV_3155	k__Fungi	p__Ascomycota	NA	NA	NA	NA	NA
ASV_3156	k__Fungi	NA	NA	NA	NA	NA	NA
ASV_3157	k__Fungi	p__Basidiomycota	c__Tremellomycetes	o__Tremellales	f__Bulleribasidiaceae	g__Vishniacozyma	s__victoriae
ASV_3158	k__Fungi	p__Basidiomycota	NA	NA	NA	NA	NA
ASV_3159	k__Fungi	p__Ascomycota	c__Saccharomycetes	o__Saccharomycetales	NA	NA	NA
ASV_3160	k__Fungi	NA	NA	NA	NA	NA	NA
ASV_3161	k__Fungi	p__Ascomycota	c__Saccharomycetes	o__Saccharomycetales	NA	NA	NA
ASV_3162	k__Fungi	p__Ascomycota	NA	NA	NA	NA	NA
ASV_3163	k__Fungi	p__Ascomycota	c__Saccharomycetes	o__Saccharomycetales	NA	NA	NA
ASV_3164	k__Fungi	p__Ascomycota	c__Saccharomycetes	o__Saccharomycetales	NA	NA	NA
ASV_3165	k__Fungi	NA	NA	NA	NA	NA	NA
ASV_3166	k__Fungi	p__Ascomycota	c__Saccharomycetes	o__Saccharomycetales	NA	NA	NA
ASV_3167	k__Fungi	NA	NA	NA	NA	NA	NA
ASV_3168	k__Fungi	NA	NA	NA	NA	NA	NA
ASV_3169	k__Fungi	NA	NA	NA	NA	NA	NA
ASV_3170	k__Fungi	NA	NA	NA	NA	NA	NA
ASV_3171	k__Fungi	NA	NA	NA	NA	NA	NA
ASV_3172	k__Fungi	NA	NA	NA	NA	NA	NA
ASV_3173	k__Fungi	p__Ascomycota	c__Saccharomycetes	o__Saccharomycetales	NA	NA	NA
ASV_3174	k__Fungi	NA	NA	NA	NA	NA	NA
ASV_3175	k__Fungi	p__Basidiomycota	NA	NA	NA	NA	NA
ASV_3176	k__Fungi	NA	NA	NA	NA	NA	NA
ASV_3177	k__Fungi	p__Basidiomycota	NA	NA	NA	NA	NA
ASV_3178	k__Fungi	p__Basidiomycota	NA	NA	NA	NA	NA
ASV_3179	k__Fungi	p__Ascomycota	c__Dothideomycetes	o__Mycosphaerellales	f__Extremaceae	g__Paradevriesia	s__pseudoamericana
ASV_3180	k__Fungi	p__Basidiomycota	c__Tremellomycetes	o__Filobasidiales	f__Piskurozymaceae	g__Solicoccozyma	s__terrea
ASV_3181	k__Fungi	p__Ascomycota	c__Dothideomycetes	o__Mycosphaerellales	f__Teratosphaeriaceae	g__Teratosphaeria	s__fibrillosa
ASV_3182	k__Fungi	NA	NA	NA	NA	NA	NA
ASV_3183	k__Fungi	p__Basidiomycota	NA	NA	NA	NA	NA
ASV_3184	k__Fungi	p__Ascomycota	c__Dothideomycetes	o__Mycosphaerellales	f__Teratosphaeriaceae	g__Devriesia	NA
ASV_3185	k__Fungi	p__Ascomycota	c__Saccharomycetes	o__Saccharomycetales	NA	NA	NA
ASV_3186	k__Fungi	p__Ascomycota	c__Saccharomycetes	o__Saccharomycetales	NA	NA	NA
ASV_3187	k__Fungi	NA	NA	NA	NA	NA	NA
ASV_3188	k__Fungi	p__Basidiomycota	c__Agaricomycetes	o__Agaricales	f__Psathyrellaceae	g__Coprinellus	s__heptemerus
ASV_3189	k__Fungi	p__Ascomycota	c__Saccharomycetes	o__Saccharomycetales	NA	NA	NA
ASV_3190	k__Fungi	NA	NA	NA	NA	NA	NA
ASV_3191	k__Fungi	p__Ascomycota	c__Saccharomycetes	o__Saccharomycetales	NA	NA	NA
ASV_3192	k__Fungi	p__Ascomycota	NA	NA	NA	NA	NA
ASV_3193	k__Fungi	p__Ascomycota	NA	NA	NA	NA	NA
ASV_3194	k__Fungi	p__Ascomycota	NA	NA	NA	NA	NA
ASV_3195	k__Fungi	p__Ascomycota	c__Saccharomycetes	o__Saccharomycetales	NA	NA	NA
ASV_3196	k__Fungi	p__Ascomycota	c__Saccharomycetes	o__Saccharomycetales	NA	NA	NA
ASV_3197	k__Fungi	p__Ascomycota	NA	NA	NA	NA	NA
ASV_3198	k__Fungi	NA	NA	NA	NA	NA	NA
ASV_3199	k__Fungi	p__Ascomycota	NA	NA	NA	NA	NA
ASV_3200	k__Fungi	NA	NA	NA	NA	NA	NA
ASV_3201	k__Fungi	NA	NA	NA	NA	NA	NA
ASV_3202	k__Fungi	p__Ascomycota	NA	NA	NA	NA	NA
ASV_3203	k__Fungi	NA	NA	NA	NA	NA	NA
ASV_3204	k__Fungi	p__Ascomycota	c__Saccharomycetes	o__Saccharomycetales	NA	NA	NA
ASV_3205	k__Fungi	p__Ascomycota	NA	NA	NA	NA	NA
ASV_3206	k__Fungi	NA	NA	NA	NA	NA	NA
ASV_3207	k__Fungi	p__Ascomycota	c__Saccharomycetes	o__Saccharomycetales	NA	NA	NA
ASV_3208	k__Fungi	NA	NA	NA	NA	NA	NA
ASV_3209	k__Fungi	NA	NA	NA	NA	NA	NA
ASV_3210	k__Fungi	p__Ascomycota	c__Sordariomycetes	o__Sordariales	f__Sordariaceae	g__Neurospora	s__terricola
ASV_3211	k__Fungi	NA	NA	NA	NA	NA	NA
ASV_3212	k__Fungi	NA	NA	NA	NA	NA	NA
ASV_3213	k__Fungi	NA	NA	NA	NA	NA	NA
ASV_3214	k__Fungi	NA	NA	NA	NA	NA	NA
ASV_3215	k__Fungi	NA	NA	NA	NA	NA	NA
ASV_3216	k__Fungi	NA	NA	NA	NA	NA	NA
ASV_3217	k__Fungi	p__Basidiomycota	NA	NA	NA	NA	NA
ASV_3218	k__Fungi	p__Basidiomycota	NA	NA	NA	NA	NA
ASV_3219	k__Fungi	p__Basidiomycota	NA	NA	NA	NA	NA
ASV_3220	k__Fungi	p__Basidiomycota	c__Microbotryomycetes	o__Sporidiobolales	f__Sporidiobolaceae	g__Rhodotorula	s__mucilaginosa
ASV_3221	k__Fungi	p__Ascomycota	c__Sordariomycetes	o__Myrmecridiales	f__Myrmecridiaceae	g__Myrmecridium	NA
ASV_3222	k__Fungi	NA	NA	NA	NA	NA	NA
ASV_3223	k__Fungi	p__Ascomycota	c__Eurotiomycetes	o__Eurotiales	f__Aspergillaceae	g__Penicillium	s__brasilianum
ASV_3224	k__Fungi	NA	NA	NA	NA	NA	NA
ASV_3225	k__Fungi	p__Mortierellomycota	c__Mortierellomycetes	o__Mortierellales	f__Mortierellaceae	NA	NA
ASV_3226	k__Fungi	NA	NA	NA	NA	NA	NA
ASV_3227	k__Fungi	p__Basidiomycota	c__Malasseziomycetes	o__Malasseziales	f__Malasseziaceae	g__Malassezia	s__restricta
ASV_3228	k__Fungi	p__Basidiomycota	c__Agaricomycetes	o__Trechisporales	f__Hydnodontaceae	g__Luellia	s__cystidiata
ASV_3229	k__Fungi	NA	NA	NA	NA	NA	NA
ASV_3230	k__Fungi	p__Ascomycota	c__Dothideomycetes	o__Pleosporales	f__Phaeosphaeriaceae	g__Chaetosphaeronema	s__achilleae
ASV_3231	k__Fungi	NA	NA	NA	NA	NA	NA
ASV_3232	k__Fungi	NA	NA	NA	NA	NA	NA
ASV_3233	k__Fungi	p__Ascomycota	c__Sordariomycetes	o__Sporidesmiales	f__Sporidesmiaceae	g__Sporidesmium	NA
ASV_3234	k__Fungi	NA	NA	NA	NA	NA	NA
ASV_3235	k__Fungi	p__Ascomycota	NA	NA	NA	NA	NA
ASV_3236	k__Fungi	p__Ascomycota	c__Saccharomycetes	o__Saccharomycetales	NA	NA	NA
ASV_3237	k__Fungi	NA	NA	NA	NA	NA	NA
ASV_3238	k__Fungi	p__Ascomycota	NA	NA	NA	NA	NA
ASV_3239	k__Fungi	NA	NA	NA	NA	NA	NA
ASV_3240	k__Fungi	NA	NA	NA	NA	NA	NA
ASV_3241	k__Fungi	NA	NA	NA	NA	NA	NA
ASV_3242	k__Fungi	NA	NA	NA	NA	NA	NA
ASV_3243	k__Fungi	NA	NA	NA	NA	NA	NA
ASV_3244	k__Fungi	NA	NA	NA	NA	NA	NA
ASV_3245	k__Fungi	NA	NA	NA	NA	NA	NA
ASV_3246	k__Fungi	NA	NA	NA	NA	NA	NA
ASV_3247	k__Fungi	NA	NA	NA	NA	NA	NA
ASV_3248	k__Fungi	NA	NA	NA	NA	NA	NA
ASV_3249	k__Fungi	p__Basidiomycota	NA	NA	NA	NA	NA
ASV_3250	k__Fungi	p__Basidiomycota	NA	NA	NA	NA	NA
ASV_3251	k__Fungi	p__Basidiomycota	NA	NA	NA	NA	NA
ASV_3252	k__Fungi	p__Ascomycota	c__Sordariomycetes	NA	NA	NA	NA
ASV_3253	k__Fungi	p__Ascomycota	c__Sordariomycetes	o__Sordariales	f__Chaetomiaceae	g__Humicola	s__nigrescens
ASV_3254	k__Fungi	p__Basidiomycota	NA	NA	NA	NA	NA
ASV_3255	k__Fungi	p__Ascomycota	c__Sordariomycetes	o__Hypocreales	f__Cordycipitaceae	g__Leptobacillium	NA
ASV_3256	k__Fungi	p__Ascomycota	c__Leotiomycetes	o__Helotiales	f__Pezizellaceae	g__Rodwayella	NA
ASV_3257	k__Fungi	p__Ascomycota	c__Saccharomycetes	o__Saccharomycetales	NA	NA	NA
ASV_3258	k__Fungi	NA	NA	NA	NA	NA	NA
ASV_3259	k__Fungi	NA	NA	NA	NA	NA	NA
ASV_3260	k__Fungi	NA	NA	NA	NA	NA	NA
ASV_3261	k__Fungi	NA	NA	NA	NA	NA	NA
ASV_3262	k__Fungi	p__Ascomycota	c__Saccharomycetes	o__Saccharomycetales	NA	NA	NA
ASV_3263	k__Fungi	p__Ascomycota	c__Saccharomycetes	o__Saccharomycetales	NA	NA	NA
ASV_3264	k__Fungi	p__Basidiomycota	NA	NA	NA	NA	NA
ASV_3265	k__Fungi	NA	NA	NA	NA	NA	NA
ASV_3266	k__Fungi	p__Ascomycota	c__Dothideomycetes	o__Mycosphaerellales	f__Extremaceae	NA	NA
ASV_3267	k__Fungi	p__Ascomycota	c__Dothideomycetes	o__Mycosphaerellales	f__Mycosphaerellaceae	NA	NA
ASV_3268	k__Fungi	NA	NA	NA	NA	NA	NA
ASV_3269	k__Fungi	NA	NA	NA	NA	NA	NA
ASV_3270	k__Fungi	NA	NA	NA	NA	NA	NA
ASV_3271	k__Fungi	NA	NA	NA	NA	NA	NA
ASV_3272	k__Fungi	p__Basidiomycota	NA	NA	NA	NA	NA
ASV_3273	k__Fungi	NA	NA	NA	NA	NA	NA
ASV_3274	k__Fungi	NA	NA	NA	NA	NA	NA
ASV_3275	k__Fungi	NA	NA	NA	NA	NA	NA
ASV_3276	k__Fungi	NA	NA	NA	NA	NA	NA
ASV_3277	k__Fungi	p__Basidiomycota	NA	NA	NA	NA	NA
ASV_3278	k__Fungi	NA	NA	NA	NA	NA	NA
ASV_3279	k__Fungi	p__Basidiomycota	c__Agaricomycetes	o__Agaricales	f__Entolomataceae	g__Clitopilus	NA
ASV_3280	k__Fungi	NA	NA	NA	NA	NA	NA
ASV_3281	k__Fungi	p__Basidiomycota	c__Agaricomycetes	o__Cantharellales	f__Hydnaceae	g__Sistotrema	s__coroniferum
ASV_3282	k__Fungi	p__Basidiomycota	c__Microbotryomycetes	o__Microbotryomycetes_ord_Incertae_sedis	f__Microbotryomycetes_fam_Incertae_sedis	g__Curvibasidium	NA
ASV_3283	k__Fungi	NA	NA	NA	NA	NA	NA
ASV_3284	k__Fungi	NA	NA	NA	NA	NA	NA
ASV_3285	k__Fungi	NA	NA	NA	NA	NA	NA
ASV_3286	k__Fungi	p__Ascomycota	c__Saccharomycetes	o__Saccharomycetales	NA	NA	NA
ASV_3287	k__Fungi	p__Ascomycota	NA	NA	NA	NA	NA
ASV_3288	k__Fungi	p__Basidiomycota	c__Agaricomycetes	o__Agaricales	f__Agaricales_fam_Incertae_sedis	g__Panaeolus	s__acuminatus
ASV_3289	k__Fungi	p__Ascomycota	c__Sordariomycetes	o__Hypocreales	f__Sarocladiaceae	g__Sarocladium	s__dejongiae
ASV_3290	k__Fungi	p__Ascomycota	c__Saccharomycetes	o__Saccharomycetales	NA	NA	NA
ASV_3291	k__Fungi	NA	NA	NA	NA	NA	NA
ASV_3292	k__Fungi	p__Basidiomycota	c__Agaricomycetes	o__Agaricales	f__Psathyrellaceae	g__Coprinellus	s__micaceus
ASV_3293	k__Fungi	p__Basidiomycota	c__Cystobasidiomycetes	o__Erythrobasidiales	f__Erythrobasidiaceae	g__Erythrobasidium	s__proteacearum
ASV_3294	k__Fungi	p__Ascomycota	c__Saccharomycetes	o__Saccharomycetales	NA	NA	NA
ASV_3295	k__Fungi	p__Ascomycota	c__Saccharomycetes	o__Saccharomycetales	NA	NA	NA
ASV_3296	k__Fungi	p__Ascomycota	NA	NA	NA	NA	NA
ASV_3297	k__Fungi	p__Ascomycota	c__Saccharomycetes	o__Saccharomycetales	NA	NA	NA
ASV_3298	k__Fungi	p__Ascomycota	c__Saccharomycetes	o__Saccharomycetales	NA	NA	NA
ASV_3299	k__Fungi	p__Ascomycota	NA	NA	NA	NA	NA
ASV_3300	k__Fungi	p__Ascomycota	NA	NA	NA	NA	NA
ASV_3301	k__Fungi	p__Ascomycota	c__Saccharomycetes	o__Saccharomycetales	NA	NA	NA
ASV_3302	k__Fungi	p__Ascomycota	c__Saccharomycetes	o__Saccharomycetales	NA	NA	NA
ASV_3303	k__Fungi	p__Ascomycota	NA	NA	NA	NA	NA
ASV_3304	k__Fungi	p__Ascomycota	c__Saccharomycetes	o__Saccharomycetales	NA	NA	NA
ASV_3305	k__Fungi	p__Ascomycota	c__Saccharomycetes	o__Saccharomycetales	NA	NA	NA
ASV_3306	k__Fungi	NA	NA	NA	NA	NA	NA
ASV_3307	k__Fungi	NA	NA	NA	NA	NA	NA
ASV_3308	k__Fungi	NA	NA	NA	NA	NA	NA
ASV_3309	k__Fungi	NA	NA	NA	NA	NA	NA
ASV_3310	k__Fungi	NA	NA	NA	NA	NA	NA
ASV_3311	k__Fungi	NA	NA	NA	NA	NA	NA
ASV_3312	k__Fungi	NA	NA	NA	NA	NA	NA
ASV_3313	k__Fungi	NA	NA	NA	NA	NA	NA
ASV_3314	k__Fungi	NA	NA	NA	NA	NA	NA
ASV_3315	k__Fungi	NA	NA	NA	NA	NA	NA
ASV_3316	k__Fungi	NA	NA	NA	NA	NA	NA
ASV_3317	k__Fungi	p__Ascomycota	c__Sordariomycetes	o__Hypocreales	NA	NA	NA
ASV_3318	k__Fungi	NA	NA	NA	NA	NA	NA
ASV_3319	k__Fungi	p__Basidiomycota	c__Agaricomycetes	o__Agaricales	f__Clavariaceae	NA	NA
ASV_3320	k__Fungi	p__Basidiomycota	NA	NA	NA	NA	NA
ASV_3321	k__Fungi	NA	NA	NA	NA	NA	NA
ASV_3322	k__Fungi	NA	NA	NA	NA	NA	NA
ASV_3323	k__Fungi	NA	NA	NA	NA	NA	NA
ASV_3324	k__Fungi	p__Basidiomycota	c__Ustilaginomycetes	o__Ustilaginales	f__Anthracoideaceae	g__Farysia	s__acheniorum
ASV_3325	k__Fungi	p__Ascomycota	NA	NA	NA	NA	NA
ASV_3326	k__Fungi	p__Ascomycota	NA	NA	NA	NA	NA
ASV_3327	k__Fungi	p__Ascomycota	NA	NA	NA	NA	NA
ASV_3328	k__Fungi	NA	NA	NA	NA	NA	NA
ASV_3329	k__Fungi	p__Basidiomycota	c__Malasseziomycetes	o__Malasseziales	f__Malasseziaceae	g__Malassezia	s__sympodialis
ASV_3330	k__Fungi	p__Ascomycota	NA	NA	NA	NA	NA
ASV_3331	k__Fungi	NA	NA	NA	NA	NA	NA
ASV_3332	k__Fungi	p__Ascomycota	c__Saccharomycetes	o__Saccharomycetales	NA	NA	NA
ASV_3333	k__Fungi	p__Ascomycota	c__Saccharomycetes	o__Saccharomycetales	NA	NA	NA
ASV_3334	k__Fungi	p__Ascomycota	c__Saccharomycetes	o__Saccharomycetales	NA	NA	NA
ASV_3335	k__Fungi	NA	NA	NA	NA	NA	NA
ASV_3336	k__Fungi	p__Ascomycota	c__Saccharomycetes	o__Saccharomycetales	NA	NA	NA
ASV_3337	k__Fungi	p__Ascomycota	c__Saccharomycetes	o__Saccharomycetales	NA	NA	NA
ASV_3338	k__Fungi	p__Basidiomycota	NA	NA	NA	NA	NA
ASV_3339	k__Fungi	p__Basidiomycota	c__Tremellomycetes	o__Tremellales	f__Rhynchogastremaceae	g__Papiliotrema	NA
ASV_3340	k__Fungi	NA	NA	NA	NA	NA	NA
ASV_3341	k__Fungi	p__Basidiomycota	NA	NA	NA	NA	NA
ASV_3342	k__Fungi	NA	NA	NA	NA	NA	NA
ASV_3343	k__Fungi	p__Basidiomycota	c__Tremellomycetes	o__Cystofilobasidiales	f__Cystofilobasidiaceae	g__Cystofilobasidium	s__infirmominiatum
ASV_3344	k__Fungi	p__Basidiomycota	c__Malasseziomycetes	o__Malasseziales	f__Malasseziaceae	g__Malassezia	s__restricta
ASV_3345	k__Fungi	p__Basidiomycota	c__Agaricomycetes	NA	NA	NA	NA
ASV_3346	k__Fungi	p__Olpidiomycota	c__GS18	o__GS18_ord_Incertae_sedis	f__GS18_fam_Incertae_sedis	g__GS18_gen_Incertae_sedis	NA
ASV_3347	k__Fungi	p__Basidiomycota	c__Agaricomycetes	o__Trechisporales	f__Hydnodontaceae	g__Trechispora	s__caucasica
ASV_3348	k__Fungi	p__Ascomycota	c__Sordariomycetes	o__Hypocreales	f__Cordycipitaceae	g__Akanthomyces	s__lecanii
ASV_3349	k__Fungi	p__Ascomycota	c__Dothideomycetes	o__Capnodiales	f__Xenodevriesiaceae	g__Xenodevriesia	s__strelitziicola
ASV_3350	k__Fungi	NA	NA	NA	NA	NA	NA
ASV_3351	k__Fungi	p__Ascomycota	c__Dothideomycetes	o__Mycosphaerellales	f__Extremaceae	g__Extremus	s__caricis
ASV_3352	k__Fungi	NA	NA	NA	NA	NA	NA
ASV_3353	k__Fungi	p__Ascomycota	NA	NA	NA	NA	NA
ASV_3354	k__Fungi	p__Ascomycota	NA	NA	NA	NA	NA
ASV_3355	k__Fungi	NA	NA	NA	NA	NA	NA
ASV_3356	k__Fungi	NA	NA	NA	NA	NA	NA
ASV_3357	k__Fungi	p__Ascomycota	c__Saccharomycetes	o__Saccharomycetales	NA	NA	NA
ASV_3358	k__Fungi	p__Ascomycota	c__Saccharomycetes	o__Saccharomycetales	NA	NA	NA
ASV_3359	k__Fungi	p__Ascomycota	c__Saccharomycetes	o__Saccharomycetales	NA	NA	NA
ASV_3360	k__Fungi	p__Ascomycota	c__Saccharomycetes	o__Saccharomycetales	NA	NA	NA
ASV_3361	k__Fungi	p__Ascomycota	c__Saccharomycetes	o__Saccharomycetales	NA	NA	NA
ASV_3362	k__Fungi	p__Ascomycota	c__Saccharomycetes	o__Saccharomycetales	NA	NA	NA
ASV_3363	k__Fungi	NA	NA	NA	NA	NA	NA
ASV_3364	k__Fungi	NA	NA	NA	NA	NA	NA
ASV_3365	k__Fungi	NA	NA	NA	NA	NA	NA
ASV_3366	k__Fungi	NA	NA	NA	NA	NA	NA
ASV_3367	k__Fungi	p__Basidiomycota	c__Tremellomycetes	o__Tremellales	f__Bulleribasidiaceae	g__Vishniacozyma	s__victoriae
ASV_3368	k__Fungi	NA	NA	NA	NA	NA	NA
ASV_3369	k__Fungi	p__Basidiomycota	NA	NA	NA	NA	NA
ASV_3370	k__Fungi	p__Ascomycota	c__Sordariomycetes	o__Myrmecridiales	f__Myrmecridiaceae	g__Myrmecridium	s__phragmitis
ASV_3371	k__Fungi	NA	NA	NA	NA	NA	NA
ASV_3372	k__Fungi	p__Ascomycota	c__Eurotiomycetes	o__Onygenales	f__Ajellomycetaceae	g__Blastomyces	s__parvus
ASV_3373	k__Fungi	p__Ascomycota	c__Dothideomycetes	o__Botryosphaeriales	f__Botryosphaeriaceae	g__Diplodia	NA
ASV_3374	k__Fungi	p__Basidiomycota	NA	NA	NA	NA	NA
ASV_3375	k__Fungi	p__Basidiomycota	NA	NA	NA	NA	NA
ASV_3376	k__Fungi	p__Basidiomycota	c__Agaricomycetes	o__Thelephorales	f__Thelephoraceae	g__Polyozellus	s__rhizopunctatus
ASV_3377	k__Fungi	p__Ascomycota	c__Eurotiomycetes	o__Eurotiales	f__Aspergillaceae	g__Penicillium	s__burgense
ASV_3378	k__Fungi	p__Ascomycota	c__Sordariomycetes	o__Cephalothecales	f__Cephalothecaceae	g__Phialemonium	s__inflatum
ASV_3379	k__Fungi	NA	NA	NA	NA	NA	NA
ASV_3380	k__Fungi	p__Ascomycota	c__Saccharomycetes	o__Saccharomycetales	NA	NA	NA
ASV_3381	k__Fungi	NA	NA	NA	NA	NA	NA
ASV_3382	k__Fungi	p__Ascomycota	NA	NA	NA	NA	NA
ASV_3383	k__Fungi	p__Basidiomycota	NA	NA	NA	NA	NA
ASV_3384	k__Fungi	NA	NA	NA	NA	NA	NA
ASV_3385	k__Fungi	p__Ascomycota	c__Saccharomycetes	o__Saccharomycetales	NA	NA	NA
ASV_3386	k__Fungi	p__Ascomycota	NA	NA	NA	NA	NA
ASV_3387	k__Fungi	p__Ascomycota	c__Saccharomycetes	o__Saccharomycetales	NA	NA	NA
ASV_3388	k__Fungi	NA	NA	NA	NA	NA	NA
ASV_3389	k__Fungi	p__Ascomycota	NA	NA	NA	NA	NA
ASV_3390	k__Fungi	NA	NA	NA	NA	NA	NA
ASV_3391	k__Fungi	p__Ascomycota	c__Saccharomycetes	o__Saccharomycetales	NA	NA	NA
ASV_3392	k__Fungi	p__Ascomycota	NA	NA	NA	NA	NA
ASV_3393	k__Fungi	p__Ascomycota	NA	NA	NA	NA	NA
ASV_3394	k__Fungi	p__Ascomycota	NA	NA	NA	NA	NA
ASV_3395	k__Fungi	p__Ascomycota	c__Saccharomycetes	o__Saccharomycetales	NA	NA	NA
ASV_3396	k__Fungi	p__Ascomycota	c__Saccharomycetes	o__Saccharomycetales	NA	NA	NA
ASV_3397	k__Fungi	p__Ascomycota	c__Saccharomycetes	o__Saccharomycetales	NA	NA	NA
ASV_3398	k__Fungi	p__Ascomycota	c__Saccharomycetes	o__Saccharomycetales	NA	NA	NA
ASV_3399	k__Fungi	NA	NA	NA	NA	NA	NA
ASV_3400	k__Fungi	NA	NA	NA	NA	NA	NA
ASV_3401	k__Fungi	NA	NA	NA	NA	NA	NA
ASV_3402	k__Fungi	NA	NA	NA	NA	NA	NA
ASV_3403	k__Fungi	p__Ascomycota	c__Dothideomycetes	o__Capnodiales	f__Xenodevriesiaceae	g__Xenodevriesia	s__strelitziicola
ASV_3404	k__Fungi	p__Basidiomycota	c__Microbotryomycetes	o__Sporidiobolales	f__Sporidiobolaceae	g__Sporobolomyces	NA
ASV_3405	k__Fungi	p__Ascomycota	c__Saccharomycetes	o__Saccharomycetales	NA	NA	NA
ASV_3406	k__Fungi	NA	NA	NA	NA	NA	NA
ASV_3407	k__Fungi	NA	NA	NA	NA	NA	NA
ASV_3408	k__Fungi	NA	NA	NA	NA	NA	NA
ASV_3409	k__Fungi	p__Ascomycota	c__Saccharomycetes	o__Saccharomycetales	NA	NA	NA
ASV_3410	k__Fungi	p__Ascomycota	c__Saccharomycetes	o__Saccharomycetales	NA	NA	NA
ASV_3411	k__Fungi	p__Ascomycota	c__Saccharomycetes	o__Saccharomycetales	NA	NA	NA
ASV_3412	k__Fungi	p__Ascomycota	NA	NA	NA	NA	NA
ASV_3413	k__Fungi	p__Ascomycota	c__Saccharomycetes	o__Saccharomycetales	NA	NA	NA
ASV_3414	k__Fungi	p__Ascomycota	c__Saccharomycetes	o__Saccharomycetales	NA	NA	NA
ASV_3415	k__Fungi	p__Ascomycota	c__Saccharomycetes	o__Saccharomycetales	NA	NA	NA
ASV_3416	k__Fungi	p__Ascomycota	c__Saccharomycetes	o__Saccharomycetales	NA	NA	NA
ASV_3417	k__Fungi	NA	NA	NA	NA	NA	NA
ASV_3418	k__Fungi	p__Ascomycota	NA	NA	NA	NA	NA
ASV_3419	k__Fungi	p__Ascomycota	NA	NA	NA	NA	NA
ASV_3420	k__Fungi	NA	NA	NA	NA	NA	NA
ASV_3421	k__Fungi	NA	NA	NA	NA	NA	NA
ASV_3422	k__Fungi	p__Basidiomycota	NA	NA	NA	NA	NA
ASV_3423	k__Fungi	NA	NA	NA	NA	NA	NA
ASV_3424	k__Fungi	p__Basidiomycota	NA	NA	NA	NA	NA
ASV_3425	k__Fungi	p__Basidiomycota	NA	NA	NA	NA	NA
ASV_3426	k__Fungi	p__Basidiomycota	NA	NA	NA	NA	NA
ASV_3427	k__Fungi	p__Basidiomycota	NA	NA	NA	NA	NA
ASV_3428	k__Fungi	NA	NA	NA	NA	NA	NA
ASV_3429	k__Fungi	p__Basidiomycota	NA	NA	NA	NA	NA
ASV_3430	k__Fungi	p__Ascomycota	c__Dothideomycetes	o__Pleosporales	f__Didymosphaeriaceae	g__Paraphaeosphaeria	s__spartii
ASV_3431	k__Fungi	p__Basidiomycota	c__Tremellomycetes	o__Filobasidiales	f__Filobasidiaceae	g__Naganishia	s__cerealis
ASV_3432	k__Fungi	p__Ascomycota	NA	NA	NA	NA	NA
ASV_3433	k__Fungi	p__Ascomycota	c__Sordariomycetes	o__Hypocreales	NA	NA	NA
ASV_3434	k__Fungi	p__Ascomycota	c__Eurotiomycetes	o__Onygenales	f__Arthrodermataceae	g__Arthroderma	s__insingulare
ASV_3435	k__Fungi	p__Ascomycota	c__Dothideomycetes	o__Pleosporales	f__Periconiaceae	g__Periconia	NA
ASV_3436	k__Fungi	NA	NA	NA	NA	NA	NA
ASV_3437	k__Fungi	NA	NA	NA	NA	NA	NA
ASV_3438	k__Fungi	p__Ascomycota	c__Dothideomycetes	o__Mycosphaerellales	f__Extremaceae	g__Vermiconia	s__antarctica
ASV_3439	k__Fungi	NA	NA	NA	NA	NA	NA
ASV_3440	k__Fungi	p__Ascomycota	c__Saccharomycetes	o__Saccharomycetales	NA	NA	NA
ASV_3441	k__Fungi	p__Ascomycota	c__Saccharomycetes	o__Saccharomycetales	NA	NA	NA
ASV_3442	k__Fungi	p__Ascomycota	c__Saccharomycetes	o__Saccharomycetales	NA	NA	NA
ASV_3443	k__Fungi	p__Ascomycota	c__Saccharomycetes	o__Saccharomycetales	NA	NA	NA
ASV_3444	k__Fungi	NA	NA	NA	NA	NA	NA
ASV_3445	k__Fungi	p__Ascomycota	NA	NA	NA	NA	NA
ASV_3446	k__Fungi	p__Ascomycota	c__Saccharomycetes	o__Saccharomycetales	NA	NA	NA
ASV_3447	k__Fungi	p__Ascomycota	c__Saccharomycetes	o__Saccharomycetales	NA	NA	NA
ASV_3448	k__Fungi	p__Ascomycota	c__Saccharomycetes	o__Saccharomycetales	NA	NA	NA
ASV_3449	k__Fungi	p__Ascomycota	NA	NA	NA	NA	NA
ASV_3450	k__Fungi	p__Ascomycota	c__Saccharomycetes	o__Saccharomycetales	NA	NA	NA
ASV_3451	k__Fungi	p__Ascomycota	NA	NA	NA	NA	NA
ASV_3452	k__Fungi	p__Ascomycota	c__Saccharomycetes	o__Saccharomycetales	NA	NA	NA
ASV_3453	k__Fungi	p__Ascomycota	c__Saccharomycetes	o__Saccharomycetales	NA	NA	NA
ASV_3454	k__Fungi	p__Ascomycota	c__Saccharomycetes	o__Saccharomycetales	NA	NA	NA
ASV_3455	k__Fungi	NA	NA	NA	NA	NA	NA
ASV_3456	k__Fungi	NA	NA	NA	NA	NA	NA
ASV_3457	k__Fungi	p__Ascomycota	NA	NA	NA	NA	NA
ASV_3458	k__Fungi	NA	NA	NA	NA	NA	NA
ASV_3459	k__Fungi	p__Ascomycota	c__Dothideomycetes	o__Mycosphaerellales	f__Mycosphaerellaceae	g__Zymoseptoria	NA
ASV_3460	k__Fungi	NA	NA	NA	NA	NA	NA
ASV_3461	k__Fungi	p__Basidiomycota	NA	NA	NA	NA	NA
ASV_3462	k__Fungi	NA	NA	NA	NA	NA	NA
ASV_3463	k__Fungi	p__Basidiomycota	c__Microbotryomycetes	o__Sporidiobolales	f__Sporidiobolaceae	g__Sporobolomyces	s__ruberrimus
ASV_3464	k__Fungi	p__Basidiomycota	NA	NA	NA	NA	NA
ASV_3465	k__Fungi	p__Ascomycota	c__Sordariomycetes	o__Xylariales	NA	NA	NA
ASV_3466	k__Fungi	p__Ascomycota	c__Eurotiomycetes	o__Eurotiales	f__Aspergillaceae	g__Penicillium	s__burgense
ASV_3467	k__Fungi	p__Basidiomycota	c__Ustilaginomycetes	o__Ustilaginales	f__Anthracoideaceae	g__Farysia	s__acheniorum
ASV_3468	k__Fungi	p__Mortierellomycota	c__Mortierellomycetes	o__Mortierellales	f__Mortierellaceae	g__Linnemannia	s__hyalina
ASV_3469	k__Fungi	NA	NA	NA	NA	NA	NA
ASV_3470	k__Fungi	NA	NA	NA	NA	NA	NA
ASV_3471	k__Fungi	p__Ascomycota	c__Dothideomycetes	o__Mycosphaerellales	f__Extremaceae	g__Extremus	s__caricis
ASV_3472	k__Fungi	NA	NA	NA	NA	NA	NA
ASV_3473	k__Fungi	p__Ascomycota	c__Saccharomycetes	o__Saccharomycetales	NA	NA	NA
ASV_3474	k__Fungi	p__Ascomycota	c__Saccharomycetes	o__Saccharomycetales	NA	NA	NA
ASV_3475	k__Fungi	NA	NA	NA	NA	NA	NA
ASV_3476	k__Fungi	p__Ascomycota	c__Saccharomycetes	o__Saccharomycetales	NA	NA	NA
ASV_3477	k__Fungi	p__Ascomycota	c__Saccharomycetes	o__Saccharomycetales	NA	NA	NA
ASV_3478	k__Fungi	p__Ascomycota	c__Saccharomycetes	o__Saccharomycetales	NA	NA	NA
ASV_3479	k__Fungi	NA	NA	NA	NA	NA	NA
ASV_3480	k__Fungi	NA	NA	NA	NA	NA	NA
ASV_3481	k__Fungi	p__Ascomycota	c__Saccharomycetes	o__Saccharomycetales	NA	NA	NA
ASV_3482	k__Fungi	NA	NA	NA	NA	NA	NA
ASV_3483	k__Fungi	p__Ascomycota	c__Saccharomycetes	o__Saccharomycetales	NA	NA	NA
ASV_3484	k__Fungi	p__Basidiomycota	NA	NA	NA	NA	NA
ASV_3485	k__Fungi	NA	NA	NA	NA	NA	NA
ASV_3486	k__Fungi	NA	NA	NA	NA	NA	NA
ASV_3487	k__Fungi	p__Ascomycota	c__Saccharomycetes	o__Saccharomycetales	NA	NA	NA
ASV_3488	k__Fungi	p__Basidiomycota	NA	NA	NA	NA	NA
ASV_3489	k__Fungi	p__Basidiomycota	NA	NA	NA	NA	NA
ASV_3490	k__Fungi	p__Basidiomycota	NA	NA	NA	NA	NA
ASV_3491	k__Fungi	p__Basidiomycota	NA	NA	NA	NA	NA
ASV_3492	k__Fungi	p__Basidiomycota	NA	NA	NA	NA	NA
ASV_3493	k__Fungi	p__Basidiomycota	c__Agaricomycetes	o__Agaricales	f__Pleurotaceae	g__Pleurotus	s__purpureo-olivaceus
ASV_3494	k__Fungi	p__Ascomycota	c__Sordariomycetes	o__Hypocreales	f__Sarocladiaceae	g__Sarocladium	s__strictum
ASV_3495	k__Fungi	p__Ascomycota	c__Dothideomycetes	o__Mycosphaerellales	f__Teratosphaeriaceae	g__Catenulostroma	s__protearum
ASV_3496	k__Fungi	p__Ascomycota	c__Sordariomycetes	o__Amphisphaeriales	f__Amphisphaeriaceae	g__Amphisphaeria	NA
ASV_3497	k__Fungi	p__Ascomycota	c__Sordariomycetes	o__Diaporthales	f__Gnomoniaceae	g__Alnecium	s__auctum
ASV_3498	k__Fungi	p__Ascomycota	c__Dothideomycetes	o__Mycosphaerellales	f__Teratosphaeriaceae	g__Devriesia	NA
ASV_3499	k__Fungi	p__Basidiomycota	c__Tremellomycetes	o__Filobasidiales	f__Piskurozymaceae	g__Piskurozyma	s__taiwanensis
ASV_3500	k__Fungi	p__Basidiomycota	c__Tremellomycetes	o__Tremellales	f__Bulleribasidiaceae	g__Dioszegia	NA
ASV_3501	k__Fungi	p__Ascomycota	c__Sordariomycetes	NA	NA	NA	NA
ASV_3502	k__Fungi	p__Ascomycota	c__Eurotiomycetes	o__Chaetothyriales	NA	NA	NA
ASV_3503	k__Fungi	p__Mortierellomycota	c__Mortierellomycetes	o__Mortierellales	f__Mortierellaceae	NA	NA
ASV_3504	k__Fungi	p__Ascomycota	c__Leotiomycetes	o__Helotiales	f__Lachnaceae	g__Lachnum	s__rhytismatis
ASV_3505	k__Fungi	NA	NA	NA	NA	NA	NA
ASV_3506	k__Fungi	NA	NA	NA	NA	NA	NA
ASV_3507	k__Fungi	NA	NA	NA	NA	NA	NA
ASV_3508	k__Fungi	p__Ascomycota	c__Sordariomycetes	o__Hypocreales	f__Hypocreaceae	g__Trichoderma	NA
ASV_3509	k__Fungi	p__Basidiomycota	c__Tremellomycetes	o__Filobasidiales	f__Piskurozymaceae	g__Solicoccozyma	s__terrea
ASV_3510	k__Fungi	NA	NA	NA	NA	NA	NA
ASV_3511	k__Fungi	p__Ascomycota	c__Saccharomycetes	o__Saccharomycetales	NA	NA	NA
ASV_3512	k__Fungi	p__Ascomycota	NA	NA	NA	NA	NA
ASV_3513	k__Fungi	p__Ascomycota	c__Saccharomycetes	o__Saccharomycetales	NA	NA	NA
ASV_3514	k__Fungi	NA	NA	NA	NA	NA	NA
ASV_3515	k__Fungi	NA	NA	NA	NA	NA	NA
ASV_3516	k__Fungi	NA	NA	NA	NA	NA	NA
ASV_3517	k__Fungi	NA	NA	NA	NA	NA	NA
ASV_3518	k__Fungi	NA	NA	NA	NA	NA	NA
ASV_3519	k__Fungi	p__Ascomycota	c__Saccharomycetes	o__Saccharomycetales	NA	NA	NA
ASV_3520	k__Fungi	p__Ascomycota	c__Saccharomycetes	o__Saccharomycetales	NA	NA	NA
ASV_3521	k__Fungi	p__Ascomycota	c__Saccharomycetes	o__Saccharomycetales	NA	NA	NA
ASV_3522	k__Fungi	p__Ascomycota	c__Saccharomycetes	o__Saccharomycetales	NA	NA	NA
ASV_3523	k__Fungi	p__Ascomycota	NA	NA	NA	NA	NA
ASV_3524	k__Fungi	p__Ascomycota	NA	NA	NA	NA	NA
ASV_3525	k__Fungi	NA	NA	NA	NA	NA	NA
ASV_3526	k__Fungi	p__Ascomycota	c__Dothideomycetes	o__Pleosporales	f__Periconiaceae	g__Periconia	s__neominutissima
ASV_3527	k__Fungi	NA	NA	NA	NA	NA	NA
ASV_3528	k__Fungi	NA	NA	NA	NA	NA	NA
ASV_3529	k__Fungi	NA	NA	NA	NA	NA	NA
ASV_3530	k__Fungi	NA	NA	NA	NA	NA	NA
ASV_3531	k__Fungi	NA	NA	NA	NA	NA	NA
ASV_3532	k__Fungi	p__Basidiomycota	NA	NA	NA	NA	NA
ASV_3533	k__Fungi	p__Ascomycota	c__Dothideomycetes	o__Pleosporales	f__Coniothyriaceae	g__Neoconiothyrium	s__viticola
ASV_3534	k__Fungi	p__Basidiomycota	c__Tremellomycetes	o__Tremellales	f__Cryptococcaceae	g__Cryptococcus	s__neoformans
ASV_3535	k__Fungi	p__Ascomycota	c__Dothideomycetes	o__Mycosphaerellales	f__Teratosphaeriaceae	g__Acrodontium	s__luzulae
ASV_3536	k__Fungi	NA	NA	NA	NA	NA	NA
ASV_3537	k__Fungi	NA	NA	NA	NA	NA	NA
ASV_3538	k__Fungi	p__Ascomycota	c__Sordariomycetes	o__Xylariales	f__Xylariaceae	g__Xylaria	s__carpophila
ASV_3539	k__Fungi	p__Ascomycota	NA	NA	NA	NA	NA
ASV_3540	k__Fungi	p__Ascomycota	c__Sordariomycetes	o__Xylariales	f__Microdochiaceae	g__Microdochium	s__lycopodinum
ASV_3541	k__Fungi	p__Ascomycota	c__Leotiomycetes	o__Helotiales	f__Calloriaceae	g__Calloria	NA
ASV_3542	k__Fungi	p__Basidiomycota	NA	NA	NA	NA	NA
ASV_3543	k__Fungi	p__Ascomycota	c__Leotiomycetes	o__Helotiales	f__Myxotrichaceae	g__Oidiodendron	s__periconioides
ASV_3544	k__Fungi	NA	NA	NA	NA	NA	NA
ASV_3545	k__Fungi	NA	NA	NA	NA	NA	NA
ASV_3546	k__Fungi	NA	NA	NA	NA	NA	NA
ASV_3547	k__Fungi	p__Ascomycota	c__Saccharomycetes	o__Saccharomycetales	NA	NA	NA
ASV_3548	k__Fungi	p__Ascomycota	NA	NA	NA	NA	NA
ASV_3549	k__Fungi	p__Ascomycota	c__Saccharomycetes	o__Saccharomycetales	NA	NA	NA
ASV_3550	k__Fungi	p__Basidiomycota	NA	NA	NA	NA	NA
ASV_3551	k__Fungi	p__Ascomycota	c__Leotiomycetes	o__Helotiales	f__Discinellaceae	g__Gyoerffyella	NA
ASV_3552	k__Fungi	NA	NA	NA	NA	NA	NA
ASV_3553	k__Fungi	NA	NA	NA	NA	NA	NA
ASV_3554	k__Fungi	p__Ascomycota	c__Saccharomycetes	o__Saccharomycetales	NA	NA	NA
ASV_3555	k__Fungi	p__Ascomycota	NA	NA	NA	NA	NA
ASV_3556	k__Fungi	p__Basidiomycota	c__Microbotryomycetes	o__Microbotryales	f__Microbotryaceae	g__Microbotryum	s__dianthorum
ASV_3557	k__Fungi	NA	NA	NA	NA	NA	NA
ASV_3558	k__Fungi	NA	NA	NA	NA	NA	NA
ASV_3559	k__Fungi	NA	NA	NA	NA	NA	NA
ASV_3560	k__Fungi	p__Basidiomycota	c__Cystobasidiomycetes	o__Erythrobasidiales	f__Erythrobasidiaceae	g__Erythrobasidium	s__yunnanense
ASV_3561	k__Fungi	p__Basidiomycota	NA	NA	NA	NA	NA
ASV_3562	k__Fungi	p__Basidiomycota	NA	NA	NA	NA	NA
ASV_3563	k__Fungi	p__Basidiomycota	c__Microbotryomycetes	o__Leucosporidiales	f__Leucosporidiaceae	g__Leucosporidium	s__creatinivorum
ASV_3564	k__Fungi	p__Basidiomycota	c__Malasseziomycetes	o__Malasseziales	f__Malasseziaceae	g__Malassezia	s__sympodialis
ASV_3565	k__Fungi	p__Ascomycota	c__Dothideomycetes	o__Dothideomycetes_ord_Incertae_sedis	f__Dothideomycetes_fam_Incertae_sedis	g__Radulidium	s__subulatum
ASV_3566	k__Fungi	p__Rozellomycota	c__Rozellomycotina_cls_Incertae_sedis	o__GS05	f__GS05_fam_Incertae_sedis	g__GS05_gen_Incertae_sedis	NA
ASV_3567	k__Fungi	p__Ascomycota	c__Sordariomycetes	o__Hypocreales	f__Hypocreales_fam_Incertae_sedis	g__Chlorocillium	s__griseum
ASV_3568	k__Fungi	NA	NA	NA	NA	NA	NA
ASV_3569	k__Fungi	NA	NA	NA	NA	NA	NA
ASV_3570	k__Fungi	p__Ascomycota	NA	NA	NA	NA	NA
ASV_3571	k__Fungi	NA	NA	NA	NA	NA	NA
ASV_3572	k__Fungi	NA	NA	NA	NA	NA	NA
ASV_3573	k__Fungi	NA	NA	NA	NA	NA	NA
ASV_3574	k__Fungi	p__Basidiomycota	c__Tremellomycetes	o__Tremellales	f__Bulleribasidiaceae	g__Dioszegia	s__zsoltii
ASV_3575	k__Fungi	p__Ascomycota	c__Sordariomycetes	o__Amphisphaeriales	f__Amphisphaeriaceae	g__Funiliomyces	NA
ASV_3576	k__Fungi	NA	NA	NA	NA	NA	NA
ASV_3577	k__Fungi	p__Ascomycota	c__Saccharomycetes	o__Saccharomycetales	NA	NA	NA
ASV_3578	k__Fungi	p__Ascomycota	NA	NA	NA	NA	NA
ASV_3579	k__Fungi	NA	NA	NA	NA	NA	NA
ASV_3580	k__Fungi	p__Ascomycota	NA	NA	NA	NA	NA
ASV_3581	k__Fungi	p__Ascomycota	NA	NA	NA	NA	NA
ASV_3582	k__Fungi	p__Ascomycota	c__Saccharomycetes	o__Saccharomycetales	NA	NA	NA
ASV_3583	k__Fungi	NA	NA	NA	NA	NA	NA
ASV_3584	k__Fungi	p__Ascomycota	c__Saccharomycetes	o__Saccharomycetales	NA	NA	NA
ASV_3585	k__Fungi	NA	NA	NA	NA	NA	NA
ASV_3586	k__Fungi	p__Basidiomycota	NA	NA	NA	NA	NA
ASV_3587	k__Fungi	NA	NA	NA	NA	NA	NA
ASV_3588	k__Fungi	NA	NA	NA	NA	NA	NA
ASV_3589	k__Fungi	p__Ascomycota	c__Saccharomycetes	o__Saccharomycetales	NA	NA	NA
ASV_3590	k__Fungi	NA	NA	NA	NA	NA	NA
ASV_3591	k__Fungi	NA	NA	NA	NA	NA	NA
ASV_3592	k__Fungi	p__Ascomycota	NA	NA	NA	NA	NA
ASV_3593	k__Fungi	p__Ascomycota	NA	NA	NA	NA	NA
ASV_3594	k__Fungi	NA	NA	NA	NA	NA	NA
ASV_3595	k__Fungi	NA	NA	NA	NA	NA	NA
ASV_3596	k__Fungi	NA	NA	NA	NA	NA	NA
ASV_3597	k__Fungi	NA	NA	NA	NA	NA	NA
ASV_3598	k__Fungi	NA	NA	NA	NA	NA	NA
ASV_3599	k__Fungi	NA	NA	NA	NA	NA	NA
ASV_3600	k__Fungi	NA	NA	NA	NA	NA	NA
ASV_3601	k__Fungi	p__Basidiomycota	NA	NA	NA	NA	NA
ASV_3602	k__Fungi	p__Basidiomycota	NA	NA	NA	NA	NA
ASV_3603	k__Fungi	p__Ascomycota	c__Eurotiomycetes	o__Eurotiales	f__Aspergillaceae	g__Penicillium	s__penicillioides
ASV_3604	k__Fungi	NA	NA	NA	NA	NA	NA
ASV_3605	k__Fungi	p__Ascomycota	c__Eurotiomycetes	o__Eurotiales	f__Aspergillaceae	g__Penicillium	s__lanosum
ASV_3606	k__Fungi	p__Basidiomycota	c__Agaricomycetes	o__Polyporales	f__Fomitopsidaceae	g__Cartilosoma	s__renehenticii
ASV_3607	k__Fungi	NA	NA	NA	NA	NA	NA
ASV_3608	k__Fungi	p__Ascomycota	c__Sordariomycetes	o__Hypocreales	f__Niessliaceae	g__Niesslia	NA
ASV_3609	k__Fungi	p__Ascomycota	c__Saccharomycetes	o__Saccharomycetales	NA	NA	NA
ASV_3610	k__Fungi	p__Ascomycota	c__Saccharomycetes	o__Saccharomycetales	NA	NA	NA
ASV_3611	k__Fungi	p__Ascomycota	c__Saccharomycetes	o__Saccharomycetales	NA	NA	NA
ASV_3612	k__Fungi	p__Ascomycota	NA	NA	NA	NA	NA
ASV_3613	k__Fungi	p__Ascomycota	c__Eurotiomycetes	o__Eurotiales	f__Aspergillaceae	g__Penicillium	NA
ASV_3614	k__Fungi	NA	NA	NA	NA	NA	NA
ASV_3615	k__Fungi	p__Ascomycota	c__Saccharomycetes	o__Saccharomycetales	NA	NA	NA
ASV_3616	k__Fungi	p__Ascomycota	c__Saccharomycetes	o__Saccharomycetales	NA	NA	NA
ASV_3617	k__Fungi	p__Ascomycota	c__Saccharomycetes	o__Saccharomycetales	NA	NA	NA
ASV_3618	k__Fungi	p__Ascomycota	c__Saccharomycetes	o__Saccharomycetales	NA	NA	NA
ASV_3619	k__Fungi	p__Ascomycota	c__Saccharomycetes	o__Saccharomycetales	NA	NA	NA
ASV_3620	k__Fungi	NA	NA	NA	NA	NA	NA
ASV_3621	k__Fungi	NA	NA	NA	NA	NA	NA
ASV_3622	k__Fungi	NA	NA	NA	NA	NA	NA
ASV_3623	k__Fungi	p__Basidiomycota	c__Tremellomycetes	o__Filobasidiales	f__Filobasidiaceae	g__Filobasidium	s__oeirense
ASV_3624	k__Fungi	p__Ascomycota	c__Saccharomycetes	o__Saccharomycetales	f__Saccharomycetales_fam_Incertae_sedis	g__Candida	s__bombi
ASV_3625	k__Fungi	NA	NA	NA	NA	NA	NA
ASV_3626	k__Fungi	p__Ascomycota	c__Saccharomycetes	o__Saccharomycetales	NA	NA	NA
ASV_3627	k__Fungi	NA	NA	NA	NA	NA	NA
ASV_3628	k__Fungi	p__Basidiomycota	NA	NA	NA	NA	NA
ASV_3629	k__Fungi	p__Basidiomycota	NA	NA	NA	NA	NA
ASV_3630	k__Fungi	p__Basidiomycota	NA	NA	NA	NA	NA
ASV_3631	k__Fungi	NA	NA	NA	NA	NA	NA
ASV_3632	k__Fungi	p__Ascomycota	c__Leotiomycetes	o__Chaetomellales	f__Chaetomellaceae	g__Pilidium	NA
ASV_3633	k__Fungi	p__Ascomycota	c__Dothideomycetes	o__Pleosporales	f__Didymellaceae	NA	NA
ASV_3634	k__Fungi	p__Ascomycota	c__Eurotiomycetes	o__Arachnomycetales	f__Arachnomycetaceae	g__Arachnomyces	NA
ASV_3635	k__Fungi	p__Ascomycota	c__Eurotiomycetes	o__Eurotiales	f__Aspergillaceae	g__Aspergillus	s__subversicolor
ASV_3636	k__Fungi	p__Ascomycota	c__Dothideomycetes	o__Pleosporales	f__Didymosphaeriaceae	g__Neptunomyces	s__aureus
ASV_3637	k__Fungi	p__Chytridiomycota	c__Spizellomycetes	o__Spizellomycetales	f__Spizellomycetales_fam_Incertae_sedis	g__Spizellomycetales_gen_Incertae_sedis	NA
ASV_3638	k__Fungi	p__Ascomycota	c__Dothideomycetes	o__Mycosphaerellales	f__Mycosphaerellaceae	g__Sphaerulina	NA
ASV_3639	k__Fungi	p__Basidiomycota	c__Tritirachiomycetes	o__Tritirachiales	f__Tritirachiaceae	g__Tritirachium	s__cinnamomeum
ASV_3640	k__Fungi	NA	NA	NA	NA	NA	NA
ASV_3641	k__Fungi	p__Ascomycota	c__Sordariomycetes	o__Hypocreales	f__Stachybotryaceae	g__Alfaria	s__putrefolia
ASV_3642	k__Fungi	p__Ascomycota	c__Saccharomycetes	o__Saccharomycetales	NA	NA	NA
ASV_3643	k__Fungi	p__Ascomycota	NA	NA	NA	NA	NA
ASV_3644	k__Fungi	p__Ascomycota	NA	NA	NA	NA	NA
ASV_3645	k__Fungi	NA	NA	NA	NA	NA	NA
ASV_3646	k__Fungi	p__Ascomycota	NA	NA	NA	NA	NA
ASV_3647	k__Fungi	p__Ascomycota	NA	NA	NA	NA	NA
ASV_3648	k__Fungi	p__Ascomycota	c__Saccharomycetes	o__Saccharomycetales	NA	NA	NA
ASV_3649	k__Fungi	p__Ascomycota	NA	NA	NA	NA	NA
ASV_3650	k__Fungi	p__Ascomycota	c__Dothideomycetes	o__Cladosporiales	f__Cladosporiaceae	g__Cladosporium	NA
ASV_3651	k__Fungi	p__Ascomycota	c__Saccharomycetes	o__Saccharomycetales	NA	NA	NA
ASV_3652	k__Fungi	NA	NA	NA	NA	NA	NA
ASV_3653	k__Fungi	p__Ascomycota	NA	NA	NA	NA	NA
ASV_3654	k__Fungi	p__Ascomycota	c__Saccharomycetes	o__Saccharomycetales	NA	NA	NA
ASV_3655	k__Fungi	p__Ascomycota	NA	NA	NA	NA	NA
ASV_3656	k__Fungi	p__Ascomycota	c__Saccharomycetes	o__Saccharomycetales	NA	NA	NA
ASV_3657	k__Fungi	NA	NA	NA	NA	NA	NA
ASV_3658	k__Fungi	p__Ascomycota	c__Saccharomycetes	o__Saccharomycetales	NA	NA	NA
ASV_3659	k__Fungi	p__Ascomycota	c__Saccharomycetes	o__Saccharomycetales	NA	NA	NA
ASV_3660	k__Fungi	NA	NA	NA	NA	NA	NA
ASV_3661	k__Fungi	NA	NA	NA	NA	NA	NA
ASV_3662	k__Fungi	NA	NA	NA	NA	NA	NA
ASV_3663	k__Fungi	NA	NA	NA	NA	NA	NA
ASV_3664	k__Fungi	NA	NA	NA	NA	NA	NA
ASV_3665	k__Fungi	p__Ascomycota	c__Eurotiomycetes	o__Chaetothyriales	f__Chaetothyriaceae	NA	NA
ASV_3666	k__Fungi	NA	NA	NA	NA	NA	NA
ASV_3667	k__Fungi	p__Basidiomycota	NA	NA	NA	NA	NA
ASV_3668	k__Fungi	NA	NA	NA	NA	NA	NA
ASV_3669	k__Fungi	p__Ascomycota	c__Sordariomycetes	o__Amphisphaeriales	f__Apiosporaceae	g__Arthrinium	s__crenatum
ASV_3670	k__Fungi	p__Ascomycota	c__Sordariomycetes	o__Hypocreales	f__Hypocreaceae	g__Trichoderma	s__koningiopsis
ASV_3671	k__Fungi	p__Ascomycota	c__Sordariomycetes	o__Sordariomycetes_ord_Incertae_sedis	f__Junewangiaceae	g__Sporidesmiella	s__pini
ASV_3672	k__Fungi	p__Ascomycota	c__Eurotiomycetes	o__Chaetothyriales	NA	NA	NA
ASV_3673	k__Fungi	p__Ascomycota	NA	NA	NA	NA	NA
ASV_3674	k__Fungi	NA	NA	NA	NA	NA	NA
ASV_3675	k__Fungi	p__Ascomycota	c__Dothideomycetes	o__Cladosporiales	f__Cladosporiaceae	g__Cladosporium	s__herbarum
ASV_3676	k__Fungi	NA	NA	NA	NA	NA	NA
ASV_3677	k__Fungi	p__Ascomycota	c__Saccharomycetes	o__Saccharomycetales	NA	NA	NA
ASV_3678	k__Fungi	NA	NA	NA	NA	NA	NA
ASV_3679	k__Fungi	p__Ascomycota	c__Saccharomycetes	o__Saccharomycetales	NA	NA	NA
ASV_3680	k__Fungi	p__Ascomycota	NA	NA	NA	NA	NA
ASV_3681	k__Fungi	NA	NA	NA	NA	NA	NA
ASV_3682	k__Fungi	NA	NA	NA	NA	NA	NA
ASV_3683	k__Fungi	p__Ascomycota	c__Saccharomycetes	o__Saccharomycetales	NA	NA	NA
ASV_3684	k__Fungi	NA	NA	NA	NA	NA	NA
ASV_3685	k__Fungi	NA	NA	NA	NA	NA	NA
ASV_3686	k__Fungi	NA	NA	NA	NA	NA	NA
ASV_3687	k__Fungi	NA	NA	NA	NA	NA	NA
ASV_3688	k__Fungi	NA	NA	NA	NA	NA	NA
ASV_3689	k__Fungi	NA	NA	NA	NA	NA	NA
ASV_3690	k__Fungi	p__Ascomycota	c__Eurotiomycetes	o__Eurotiales	f__Aspergillaceae	g__Aspergillus	s__fumigatus
ASV_3691	k__Fungi	p__Basidiomycota	NA	NA	NA	NA	NA
ASV_3692	k__Fungi	p__Basidiomycota	NA	NA	NA	NA	NA
ASV_3693	k__Fungi	p__Basidiomycota	NA	NA	NA	NA	NA
ASV_3694	k__Fungi	NA	NA	NA	NA	NA	NA
ASV_3695	k__Fungi	p__Ascomycota	c__Ascomycota_cls_Incertae_sedis	o__Ascomycota_ord_Incertae_sedis	f__Ascomycota_fam_Incertae_sedis	g__Volucrispora	s__graminea
ASV_3696	k__Fungi	p__Mortierellomycota	c__Mortierellomycetes	o__Mortierellales	f__Mortierellaceae	g__Entomortierella	s__parvispora
ASV_3697	k__Fungi	p__Ascomycota	c__Dothideomycetes	o__Venturiales	f__Cylindrosympodiaceae	g__Pseudoanungitea	NA
ASV_3698	k__Fungi	p__Chytridiomycota	c__Spizellomycetes	o__Spizellomycetales	f__Powellomycetaceae	g__Powellomycetaceae_gen_Incertae_sedis	NA
ASV_3699	k__Fungi	NA	NA	NA	NA	NA	NA
ASV_3700	k__Fungi	NA	NA	NA	NA	NA	NA
ASV_3701	k__Fungi	NA	NA	NA	NA	NA	NA
ASV_3702	k__Fungi	p__Ascomycota	c__Saccharomycetes	o__Saccharomycetales	NA	NA	NA
ASV_3703	k__Fungi	p__Ascomycota	NA	NA	NA	NA	NA
ASV_3704	k__Fungi	NA	NA	NA	NA	NA	NA
ASV_3705	k__Fungi	p__Ascomycota	c__Saccharomycetes	o__Saccharomycetales	NA	NA	NA
ASV_3706	k__Fungi	p__Ascomycota	c__Saccharomycetes	o__Saccharomycetales	NA	NA	NA
ASV_3707	k__Fungi	p__Ascomycota	c__Saccharomycetes	o__Saccharomycetales	NA	NA	NA
ASV_3708	k__Fungi	p__Ascomycota	c__Saccharomycetes	o__Saccharomycetales	NA	NA	NA
ASV_3709	k__Fungi	p__Ascomycota	c__Saccharomycetes	o__Saccharomycetales	NA	NA	NA
ASV_3710	k__Fungi	p__Ascomycota	NA	NA	NA	NA	NA
ASV_3711	k__Fungi	p__Ascomycota	c__Saccharomycetes	o__Saccharomycetales	NA	NA	NA
ASV_3712	k__Fungi	NA	NA	NA	NA	NA	NA
ASV_3713	k__Fungi	NA	NA	NA	NA	NA	NA
ASV_3714	k__Fungi	p__Ascomycota	c__Dothideomycetes	o__Pleosporales	f__Didymellaceae	NA	NA
ASV_3715	k__Fungi	NA	NA	NA	NA	NA	NA
ASV_3716	k__Fungi	NA	NA	NA	NA	NA	NA
ASV_3717	k__Fungi	p__Basidiomycota	NA	NA	NA	NA	NA
ASV_3718	k__Fungi	NA	NA	NA	NA	NA	NA
ASV_3719	k__Fungi	p__Basidiomycota	NA	NA	NA	NA	NA
ASV_3720	k__Fungi	p__Ascomycota	c__Sordariomycetes	o__Hypocreales	f__Nectriaceae	g__Mariannaea	s__samuelsii
ASV_3721	k__Fungi	p__Ascomycota	c__Sordariomycetes	o__Hypocreales	f__Stachybotryaceae	g__Grandibotrys	s__pseudotheobromae
ASV_3722	k__Fungi	p__Zoopagomycota	c__Zoopagomycetes	o__Zoopagales	f__Piptocephalidaceae	g__Syncephalis	s__intermedia
ASV_3723	k__Fungi	p__Basidiomycota	c__Agaricomycetes	o__Phallales	f__Phallaceae	g__Phallus	s__impudicus
ASV_3724	k__Fungi	NA	NA	NA	NA	NA	NA
ASV_3725	k__Fungi	p__Basidiomycota	c__Agaricomycetes	o__Trechisporales	f__Hydnodontaceae	g__Trechispora	s__verruculosa
ASV_3726	k__Fungi	p__Ascomycota	c__Sordariomycetes	o__Hypocreales	NA	NA	NA
ASV_3727	k__Fungi	NA	NA	NA	NA	NA	NA
ASV_3728	k__Fungi	NA	NA	NA	NA	NA	NA
ASV_3729	k__Fungi	p__Ascomycota	NA	NA	NA	NA	NA
ASV_3730	k__Fungi	p__Ascomycota	c__Saccharomycetes	o__Saccharomycetales	NA	NA	NA
ASV_3731	k__Fungi	NA	NA	NA	NA	NA	NA
ASV_3732	k__Fungi	NA	NA	NA	NA	NA	NA
ASV_3733	k__Fungi	p__Basidiomycota	c__Tremellomycetes	o__Tremellales	f__Bulleribasidiaceae	g__Vishniacozyma	s__tephrensis
ASV_3734	k__Fungi	p__Ascomycota	NA	NA	NA	NA	NA
ASV_3735	k__Fungi	NA	NA	NA	NA	NA	NA
ASV_3736	k__Fungi	p__Ascomycota	NA	NA	NA	NA	NA
ASV_3737	k__Fungi	NA	NA	NA	NA	NA	NA
ASV_3738	k__Fungi	p__Basidiomycota	c__Tremellomycetes	o__Filobasidiales	f__Filobasidiaceae	g__Filobasidium	s__globosum
ASV_3739	k__Fungi	NA	NA	NA	NA	NA	NA
ASV_3740	k__Fungi	NA	NA	NA	NA	NA	NA
ASV_3741	k__Fungi	NA	NA	NA	NA	NA	NA
ASV_3742	k__Fungi	NA	NA	NA	NA	NA	NA
ASV_3743	k__Fungi	p__Basidiomycota	NA	NA	NA	NA	NA
ASV_3744	k__Fungi	NA	NA	NA	NA	NA	NA
ASV_3745	k__Fungi	p__Basidiomycota	NA	NA	NA	NA	NA
ASV_3746	k__Fungi	p__Basidiomycota	NA	NA	NA	NA	NA
ASV_3747	k__Fungi	NA	NA	NA	NA	NA	NA
ASV_3748	k__Fungi	p__Mortierellomycota	c__Mortierellomycetes	o__Mortierellales	f__Mortierellaceae	g__Mortierella	NA
ASV_3749	k__Fungi	p__Ascomycota	c__Eurotiomycetes	o__Eurotiales	f__Aspergillaceae	g__Penicillium	s__aquadulcis
ASV_3750	k__Fungi	p__Ascomycota	c__Eurotiomycetes	o__Eurotiales	f__Trichocomaceae	g__Talaromyces	s__albobiverticillius
ASV_3751	k__Fungi	p__Ascomycota	c__Dothideomycetes	o__Pleosporales	f__Coniothyriaceae	g__Neoconiothyrium	s__viticola
ASV_3752	k__Fungi	p__Ascomycota	c__Sordariomycetes	o__Myrmecridiales	f__Myrmecridiaceae	g__Myrmecridium	s__schulzeri
ASV_3753	k__Fungi	p__Basidiomycota	NA	NA	NA	NA	NA
ASV_3754	k__Fungi	p__Ascomycota	c__Sordariomycetes	o__Hypocreales	f__Hypocreales_fam_Incertae_sedis	g__Acremoniopsis	NA
ASV_3755	k__Fungi	p__Ascomycota	c__Sordariomycetes	o__Hypocreales	f__Nectriaceae	g__Volutella	NA
ASV_3756	k__Fungi	p__Mortierellomycota	c__Mortierellomycetes	o__Mortierellales	f__Mortierellaceae	g__Mortierella	s__alliacea
ASV_3757	k__Fungi	p__Ascomycota	c__Dothideomycetes	o__Mycosphaerellales	f__Teratosphaeriaceae	g__Constantinomyces	s__oldenburgensis
ASV_3758	k__Fungi	NA	NA	NA	NA	NA	NA
ASV_3759	k__Fungi	NA	NA	NA	NA	NA	NA
ASV_3760	k__Fungi	NA	NA	NA	NA	NA	NA
ASV_3761	k__Fungi	p__Ascomycota	c__Sordariomycetes	o__Myrmecridiales	f__Myrmecridiaceae	g__Myrmecridium	NA
ASV_3762	k__Fungi	p__Mucoromycota	c__Mucoromycetes	o__Mucorales	f__Mucoraceae	g__Mucor	s__flavus
ASV_3763	k__Fungi	NA	NA	NA	NA	NA	NA
ASV_3764	k__Fungi	NA	NA	NA	NA	NA	NA
ASV_3765	k__Fungi	NA	NA	NA	NA	NA	NA
ASV_3766	k__Fungi	p__Ascomycota	c__Saccharomycetes	o__Saccharomycetales	NA	NA	NA
ASV_3767	k__Fungi	NA	NA	NA	NA	NA	NA
ASV_3768	k__Fungi	p__Ascomycota	c__Saccharomycetes	o__Saccharomycetales	NA	NA	NA
ASV_3769	k__Fungi	p__Ascomycota	c__Saccharomycetes	o__Saccharomycetales	NA	NA	NA
ASV_3770	k__Fungi	NA	NA	NA	NA	NA	NA
ASV_3771	k__Fungi	NA	NA	NA	NA	NA	NA
ASV_3772	k__Fungi	p__Ascomycota	NA	NA	NA	NA	NA
ASV_3773	k__Fungi	NA	NA	NA	NA	NA	NA
ASV_3774	k__Fungi	NA	NA	NA	NA	NA	NA
ASV_3775	k__Fungi	p__Ascomycota	c__Saccharomycetes	o__Saccharomycetales	NA	NA	NA
ASV_3776	k__Fungi	NA	NA	NA	NA	NA	NA
ASV_3777	k__Fungi	p__Ascomycota	c__Saccharomycetes	o__Saccharomycetales	NA	NA	NA
ASV_3778	k__Fungi	p__Ascomycota	c__Saccharomycetes	o__Saccharomycetales	NA	NA	NA
ASV_3779	k__Fungi	NA	NA	NA	NA	NA	NA
ASV_3780	k__Fungi	NA	NA	NA	NA	NA	NA
ASV_3781	k__Fungi	NA	NA	NA	NA	NA	NA
ASV_3782	k__Fungi	NA	NA	NA	NA	NA	NA
ASV_3783	k__Fungi	p__Basidiomycota	NA	NA	NA	NA	NA
ASV_3784	k__Fungi	NA	NA	NA	NA	NA	NA
ASV_3785	k__Fungi	p__Basidiomycota	NA	NA	NA	NA	NA
ASV_3786	k__Fungi	NA	NA	NA	NA	NA	NA
ASV_3787	k__Fungi	p__Ascomycota	c__Sordariomycetes	o__Hypocreales	f__Ophiocordycipitaceae	g__Tolypocladium	s__extinguens
ASV_3788	k__Fungi	p__Basidiomycota	NA	NA	NA	NA	NA
ASV_3789	k__Fungi	p__Basidiomycota	NA	NA	NA	NA	NA
ASV_3790	k__Fungi	p__Basidiomycota	NA	NA	NA	NA	NA
ASV_3791	k__Fungi	NA	NA	NA	NA	NA	NA
ASV_3792	k__Fungi	p__Basidiomycota	NA	NA	NA	NA	NA
ASV_3793	k__Fungi	p__Basidiomycota	NA	NA	NA	NA	NA
ASV_3794	k__Fungi	p__Basidiomycota	NA	NA	NA	NA	NA
ASV_3795	k__Fungi	p__Fungi_phy_Incertae_sedis	c__Fungi_cls_Incertae_sedis	o__Fungi_ord_Incertae_sedis	f__Fungi_fam_Incertae_sedis	g__Fungi_gen_Incertae_sedis	NA
ASV_3796	k__Fungi	p__Basidiomycota	c__Agaricostilbomycetes	o__Agaricostilbales	f__Kondoaceae	g__Bensingtonia	NA
ASV_3797	k__Fungi	p__Basidiomycota	c__Agaricomycetes	o__Agaricales	f__Agaricales_fam_Incertae_sedis	g__Pleurotopsis	s__longinqua
ASV_3798	k__Fungi	p__Ascomycota	c__Sordariomycetes	o__Sordariomycetes_ord_Incertae_sedis	f__Junewangiaceae	g__Sporidesmiella	s__pini
ASV_3799	k__Fungi	p__Basidiomycota	NA	NA	NA	NA	NA
ASV_3800	k__Fungi	p__Basidiomycota	c__Agaricomycetes	o__Trechisporales	f__Trechisporales_fam_Incertae_sedis	g__Trechisporales_gen_Incertae_sedis	NA
ASV_3801	k__Fungi	p__Ascomycota	c__Leotiomycetes	o__Helotiales	f__Helotiaceae	g__Cyathicula	NA
ASV_3802	k__Fungi	p__Ascomycota	c__Dothideomycetes	o__Mycosphaerellales	f__Teratosphaeriaceae	g__Catenulostroma	s__hermanusense
ASV_3803	k__Fungi	p__Ascomycota	c__Sordariomycetes	o__Hypocreales	f__Stachybotryaceae	NA	NA
ASV_3804	k__Fungi	NA	NA	NA	NA	NA	NA
ASV_3805	k__Fungi	NA	NA	NA	NA	NA	NA
ASV_3806	k__Fungi	NA	NA	NA	NA	NA	NA
ASV_3807	k__Fungi	p__Ascomycota	c__Saccharomycetes	o__Saccharomycetales	NA	NA	NA
ASV_3808	k__Fungi	p__Ascomycota	c__Saccharomycetes	o__Saccharomycetales	NA	NA	NA
ASV_3809	k__Fungi	p__Ascomycota	NA	NA	NA	NA	NA
ASV_3810	k__Fungi	p__Basidiomycota	c__Tremellomycetes	o__Filobasidiales	f__Filobasidiaceae	g__Filobasidiaceae_gen_Incertae_sedis	NA
ASV_3811	k__Fungi	p__Ascomycota	c__Saccharomycetes	o__Saccharomycetales	NA	NA	NA
ASV_3812	k__Fungi	p__Ascomycota	c__Saccharomycetes	o__Saccharomycetales	NA	NA	NA
ASV_3813	k__Fungi	p__Ascomycota	NA	NA	NA	NA	NA
ASV_3814	k__Fungi	NA	NA	NA	NA	NA	NA
ASV_3815	k__Fungi	p__Ascomycota	NA	NA	NA	NA	NA
ASV_3816	k__Fungi	p__Ascomycota	c__Saccharomycetes	o__Saccharomycetales	NA	NA	NA
ASV_3817	k__Fungi	p__Ascomycota	NA	NA	NA	NA	NA
ASV_3818	k__Fungi	p__Ascomycota	c__Saccharomycetes	o__Saccharomycetales	NA	NA	NA
ASV_3819	k__Fungi	p__Ascomycota	NA	NA	NA	NA	NA
ASV_3820	k__Fungi	p__Ascomycota	c__Saccharomycetes	o__Saccharomycetales	NA	NA	NA
ASV_3821	k__Fungi	NA	NA	NA	NA	NA	NA
ASV_3822	k__Fungi	p__Ascomycota	c__Saccharomycetes	o__Saccharomycetales	NA	NA	NA
ASV_3823	k__Fungi	p__Ascomycota	c__Saccharomycetes	o__Saccharomycetales	NA	NA	NA
ASV_3824	k__Fungi	p__Ascomycota	NA	NA	NA	NA	NA
ASV_3825	k__Fungi	p__Ascomycota	NA	NA	NA	NA	NA
ASV_3826	k__Fungi	NA	NA	NA	NA	NA	NA
ASV_3827	k__Fungi	NA	NA	NA	NA	NA	NA
ASV_3828	k__Fungi	p__Basidiomycota	NA	NA	NA	NA	NA
ASV_3829	k__Fungi	p__Basidiomycota	NA	NA	NA	NA	NA
ASV_3830	k__Fungi	p__Ascomycota	c__Dothideomycetes	o__Pleosporales	f__Lentitheciaceae	g__Keissleriella	NA
ASV_3831	k__Fungi	p__Ascomycota	c__Sordariomycetes	o__Hypocreales	f__Bionectriaceae	NA	NA
ASV_3832	k__Fungi	p__Ascomycota	c__Eurotiomycetes	o__Chaetothyriales	f__Herpotrichiellaceae	NA	NA
ASV_3833	k__Fungi	p__Basidiomycota	NA	NA	NA	NA	NA
ASV_3834	k__Fungi	p__Basidiomycota	NA	NA	NA	NA	NA
ASV_3835	k__Fungi	p__Ascomycota	NA	NA	NA	NA	NA
ASV_3836	k__Fungi	p__Basidiomycota	c__Agaricomycetes	o__Agaricales	f__Tricholomataceae	g__Tricholoma	s__populinum
ASV_3837	k__Fungi	NA	NA	NA	NA	NA	NA
ASV_3838	k__Fungi	p__Mortierellomycota	c__Mortierellomycetes	o__Mortierellales	f__Mortierellaceae	g__Linnemannia	s__amoeboidea
ASV_3839	k__Fungi	p__Basidiomycota	c__Microbotryomycetes	o__Sporidiobolales	f__Sporidiobolaceae	g__Sporobolomyces	s__ruberrimus
ASV_3840	k__Fungi	p__Basidiomycota	c__Tremellomycetes	o__Tremellales	f__Bulleribasidiaceae	g__Vishniacozyma	s__victoriae
ASV_3841	k__Fungi	p__Ascomycota	NA	NA	NA	NA	NA
ASV_3842	k__Fungi	p__Ascomycota	c__Saccharomycetes	o__Saccharomycetales	NA	NA	NA
ASV_3843	k__Fungi	p__Ascomycota	NA	NA	NA	NA	NA
ASV_3844	k__Fungi	p__Ascomycota	c__Saccharomycetes	o__Saccharomycetales	NA	NA	NA
ASV_3845	k__Fungi	NA	NA	NA	NA	NA	NA
ASV_3846	k__Fungi	p__Ascomycota	c__Saccharomycetes	o__Saccharomycetales	NA	NA	NA
ASV_3847	k__Fungi	p__Ascomycota	c__Saccharomycetes	o__Saccharomycetales	NA	NA	NA
ASV_3848	k__Fungi	p__Ascomycota	c__Saccharomycetes	o__Saccharomycetales	NA	NA	NA
ASV_3849	k__Fungi	NA	NA	NA	NA	NA	NA
ASV_3850	k__Fungi	NA	NA	NA	NA	NA	NA
ASV_3851	k__Fungi	p__Ascomycota	c__Saccharomycetes	o__Saccharomycetales	NA	NA	NA
ASV_3852	k__Fungi	p__Ascomycota	c__Saccharomycetes	o__Saccharomycetales	NA	NA	NA
ASV_3853	k__Fungi	NA	NA	NA	NA	NA	NA
ASV_3854	k__Fungi	p__Ascomycota	NA	NA	NA	NA	NA
ASV_3855	k__Fungi	p__Ascomycota	NA	NA	NA	NA	NA
ASV_3856	k__Fungi	NA	NA	NA	NA	NA	NA
ASV_3857	k__Fungi	NA	NA	NA	NA	NA	NA
ASV_3858	k__Fungi	NA	NA	NA	NA	NA	NA
ASV_3859	k__Fungi	NA	NA	NA	NA	NA	NA
ASV_3860	k__Fungi	NA	NA	NA	NA	NA	NA
ASV_3861	k__Fungi	NA	NA	NA	NA	NA	NA
ASV_3862	k__Fungi	p__Ascomycota	c__Dothideomycetes	o__Mycosphaerellales	f__Mycosphaerellaceae	g__Ramularia	s__armoraciae
ASV_3863	k__Fungi	p__Basidiomycota	NA	NA	NA	NA	NA
ASV_3864	k__Fungi	NA	NA	NA	NA	NA	NA
ASV_3865	k__Fungi	p__Basidiomycota	NA	NA	NA	NA	NA
ASV_3866	k__Fungi	p__Basidiomycota	NA	NA	NA	NA	NA
ASV_3867	k__Fungi	p__Basidiomycota	c__Microbotryomycetes	o__Leucosporidiales	f__Leucosporidiaceae	g__Leucosporidium	s__escuderoi
ASV_3868	k__Fungi	p__Basidiomycota	NA	NA	NA	NA	NA
ASV_3869	k__Fungi	p__Basidiomycota	c__Agaricomycetes	o__Agaricales	f__Physalacriaceae	g__Armillaria	s__borealis
ASV_3870	k__Fungi	p__Ascomycota	c__Eurotiomycetes	o__Chaetothyriales	f__Herpotrichiellaceae	NA	NA
ASV_3871	k__Fungi	p__Ascomycota	c__Saccharomycetes	o__Saccharomycetales	f__Phaffomycetaceae	g__Cyberlindnera	s__jadinii
ASV_3872	k__Fungi	p__Basidiomycota	c__Microbotryomycetes	o__Microbotryomycetes_ord_Incertae_sedis	f__Microbotryomycetes_fam_Incertae_sedis	g__Curvibasidium	s__cygneicollum
ASV_3873	k__Fungi	p__Basidiomycota	c__Tremellomycetes	o__Cystofilobasidiales	f__Mrakiaceae	g__Itersonilia	s__pannonica
ASV_3874	k__Fungi	p__Ascomycota	c__Sordariomycetes	o__Microascales	f__Microascaceae	g__Microascus	s__longirostris
ASV_3875	k__Fungi	p__Basidiomycota	c__Tremellomycetes	o__Cystofilobasidiales	f__Mrakiaceae	g__Mrakia	s__hoshinonis
ASV_3876	k__Fungi	p__Ascomycota	c__Sordariomycetes	o__Hypocreales	f__Cordycipitaceae	g__Lecanicillium	s__fusisporum
ASV_3877	k__Fungi	p__Basidiomycota	NA	NA	NA	NA	NA
ASV_3878	k__Fungi	p__Ascomycota	c__Sordariomycetes	NA	NA	NA	NA
ASV_3879	k__Fungi	p__Ascomycota	c__Leotiomycetes	o__Helotiales	NA	NA	NA
ASV_3880	k__Fungi	p__Ascomycota	c__Sordariomycetes	NA	NA	NA	NA
ASV_3881	k__Fungi	p__Ascomycota	c__Sordariomycetes	o__Hypocreales	f__Bionectriaceae	g__Acremonium	s__polychromum
ASV_3882	k__Fungi	p__Basidiomycota	NA	NA	NA	NA	NA
ASV_3883	k__Fungi	p__Ascomycota	NA	NA	NA	NA	NA
ASV_3884	k__Fungi	NA	NA	NA	NA	NA	NA
ASV_3885	k__Fungi	p__Ascomycota	c__Saccharomycetes	o__Saccharomycetales	NA	NA	NA
ASV_3886	k__Fungi	p__Ascomycota	NA	NA	NA	NA	NA
ASV_3887	k__Fungi	NA	NA	NA	NA	NA	NA
ASV_3888	k__Fungi	p__Ascomycota	c__Saccharomycetes	o__Saccharomycetales	NA	NA	NA
ASV_3889	k__Fungi	p__Ascomycota	c__Saccharomycetes	o__Saccharomycetales	NA	NA	NA
ASV_3890	k__Fungi	p__Ascomycota	c__Dothideomycetes	o__Pleosporales	f__Phaeosphaeriaceae	g__Phaeosphaeria	s__poagena
ASV_3891	k__Fungi	p__Basidiomycota	NA	NA	NA	NA	NA
ASV_3892	k__Fungi	p__Ascomycota	c__Saccharomycetes	o__Saccharomycetales	NA	NA	NA
ASV_3893	k__Fungi	NA	NA	NA	NA	NA	NA
ASV_3894	k__Fungi	NA	NA	NA	NA	NA	NA
ASV_3895	k__Fungi	NA	NA	NA	NA	NA	NA
ASV_3896	k__Fungi	NA	NA	NA	NA	NA	NA
ASV_3897	k__Fungi	p__Ascomycota	c__Dothideomycetes	o__Pleosporales	f__Didymosphaeriaceae	g__Pseudopithomyces	s__rosae
ASV_3898	k__Fungi	p__Basidiomycota	NA	NA	NA	NA	NA
ASV_3899	k__Fungi	NA	NA	NA	NA	NA	NA
ASV_3900	k__Fungi	p__Ascomycota	c__Dothideomycetes	o__Mycosphaerellales	f__Teratosphaeriaceae	NA	NA
ASV_3901	k__Fungi	p__Basidiomycota	NA	NA	NA	NA	NA
ASV_3902	k__Fungi	p__Basidiomycota	NA	NA	NA	NA	NA
ASV_3903	k__Fungi	p__Basidiomycota	NA	NA	NA	NA	NA
ASV_3904	k__Fungi	p__Basidiomycota	NA	NA	NA	NA	NA
ASV_3905	k__Fungi	p__Basidiomycota	NA	NA	NA	NA	NA
ASV_3906	k__Fungi	p__Basidiomycota	NA	NA	NA	NA	NA
ASV_3907	k__Fungi	p__Basidiomycota	NA	NA	NA	NA	NA
ASV_3908	k__Fungi	p__Basidiomycota	c__Agaricomycetes	o__Polyporales	f__Meruliaceae	g__Mycoacia	s__uda
ASV_3909	k__Fungi	NA	NA	NA	NA	NA	NA
ASV_3910	k__Fungi	NA	NA	NA	NA	NA	NA
ASV_3911	k__Fungi	p__Basidiomycota	c__Agaricomycetes	o__Agaricales	f__Psathyrellaceae	g__Coprinopsis	s__verticillata
ASV_3912	k__Fungi	p__Ascomycota	c__Sordariomycetes	o__Myrmecridiales	f__Myrmecridiaceae	g__Myrmecridium	NA
ASV_3913	k__Fungi	p__Ascomycota	NA	NA	NA	NA	NA
ASV_3914	k__Fungi	p__Basidiomycota	c__Agaricomycetes	NA	NA	NA	NA
ASV_3915	k__Fungi	NA	NA	NA	NA	NA	NA
ASV_3916	k__Fungi	p__Ascomycota	c__Taphrinomycetes	o__Taphrinales	f__Protomycetaceae	g__Protomyces	s__inouyei
ASV_3917	k__Fungi	NA	NA	NA	NA	NA	NA
ASV_3918	k__Fungi	p__Ascomycota	c__Saccharomycetes	o__Saccharomycetales	NA	NA	NA
ASV_3919	k__Fungi	NA	NA	NA	NA	NA	NA
ASV_3920	k__Fungi	NA	NA	NA	NA	NA	NA
ASV_3921	k__Fungi	p__Ascomycota	NA	NA	NA	NA	NA
ASV_3922	k__Fungi	NA	NA	NA	NA	NA	NA
ASV_3923	k__Fungi	p__Ascomycota	c__Saccharomycetes	o__Saccharomycetales	NA	NA	NA
ASV_3924	k__Fungi	p__Ascomycota	c__Saccharomycetes	o__Saccharomycetales	NA	NA	NA
ASV_3925	k__Fungi	p__Ascomycota	NA	NA	NA	NA	NA
ASV_3926	k__Fungi	p__Ascomycota	c__Saccharomycetes	o__Saccharomycetales	NA	NA	NA
ASV_3927	k__Fungi	NA	NA	NA	NA	NA	NA
ASV_3928	k__Fungi	p__Ascomycota	NA	NA	NA	NA	NA
ASV_3929	k__Fungi	NA	NA	NA	NA	NA	NA
ASV_3930	k__Fungi	p__Ascomycota	c__Saccharomycetes	o__Saccharomycetales	NA	NA	NA
ASV_3931	k__Fungi	NA	NA	NA	NA	NA	NA
ASV_3932	k__Fungi	p__Ascomycota	c__Saccharomycetes	o__Saccharomycetales	NA	NA	NA
ASV_3933	k__Fungi	p__Ascomycota	NA	NA	NA	NA	NA
ASV_3934	k__Fungi	NA	NA	NA	NA	NA	NA
ASV_3935	k__Fungi	NA	NA	NA	NA	NA	NA
ASV_3936	k__Fungi	NA	NA	NA	NA	NA	NA
ASV_3937	k__Fungi	NA	NA	NA	NA	NA	NA
ASV_3938	k__Fungi	NA	NA	NA	NA	NA	NA
ASV_3939	k__Fungi	p__Ascomycota	c__Dothideomycetes	o__Mycosphaerellales	f__Teratosphaeriaceae	g__Constantinomyces	s__oldenburgensis
ASV_3940	k__Fungi	p__Basidiomycota	NA	NA	NA	NA	NA
ASV_3941	k__Fungi	p__Basidiomycota	NA	NA	NA	NA	NA
ASV_3942	k__Fungi	p__Basidiomycota	NA	NA	NA	NA	NA
ASV_3943	k__Fungi	p__Chytridiomycota	c__Spizellomycetes	o__Spizellomycetales	f__Powellomycetaceae	g__Powellomycetaceae_gen_Incertae_sedis	NA
ASV_3944	k__Fungi	p__Ascomycota	c__Leotiomycetes	NA	NA	NA	NA
ASV_3945	k__Fungi	p__Ascomycota	c__Leotiomycetes	o__Helotiales	f__Rutstroemiaceae	g__Bicornispora	s__seditiosa
ASV_3946	k__Fungi	p__Ascomycota	c__Dothideomycetes	o__Pleosporales	f__Lentitheciaceae	g__Keissleriella	NA
ASV_3947	k__Fungi	p__Basidiomycota	c__Agaricomycetes	o__Russulales	f__Peniophoraceae	g__Peniophora	NA
ASV_3948	k__Fungi	NA	NA	NA	NA	NA	NA
ASV_3949	k__Fungi	p__Basidiomycota	c__Exobasidiomycetes	o__Golubeviales	f__Golubeviaceae	g__Golubevia	NA
ASV_3950	k__Fungi	p__Ascomycota	c__Saccharomycetes	o__Saccharomycetales	NA	NA	NA
ASV_3951	k__Fungi	p__Ascomycota	NA	NA	NA	NA	NA
ASV_3952	k__Fungi	NA	NA	NA	NA	NA	NA
ASV_3953	k__Fungi	p__Ascomycota	c__Saccharomycetes	o__Saccharomycetales	NA	NA	NA
ASV_3954	k__Fungi	p__Ascomycota	c__Saccharomycetes	o__Saccharomycetales	NA	NA	NA
ASV_3955	k__Fungi	p__Ascomycota	NA	NA	NA	NA	NA
ASV_3956	k__Fungi	p__Ascomycota	c__Saccharomycetes	o__Saccharomycetales	NA	NA	NA
ASV_3957	k__Fungi	p__Ascomycota	NA	NA	NA	NA	NA
ASV_3958	k__Fungi	p__Ascomycota	c__Dothideomycetes	o__Pleosporales	f__Lophiostomataceae	g__Neovaginatispora	NA
ASV_3959	k__Fungi	p__Ascomycota	c__Dothideomycetes	o__Mycosphaerellales	f__Mycosphaerellaceae	NA	NA
ASV_3960	k__Fungi	p__Basidiomycota	NA	NA	NA	NA	NA
ASV_3961	k__Fungi	NA	NA	NA	NA	NA	NA
ASV_3962	k__Fungi	p__Basidiomycota	NA	NA	NA	NA	NA
ASV_3963	k__Fungi	p__Ascomycota	c__Pezizomycetes	o__Pezizales	f__Ascobolaceae	g__Ascobolus	NA
ASV_3964	k__Fungi	p__Basidiomycota	c__Agaricomycetes	o__Agaricales	f__Hymenogastraceae	g__Hebeloma	s__radicosum
ASV_3965	k__Fungi	p__Basidiomycota	c__Tremellomycetes	o__Filobasidiales	f__Piskurozymaceae	g__Solicoccozyma	NA
ASV_3966	k__Fungi	NA	NA	NA	NA	NA	NA
ASV_3967	k__Fungi	p__Ascomycota	c__Leotiomycetes	o__Helotiales	f__Hyaloscyphaceae	g__Hyaloscyphaceae_gen_Incertae_sedis	NA
ASV_3968	k__Fungi	p__Ascomycota	c__Eurotiomycetes	o__Eurotiales	f__Aspergillaceae	g__Penicillium	NA
ASV_3969	k__Fungi	p__Ascomycota	c__Saccharomycetes	o__Saccharomycetales	f__Trichomonascaceae	g__Starmerella	s__bombicola
ASV_3970	k__Fungi	p__Basidiomycota	NA	NA	NA	NA	NA
ASV_3971	k__Fungi	p__Ascomycota	c__Sordariomycetes	o__Hypocreales	f__Bionectriaceae	g__Acremonium	s__alternatum
ASV_3972	k__Fungi	NA	NA	NA	NA	NA	NA
ASV_3973	k__Fungi	NA	NA	NA	NA	NA	NA
ASV_3974	k__Fungi	p__Mucoromycota	c__Mucoromycetes	o__Mucorales	f__Mucoraceae	g__Mucor	s__hiemalis
ASV_3975	k__Fungi	p__Ascomycota	c__Saccharomycetes	o__Saccharomycetales	NA	NA	NA
ASV_3976	k__Fungi	NA	NA	NA	NA	NA	NA
ASV_3977	k__Fungi	p__Ascomycota	c__Saccharomycetes	o__Saccharomycetales	NA	NA	NA
ASV_3978	k__Fungi	NA	NA	NA	NA	NA	NA
ASV_3979	k__Fungi	NA	NA	NA	NA	NA	NA
ASV_3980	k__Fungi	p__Ascomycota	c__Saccharomycetes	o__Saccharomycetales	NA	NA	NA
ASV_3981	k__Fungi	NA	NA	NA	NA	NA	NA
ASV_3982	k__Fungi	p__Ascomycota	c__Saccharomycetes	o__Saccharomycetales	NA	NA	NA
ASV_3983	k__Fungi	NA	NA	NA	NA	NA	NA
ASV_3984	k__Fungi	p__Ascomycota	c__Saccharomycetes	o__Saccharomycetales	NA	NA	NA
ASV_3985	k__Fungi	p__Ascomycota	c__Sordariomycetes	o__Glomerellales	f__Plectosphaerellaceae	NA	NA
ASV_3986	k__Fungi	NA	NA	NA	NA	NA	NA
ASV_3987	k__Fungi	NA	NA	NA	NA	NA	NA
ASV_3988	k__Fungi	p__Ascomycota	NA	NA	NA	NA	NA
ASV_3989	k__Fungi	NA	NA	NA	NA	NA	NA
ASV_3990	k__Fungi	NA	NA	NA	NA	NA	NA
ASV_3991	k__Fungi	NA	NA	NA	NA	NA	NA
ASV_3992	k__Fungi	p__Ascomycota	c__Saccharomycetes	o__Saccharomycetales	NA	NA	NA
ASV_3993	k__Fungi	p__Ascomycota	c__Saccharomycetes	o__Saccharomycetales	NA	NA	NA
ASV_3994	k__Fungi	p__Ascomycota	c__Saccharomycetes	o__Saccharomycetales	NA	NA	NA
ASV_3995	k__Fungi	p__Ascomycota	c__Saccharomycetes	o__Saccharomycetales	NA	NA	NA
ASV_3996	k__Fungi	p__Mortierellomycota	c__Mortierellomycetes	o__Mortierellales	f__Mortierellaceae	g__Mortierella	NA
ASV_3997	k__Fungi	NA	NA	NA	NA	NA	NA
ASV_3998	k__Fungi	NA	NA	NA	NA	NA	NA
ASV_3999	k__Fungi	p__Ascomycota	c__Dothideomycetes	o__Pleosporales	f__Didymellaceae	NA	NA
ASV_4000	k__Fungi	p__Ascomycota	c__Sordariomycetes	o__Sordariales	f__Chaetomiaceae	g__Acrophialophora	s__levis
ASV_4001	k__Fungi	p__Ascomycota	NA	NA	NA	NA	NA
ASV_4002	k__Fungi	NA	NA	NA	NA	NA	NA
ASV_4003	k__Fungi	NA	NA	NA	NA	NA	NA
ASV_4004	k__Fungi	NA	NA	NA	NA	NA	NA
ASV_4005	k__Fungi	p__Basidiobolomycota	c__Basidiobolomycetes	o__Basidiobolales	f__Basidiobolaceae	g__Basidiobolus	NA
ASV_4006	k__Fungi	NA	NA	NA	NA	NA	NA
ASV_4007	k__Fungi	p__Basidiomycota	NA	NA	NA	NA	NA
ASV_4008	k__Fungi	p__Basidiomycota	NA	NA	NA	NA	NA
ASV_4009	k__Fungi	p__Ascomycota	c__Dothideomycetes	o__Cladosporiales	f__Cladosporiaceae	g__Cladosporium	s__herbarum
ASV_4010	k__Fungi	p__Basidiomycota	c__Agaricomycetes	o__Agaricales	f__Psathyrellaceae	g__Coprinellus	s__micaceus
ASV_4011	k__Fungi	p__Basidiomycota	NA	NA	NA	NA	NA
ASV_4012	k__Fungi	p__Ascomycota	c__Eurotiomycetes	o__Onygenales	f__Gymnoascaceae	g__Gymnoascus	s__dugwayensis
ASV_4013	k__Fungi	NA	NA	NA	NA	NA	NA
ASV_4014	k__Fungi	NA	NA	NA	NA	NA	NA
ASV_4015	k__Fungi	p__Basidiomycota	c__Agaricostilbomycetes	o__Agaricostilbales	f__Ruineniaceae	g__Ruinenia	s__bangxiensis
ASV_4016	k__Fungi	p__Ascomycota	c__Leotiomycetes	o__Helotiales	f__Dermateaceae	g__Coleophoma	NA
ASV_4017	k__Fungi	p__Ascomycota	c__Sordariomycetes	o__Microascales	f__Microascaceae	g__Wardomyces	NA
ASV_4018	k__Fungi	p__Ascomycota	c__Dothideomycetes	o__Pleosporales	f__Phaeosphaeriaceae	NA	NA
ASV_4019	k__Fungi	p__Ascomycota	c__Saccharomycetes	o__Saccharomycetales	NA	NA	NA
ASV_4020	k__Fungi	p__Ascomycota	NA	NA	NA	NA	NA
ASV_4021	k__Fungi	NA	NA	NA	NA	NA	NA
ASV_4022	k__Fungi	p__Ascomycota	c__Saccharomycetes	o__Saccharomycetales	NA	NA	NA
ASV_4023	k__Fungi	NA	NA	NA	NA	NA	NA
ASV_4024	k__Fungi	NA	NA	NA	NA	NA	NA
ASV_4025	k__Fungi	p__Basidiomycota	c__Cystobasidiomycetes	o__Buckleyzymales	f__Buckleyzymaceae	g__Buckleyzyma	s__aurantiaca
ASV_4026	k__Fungi	NA	NA	NA	NA	NA	NA
ASV_4027	k__Fungi	NA	NA	NA	NA	NA	NA
ASV_4028	k__Fungi	p__Ascomycota	c__Eurotiomycetes	o__Eurotiales	f__Aspergillaceae	g__Penicillium	s__sublectaticum
ASV_4029	k__Fungi	NA	NA	NA	NA	NA	NA
ASV_4030	k__Fungi	NA	NA	NA	NA	NA	NA
ASV_4031	k__Fungi	p__Ascomycota	c__Saccharomycetes	o__Saccharomycetales	NA	NA	NA
ASV_4032	k__Fungi	p__Ascomycota	NA	NA	NA	NA	NA
ASV_4033	k__Fungi	p__Ascomycota	NA	NA	NA	NA	NA
ASV_4034	k__Fungi	p__Ascomycota	c__Saccharomycetes	o__Saccharomycetales	NA	NA	NA
ASV_4035	k__Fungi	p__Ascomycota	c__Saccharomycetes	o__Saccharomycetales	NA	NA	NA
ASV_4036	k__Fungi	p__Ascomycota	c__Saccharomycetes	o__Saccharomycetales	NA	NA	NA
ASV_4037	k__Fungi	p__Ascomycota	c__Dothideomycetes	o__Pleosporales	f__Periconiaceae	g__Periconia	NA
ASV_4038	k__Fungi	NA	NA	NA	NA	NA	NA
ASV_4039	k__Fungi	p__Basidiomycota	NA	NA	NA	NA	NA
ASV_4040	k__Fungi	p__Basidiomycota	NA	NA	NA	NA	NA
ASV_4041	k__Fungi	p__Basidiomycota	NA	NA	NA	NA	NA
ASV_4042	k__Fungi	p__Basidiomycota	NA	NA	NA	NA	NA
ASV_4043	k__Fungi	NA	NA	NA	NA	NA	NA
ASV_4044	k__Fungi	p__Ascomycota	c__Dothideomycetes	o__Pleosporales	f__Dictyosporiaceae	g__Dictyosporiaceae_gen_Incertae_sedis	NA
ASV_4045	k__Fungi	p__Ascomycota	c__Dothideomycetes	o__Pleosporales	f__Leptosphaeriaceae	g__Paraleptosphaeria	NA
ASV_4046	k__Fungi	p__Basidiomycota	c__Microbotryomycetes	o__Sporidiobolales	f__Sporidiobolaceae	g__Sporobolomyces	s__ruberrimus
ASV_4047	k__Fungi	p__Ascomycota	c__Dothideomycetes	o__Pleosporales	f__Dothidotthiaceae	g__Mycocentrospora	NA
ASV_4048	k__Fungi	p__Ascomycota	c__Sordariomycetes	o__Hypocreales	f__Sarocladiaceae	g__Sarocladium	s__kiliense
ASV_4049	k__Fungi	p__Ascomycota	c__Eurotiomycetes	o__Chaetothyriales	f__Cyphellophoraceae	g__Cyphellophora	NA
ASV_4050	k__Fungi	p__Basidiomycota	c__Tremellomycetes	o__Filobasidiales	f__Piskurozymaceae	g__Piskurozyma	NA
ASV_4051	k__Fungi	NA	NA	NA	NA	NA	NA
ASV_4052	k__Fungi	NA	NA	NA	NA	NA	NA
ASV_4053	k__Fungi	NA	NA	NA	NA	NA	NA
ASV_4054	k__Fungi	NA	NA	NA	NA	NA	NA
ASV_4055	k__Fungi	p__Basidiomycota	c__Ustilaginomycetes	o__Ustilaginales	f__Anthracoideaceae	g__Schizonella	s__caricis-atratae
ASV_4056	k__Fungi	NA	NA	NA	NA	NA	NA
ASV_4057	k__Fungi	p__Ascomycota	NA	NA	NA	NA	NA
ASV_4058	k__Fungi	p__Ascomycota	NA	NA	NA	NA	NA
ASV_4059	k__Fungi	p__Ascomycota	c__Saccharomycetes	o__Saccharomycetales	NA	NA	NA
ASV_4060	k__Fungi	NA	NA	NA	NA	NA	NA
ASV_4061	k__Fungi	p__Ascomycota	c__Saccharomycetes	o__Saccharomycetales	NA	NA	NA
ASV_4062	k__Fungi	p__Ascomycota	c__Saccharomycetes	o__Saccharomycetales	NA	NA	NA
ASV_4063	k__Fungi	p__Ascomycota	NA	NA	NA	NA	NA
ASV_4064	k__Fungi	p__Ascomycota	c__Saccharomycetes	o__Saccharomycetales	NA	NA	NA
ASV_4065	k__Fungi	p__Ascomycota	c__Saccharomycetes	o__Saccharomycetales	NA	NA	NA
ASV_4066	k__Fungi	NA	NA	NA	NA	NA	NA
ASV_4067	k__Fungi	NA	NA	NA	NA	NA	NA
ASV_4068	k__Fungi	NA	NA	NA	NA	NA	NA
ASV_4069	k__Fungi	p__Ascomycota	c__Saccharomycetes	o__Saccharomycetales	NA	NA	NA
ASV_4070	k__Fungi	NA	NA	NA	NA	NA	NA
ASV_4071	k__Fungi	p__Ascomycota	NA	NA	NA	NA	NA
ASV_4072	k__Fungi	NA	NA	NA	NA	NA	NA
ASV_4073	k__Fungi	p__Ascomycota	NA	NA	NA	NA	NA
ASV_4074	k__Fungi	p__Ascomycota	c__Saccharomycetes	o__Saccharomycetales	NA	NA	NA
ASV_4075	k__Fungi	p__Ascomycota	c__Saccharomycetes	o__Saccharomycetales	NA	NA	NA
ASV_4076	k__Fungi	p__Ascomycota	c__Saccharomycetes	o__Saccharomycetales	NA	NA	NA
ASV_4077	k__Fungi	p__Ascomycota	c__Dothideomycetes	o__Pleosporales	f__Massarinaceae	g__Helminthosporium	s__asterinum
ASV_4078	k__Fungi	p__Ascomycota	c__Lecanoromycetes	o__Leprocaulales	f__Leprocaulaceae	g__Halecania	s__viridescens
ASV_4079	k__Fungi	NA	NA	NA	NA	NA	NA
ASV_4080	k__Fungi	p__Ascomycota	c__Sordariomycetes	o__Hypocreales	f__Nectriaceae	g__Fusarium	NA
ASV_4081	k__Fungi	p__Basidiomycota	NA	NA	NA	NA	NA
ASV_4082	k__Fungi	p__Basidiomycota	NA	NA	NA	NA	NA
ASV_4083	k__Fungi	p__Ascomycota	c__Leotiomycetes	o__Chaetomellales	f__Chaetomellaceae	g__Pilidium	NA
ASV_4084	k__Fungi	p__Ascomycota	c__Dothideomycetes	o__Pleosporales	NA	NA	NA
ASV_4085	k__Fungi	p__Basidiomycota	c__Agaricomycetes	o__Agaricales	f__Physalacriaceae	g__Armillaria	s__borealis
ASV_4086	k__Fungi	p__Basidiomycota	NA	NA	NA	NA	NA
ASV_4087	k__Fungi	p__Ascomycota	c__Sordariomycetes	NA	NA	NA	NA
ASV_4088	k__Fungi	p__Basidiomycota	NA	NA	NA	NA	NA
ASV_4089	k__Fungi	p__Ascomycota	c__Leotiomycetes	o__Thelebolales	f__Pseudeurotiaceae	g__Geomyces	NA
ASV_4090	k__Fungi	p__Ascomycota	c__Leotiomycetes	o__Helotiales	f__Ploettnerulaceae	g__Mycochaetophora	s__gentianae
ASV_4091	k__Fungi	p__Basidiomycota	c__Agaricomycetes	o__Cantharellales	f__Botryobasidiaceae	g__Botryobasidium	s__laeve
ASV_4092	k__Fungi	p__Basidiomycota	c__Agaricomycetes	o__Agaricales	f__Physalacriaceae	g__Strobilurus	s__tenacellus
ASV_4093	k__Fungi	NA	NA	NA	NA	NA	NA
ASV_4094	k__Fungi	p__Ascomycota	c__Saccharomycetes	o__Saccharomycetales	NA	NA	NA
ASV_4095	k__Fungi	p__Basidiomycota	NA	NA	NA	NA	NA
ASV_4096	k__Fungi	p__Basidiomycota	c__Tremellomycetes	o__Tremellales	f__Bulleribasidiaceae	g__Vishniacozyma	s__victoriae
ASV_4097	k__Fungi	p__Fungi_phy_Incertae_sedis	c__Fungi_cls_Incertae_sedis	o__Fungi_ord_Incertae_sedis	f__Fungi_fam_Incertae_sedis	g__Fungi_gen_Incertae_sedis	NA
ASV_4098	k__Fungi	p__Ascomycota	c__Dothideomycetes	o__Pleosporales	f__Didymellaceae	NA	NA
ASV_4099	k__Fungi	NA	NA	NA	NA	NA	NA
ASV_4100	k__Fungi	NA	NA	NA	NA	NA	NA
ASV_4101	k__Fungi	p__Ascomycota	c__Saccharomycetes	o__Saccharomycetales	NA	NA	NA
ASV_4102	k__Fungi	p__Ascomycota	c__Saccharomycetes	o__Saccharomycetales	NA	NA	NA
ASV_4103	k__Fungi	p__Ascomycota	c__Saccharomycetes	o__Saccharomycetales	NA	NA	NA
ASV_4104	k__Fungi	NA	NA	NA	NA	NA	NA
ASV_4105	k__Fungi	NA	NA	NA	NA	NA	NA
ASV_4106	k__Fungi	p__Ascomycota	NA	NA	NA	NA	NA
ASV_4107	k__Fungi	NA	NA	NA	NA	NA	NA
ASV_4108	k__Fungi	NA	NA	NA	NA	NA	NA
ASV_4109	k__Fungi	NA	NA	NA	NA	NA	NA
ASV_4110	k__Fungi	p__Ascomycota	NA	NA	NA	NA	NA
ASV_4111	k__Fungi	NA	NA	NA	NA	NA	NA
ASV_4112	k__Fungi	p__Ascomycota	c__Saccharomycetes	o__Saccharomycetales	NA	NA	NA
ASV_4113	k__Fungi	p__Ascomycota	c__Saccharomycetes	o__Saccharomycetales	NA	NA	NA
ASV_4114	k__Fungi	NA	NA	NA	NA	NA	NA
ASV_4115	k__Fungi	p__Ascomycota	c__Saccharomycetes	o__Saccharomycetales	NA	NA	NA
ASV_4116	k__Fungi	NA	NA	NA	NA	NA	NA
ASV_4117	k__Fungi	p__Ascomycota	NA	NA	NA	NA	NA
ASV_4118	k__Fungi	NA	NA	NA	NA	NA	NA
ASV_4119	k__Fungi	p__Basidiomycota	NA	NA	NA	NA	NA
ASV_4120	k__Fungi	NA	NA	NA	NA	NA	NA
ASV_4121	k__Fungi	p__Basidiomycota	NA	NA	NA	NA	NA
ASV_4122	k__Fungi	p__Ascomycota	c__Eurotiomycetes	o__Eurotiales	f__Trichocomaceae	g__Talaromyces	s__cecidicola
ASV_4123	k__Fungi	p__Basidiomycota	c__Agaricomycetes	o__Agaricales	f__Mycenaceae	g__Mycena	NA
ASV_4124	k__Fungi	p__Ascomycota	c__Sordariomycetes	o__Xylariales	NA	NA	NA
ASV_4125	k__Fungi	p__Ascomycota	c__Sordariomycetes	o__Myrmecridiales	f__Myrmecridiaceae	g__Myrmecridium	NA
ASV_4126	k__Fungi	p__Basidiomycota	c__Tremellomycetes	o__Tremellales	f__Rhynchogastremaceae	g__Papiliotrema	s__nemorosa
ASV_4127	k__Fungi	p__Ascomycota	c__Dothideomycetes	o__Venturiales	f__Sympoventuriaceae	g__Sympoventuriaceae_gen_Incertae_sedis	NA
ASV_4128	k__Fungi	p__Basidiomycota	c__Agaricomycetes	o__Hymenochaetales	f__Schizoporaceae	g__Alutaceodontia	s__alutacea
ASV_4129	k__Fungi	NA	NA	NA	NA	NA	NA
ASV_4130	k__Fungi	p__Ascomycota	c__Sordariomycetes	o__Coniochaetales	f__Coniochaetaceae	NA	NA
ASV_4131	k__Fungi	p__Ascomycota	c__Sordariomycetes	o__Chaetosphaeriales	f__Chaetosphaeriaceae	g__Chloridium	NA
ASV_4132	k__Fungi	NA	NA	NA	NA	NA	NA
ASV_4133	k__Fungi	p__Ascomycota	c__Sordariomycetes	o__Xylariales	NA	NA	NA
ASV_4134	k__Fungi	NA	NA	NA	NA	NA	NA
ASV_4135	k__Fungi	p__Ascomycota	NA	NA	NA	NA	NA
ASV_4136	k__Fungi	NA	NA	NA	NA	NA	NA
ASV_4137	k__Fungi	p__Ascomycota	NA	NA	NA	NA	NA
ASV_4138	k__Fungi	NA	NA	NA	NA	NA	NA
ASV_4139	k__Fungi	p__Ascomycota	c__Saccharomycetes	o__Saccharomycetales	NA	NA	NA
ASV_4140	k__Fungi	p__Ascomycota	c__Saccharomycetes	o__Saccharomycetales	NA	NA	NA
ASV_4141	k__Fungi	NA	NA	NA	NA	NA	NA
ASV_4142	k__Fungi	NA	NA	NA	NA	NA	NA
ASV_4143	k__Fungi	p__Basidiomycota	c__Tremellomycetes	NA	NA	NA	NA
ASV_4144	k__Fungi	p__Ascomycota	NA	NA	NA	NA	NA
ASV_4145	k__Fungi	p__Ascomycota	NA	NA	NA	NA	NA
ASV_4146	k__Fungi	p__Ascomycota	NA	NA	NA	NA	NA
ASV_4147	k__Fungi	p__Ascomycota	c__Saccharomycetes	o__Saccharomycetales	NA	NA	NA
ASV_4148	k__Fungi	p__Ascomycota	c__Saccharomycetes	o__Saccharomycetales	NA	NA	NA
ASV_4149	k__Fungi	NA	NA	NA	NA	NA	NA
ASV_4150	k__Fungi	p__Ascomycota	c__Saccharomycetes	o__Saccharomycetales	NA	NA	NA
ASV_4151	k__Fungi	p__Ascomycota	NA	NA	NA	NA	NA
ASV_4152	k__Fungi	NA	NA	NA	NA	NA	NA
ASV_4153	k__Fungi	p__Mortierellomycota	c__Mortierellomycetes	o__Mortierellales	f__Mortierellaceae	g__Linnemannia	NA
ASV_4154	k__Fungi	p__Ascomycota	c__Eurotiomycetes	o__Ascosphaerales	f__Ascosphaeraceae	g__Ascosphaera	s__acerosa
ASV_4155	k__Fungi	NA	NA	NA	NA	NA	NA
ASV_4156	k__Fungi	NA	NA	NA	NA	NA	NA
ASV_4157	k__Fungi	p__Basidiomycota	NA	NA	NA	NA	NA
ASV_4158	k__Fungi	p__Ascomycota	c__Leotiomycetes	o__Helotiales	f__Pleuroascaceae	g__Pleuroascus	s__nicholsonii
ASV_4159	k__Fungi	p__Basidiomycota	c__Agaricomycetes	o__Agaricales	f__Crepidotaceae	g__Crepidotus	s__variabilis
ASV_4160	k__Fungi	p__Basidiomycota	NA	NA	NA	NA	NA
ASV_4161	k__Fungi	p__Basidiomycota	NA	NA	NA	NA	NA
ASV_4162	k__Fungi	p__Ascomycota	c__Sordariomycetes	NA	NA	NA	NA
ASV_4163	k__Fungi	p__Ascomycota	c__Sordariomycetes	o__Hypocreales	f__Nectriaceae	g__Pseudocosmospora	NA
ASV_4164	k__Fungi	NA	NA	NA	NA	NA	NA
ASV_4165	k__Fungi	NA	NA	NA	NA	NA	NA
ASV_4166	k__Fungi	p__Ascomycota	c__Leotiomycetes	NA	NA	NA	NA
ASV_4167	k__Fungi	p__Basidiomycota	c__Agaricostilbomycetes	o__Agaricostilbales	f__Chionosphaeraceae	g__Kurtzmanomyces	NA
ASV_4168	k__Fungi	NA	NA	NA	NA	NA	NA
ASV_4169	k__Fungi	p__Basidiomycota	NA	NA	NA	NA	NA
ASV_4170	k__Fungi	NA	NA	NA	NA	NA	NA
ASV_4171	k__Fungi	p__Basidiomycota	c__Agaricomycetes	o__Sebacinales	f__Sebacinales_fam_Incertae_sedis	g__Sebacinales_gen_Incertae_sedis	NA
ASV_4172	k__Fungi	p__Basidiomycota	c__Microbotryomycetes	o__Sporidiobolales	f__Sporidiobolaceae	g__Sporobolomyces	s__reniformis
ASV_4173	k__Fungi	p__Ascomycota	c__Saccharomycetes	o__Saccharomycetales	NA	NA	NA
ASV_4174	k__Fungi	NA	NA	NA	NA	NA	NA
ASV_4175	k__Fungi	NA	NA	NA	NA	NA	NA
ASV_4176	k__Fungi	NA	NA	NA	NA	NA	NA
ASV_4177	k__Fungi	NA	NA	NA	NA	NA	NA
ASV_4178	k__Fungi	p__Ascomycota	c__Pezizomycetes	o__Pezizales	f__Pezizaceae	g__Peziza	s__arvernensis
ASV_4179	k__Fungi	p__Ascomycota	c__Dothideomycetes	o__Pleosporales	f__Massarinaceae	g__Stagonospora	NA
ASV_4180	k__Fungi	p__Ascomycota	c__Dothideomycetes	o__Mycosphaerellales	f__Teratosphaeriaceae	g__Devriesia	NA
ASV_4181	k__Fungi	p__Ascomycota	c__Taphrinomycetes	o__Taphrinales	f__Taphrinaceae	g__Taphrina	NA
ASV_4182	k__Fungi	NA	NA	NA	NA	NA	NA
ASV_4183	k__Fungi	p__Basidiomycota	NA	NA	NA	NA	NA
ASV_4184	k__Fungi	NA	NA	NA	NA	NA	NA
ASV_4185	k__Fungi	p__Basidiomycota	NA	NA	NA	NA	NA
ASV_4186	k__Fungi	p__Basidiomycota	NA	NA	NA	NA	NA
ASV_4187	k__Fungi	NA	NA	NA	NA	NA	NA
ASV_4188	k__Fungi	p__Basidiomycota	NA	NA	NA	NA	NA
ASV_4189	k__Fungi	p__Ascomycota	c__Eurotiomycetes	o__Eurotiales	f__Aspergillaceae	g__Penicillium	s__lanosum
ASV_4190	k__Fungi	p__Fungi_phy_Incertae_sedis	c__Fungi_cls_Incertae_sedis	o__Fungi_ord_Incertae_sedis	f__Fungi_fam_Incertae_sedis	g__Fungi_gen_Incertae_sedis	NA
ASV_4191	k__Fungi	p__Ascomycota	NA	NA	NA	NA	NA
ASV_4192	k__Fungi	p__Basidiomycota	c__Agaricomycetes	o__Polyporales	f__Polyporaceae	g__Coriolopsis	s__gallica
ASV_4193	k__Fungi	p__Ascomycota	c__Arthoniomycetes	o__Arthoniales	f__Roccellaceae	g__Gyrographa	s__gyrocarpa
ASV_4194	k__Fungi	p__Ascomycota	c__Sordariomycetes	o__Hypocreales	f__Hypocreaceae	g__Hypomyces	s__rosellus
ASV_4195	k__Fungi	p__Ascomycota	c__Leotiomycetes	o__Helotiales	f__Pleuroascaceae	g__Pleuroascaceae_gen_Incertae_sedis	NA
ASV_4196	k__Fungi	p__Basidiomycota	c__Agaricomycetes	o__Russulales	f__Peniophoraceae	g__Peniophora	NA
ASV_4197	k__Fungi	p__Ascomycota	c__Dothideomycetes	o__Cladosporiales	f__Cladosporiaceae	g__Cladosporium	s__herbarum
ASV_4198	k__Fungi	p__Basidiomycota	NA	NA	NA	NA	NA
ASV_4199	k__Fungi	NA	NA	NA	NA	NA	NA
ASV_4200	k__Fungi	NA	NA	NA	NA	NA	NA
ASV_4201	k__Fungi	NA	NA	NA	NA	NA	NA
ASV_4202	k__Fungi	p__Basidiomycota	c__Agaricomycetes	o__Cantharellales	NA	NA	NA
ASV_4203	k__Fungi	p__Basidiomycota	c__Agaricomycetes	o__Agaricales	f__Agaricales_fam_Incertae_sedis	g__Panaeolus	s__papilionaceus
ASV_4204	k__Fungi	p__Ascomycota	c__Saccharomycetes	o__Saccharomycetales	NA	NA	NA
ASV_4205	k__Fungi	p__Ascomycota	c__Saccharomycetes	o__Saccharomycetales	NA	NA	NA
ASV_4206	k__Fungi	NA	NA	NA	NA	NA	NA
ASV_4207	k__Fungi	p__Ascomycota	c__Saccharomycetes	o__Saccharomycetales	NA	NA	NA
ASV_4208	k__Fungi	p__Ascomycota	NA	NA	NA	NA	NA
ASV_4209	k__Fungi	NA	NA	NA	NA	NA	NA
ASV_4210	k__Fungi	p__Ascomycota	c__Saccharomycetes	o__Saccharomycetales	NA	NA	NA
ASV_4211	k__Fungi	p__Ascomycota	c__Leotiomycetes	o__Helotiales	f__Hyaloscyphaceae	NA	NA
ASV_4212	k__Fungi	NA	NA	NA	NA	NA	NA
ASV_4213	k__Fungi	NA	NA	NA	NA	NA	NA
ASV_4214	k__Fungi	p__Ascomycota	NA	NA	NA	NA	NA
ASV_4215	k__Fungi	NA	NA	NA	NA	NA	NA
ASV_4216	k__Fungi	p__Basidiomycota	c__Cystobasidiomycetes	o__Cystobasidiomycetes_ord_Incertae_sedis	f__Symmetrosporaceae	g__Symmetrospora	s__clarorosea
ASV_4217	k__Fungi	p__Basidiomycota	NA	NA	NA	NA	NA
ASV_4218	k__Fungi	p__Ascomycota	c__Eurotiomycetes	o__Chaetothyriales	f__Trichomeriaceae	g__Trichomerium	s__eucalypti
ASV_4219	k__Fungi	p__Ascomycota	c__Sordariomycetes	o__Glomerellales	f__Plectosphaerellaceae	g__Acrostalagmus	s__luteoalbus
ASV_4220	k__Fungi	p__Ascomycota	c__Eurotiomycetes	o__Onygenales	f__Onygenaceae	g__Chrysosporium	NA
ASV_4221	k__Fungi	p__Ascomycota	c__Leotiomycetes	o__Helotiales	f__Discinellaceae	g__Gyoerffyella	NA
ASV_4222	k__Fungi	p__Ascomycota	c__Dothideomycetes	o__Mycosphaerellales	f__Mycosphaerellaceae	g__Zymoseptoria	NA
ASV_4223	k__Fungi	p__Zoopagomycota	c__Zoopagomycetes	o__Zoopagales	f__Piptocephalidaceae	g__Syncephalis	s__intermedia
ASV_4224	k__Fungi	NA	NA	NA	NA	NA	NA
ASV_4225	k__Fungi	NA	NA	NA	NA	NA	NA
ASV_4226	k__Fungi	p__Ascomycota	c__Saccharomycetes	o__Saccharomycetales	NA	NA	NA
ASV_4227	k__Fungi	p__Ascomycota	c__Saccharomycetes	o__Saccharomycetales	NA	NA	NA
ASV_4228	k__Fungi	NA	NA	NA	NA	NA	NA
ASV_4229	k__Fungi	p__Ascomycota	c__Saccharomycetes	o__Saccharomycetales	NA	NA	NA
ASV_4230	k__Fungi	p__Basidiomycota	c__Ustilaginomycetes	o__Ustilaginales	f__Ustilaginaceae	g__Ustilago	s__nunavutica
ASV_4231	k__Fungi	p__Ascomycota	c__Saccharomycetes	o__Saccharomycetales	NA	NA	NA
ASV_4232	k__Fungi	p__Ascomycota	c__Saccharomycetes	o__Saccharomycetales	NA	NA	NA
ASV_4233	k__Fungi	p__Ascomycota	c__Saccharomycetes	o__Saccharomycetales	NA	NA	NA
ASV_4234	k__Fungi	NA	NA	NA	NA	NA	NA
ASV_4235	k__Fungi	p__Ascomycota	c__Saccharomycetes	o__Saccharomycetales	NA	NA	NA
ASV_4236	k__Fungi	p__Basidiomycota	c__Tremellomycetes	o__Tremellales	f__Bulleraceae	g__Genolevuria	s__amylolytica
ASV_4237	k__Fungi	NA	NA	NA	NA	NA	NA
ASV_4238	k__Fungi	NA	NA	NA	NA	NA	NA
ASV_4239	k__Fungi	NA	NA	NA	NA	NA	NA
ASV_4240	k__Fungi	p__Basidiomycota	c__Microbotryomycetes	o__Microbotryomycetes_ord_Incertae_sedis	f__Chrysozymaceae	g__Chrysozyma	s__sambuci
ASV_4241	k__Fungi	NA	NA	NA	NA	NA	NA
ASV_4242	k__Fungi	p__Basidiomycota	NA	NA	NA	NA	NA
ASV_4243	k__Fungi	p__Basidiomycota	NA	NA	NA	NA	NA
ASV_4244	k__Fungi	NA	NA	NA	NA	NA	NA
ASV_4245	k__Fungi	p__Ascomycota	c__Dothideomycetes	o__Mycosphaerellales	NA	NA	NA
ASV_4246	k__Fungi	p__Ascomycota	c__Saccharomycetes	o__Saccharomycetales	f__Trichomonascaceae	g__Sugiyamaella	s__chuxiongensis
ASV_4247	k__Fungi	NA	NA	NA	NA	NA	NA
ASV_4248	k__Fungi	p__Ascomycota	c__Dothideomycetes	o__Pleosporales	f__Teichosporaceae	g__Teichospora	s__rubriostiolata
ASV_4249	k__Fungi	p__Ascomycota	c__Eurotiomycetes	o__Onygenales	f__Arthrodermataceae	g__Arthroderma	s__insingulare
ASV_4250	k__Fungi	p__Ascomycota	c__Dothideomycetes	o__Pleosporales	f__Didymellaceae	g__Neoascochyta	s__graminicola
ASV_4251	k__Fungi	p__Ascomycota	c__Sordariomycetes	NA	NA	NA	NA
ASV_4252	k__Fungi	NA	NA	NA	NA	NA	NA
ASV_4253	k__Fungi	p__Basidiomycota	c__Agaricomycetes	o__Agaricales	f__Pleurotaceae	g__Pleurotus	s__pulmonarius
ASV_4254	k__Fungi	p__Ascomycota	c__Leotiomycetes	o__Helotiales	f__Sclerotiniaceae	g__Monilinia	s__gaylussaciae
ASV_4255	k__Fungi	p__Mortierellomycota	c__Mortierellomycetes	o__Mortierellales	f__Mortierellaceae	g__Mortierella	s__pulchella
ASV_4256	k__Fungi	p__Ascomycota	c__Sordariomycetes	o__Hypocreales	f__Nectriaceae	g__Pseudocosmospora	NA
ASV_4257	k__Fungi	NA	NA	NA	NA	NA	NA
ASV_4258	k__Fungi	NA	NA	NA	NA	NA	NA
ASV_4259	k__Fungi	p__Ascomycota	NA	NA	NA	NA	NA
ASV_4260	k__Fungi	NA	NA	NA	NA	NA	NA
ASV_4261	k__Fungi	p__Basidiomycota	c__Agaricomycetes	o__Agaricales	f__Physalacriaceae	g__Armillaria	s__borealis
ASV_4262	k__Fungi	NA	NA	NA	NA	NA	NA
ASV_4263	k__Fungi	p__Ascomycota	c__Saccharomycetes	o__Saccharomycetales	NA	NA	NA
ASV_4264	k__Fungi	NA	NA	NA	NA	NA	NA
ASV_4265	k__Fungi	p__Ascomycota	NA	NA	NA	NA	NA
ASV_4266	k__Fungi	p__Ascomycota	c__Saccharomycetes	o__Saccharomycetales	NA	NA	NA
ASV_4267	k__Fungi	p__Ascomycota	c__Saccharomycetes	o__Saccharomycetales	NA	NA	NA
ASV_4268	k__Fungi	NA	NA	NA	NA	NA	NA
ASV_4269	k__Fungi	p__Ascomycota	c__Saccharomycetes	o__Saccharomycetales	NA	NA	NA
ASV_4270	k__Fungi	p__Ascomycota	c__Saccharomycetes	o__Saccharomycetales	NA	NA	NA
ASV_4271	k__Fungi	p__Basidiomycota	NA	NA	NA	NA	NA
ASV_4272	k__Fungi	NA	NA	NA	NA	NA	NA
ASV_4273	k__Fungi	p__Ascomycota	NA	NA	NA	NA	NA
ASV_4274	k__Fungi	p__Ascomycota	c__Saccharomycetes	o__Saccharomycetales	NA	NA	NA
ASV_4275	k__Fungi	NA	NA	NA	NA	NA	NA
ASV_4276	k__Fungi	p__Ascomycota	c__Saccharomycetes	o__Saccharomycetales	NA	NA	NA
ASV_4277	k__Fungi	p__Basidiomycota	c__Ustilaginomycetes	o__Ustilaginales	f__Anthracoideaceae	g__Farysia	s__acheniorum
ASV_4278	k__Fungi	p__Ascomycota	c__Sordariomycetes	o__Myrmecridiales	f__Myrmecridiaceae	g__Myrmecridium	NA
ASV_4279	k__Fungi	p__Basidiomycota	c__Agaricomycetes	o__Agaricales	f__Pleurotaceae	g__Pleurotus	s__pulmonarius
ASV_4280	k__Fungi	NA	NA	NA	NA	NA	NA
ASV_4281	k__Fungi	p__Ascomycota	c__Dothideomycetes	o__Mycosphaerellales	f__Teratosphaeriaceae	NA	NA
ASV_4282	k__Fungi	p__Ascomycota	c__Dothideomycetes	o__Mycosphaerellales	f__Mycosphaerellaceae	g__Ramularia	NA
ASV_4283	k__Fungi	p__Basidiomycota	NA	NA	NA	NA	NA
ASV_4284	k__Fungi	p__Basidiomycota	NA	NA	NA	NA	NA
ASV_4285	k__Fungi	p__Ascomycota	c__Sordariomycetes	o__Microascales	f__Microascaceae	g__Gamsia	NA
ASV_4286	k__Fungi	p__Ascomycota	c__Taphrinomycetes	o__Taphrinales	f__Taphrinaceae	g__Taphrina	NA
ASV_4287	k__Fungi	p__Chytridiomycota	c__Spizellomycetes	o__Spizellomycetales	f__Spizellomycetales_fam_Incertae_sedis	g__Spizellomycetales_gen_Incertae_sedis	NA
ASV_4288	k__Fungi	p__Ascomycota	c__Leotiomycetes	o__Thelebolales	f__Thelebolaceae	g__Antarctomyces	NA
ASV_4289	k__Fungi	p__Ascomycota	c__Dothideomycetes	o__Tubeufiales	NA	NA	NA
ASV_4290	k__Fungi	p__Basidiomycota	NA	NA	NA	NA	NA
ASV_4291	k__Fungi	p__Ascomycota	c__Sordariomycetes	o__Hypocreales	f__Bionectriaceae	g__Acremonium	NA
ASV_4292	k__Fungi	NA	NA	NA	NA	NA	NA
ASV_4293	k__Fungi	p__Ascomycota	NA	NA	NA	NA	NA
ASV_4294	k__Fungi	NA	NA	NA	NA	NA	NA
ASV_4295	k__Fungi	NA	NA	NA	NA	NA	NA
ASV_4296	k__Fungi	NA	NA	NA	NA	NA	NA
ASV_4297	k__Fungi	NA	NA	NA	NA	NA	NA
ASV_4298	k__Fungi	NA	NA	NA	NA	NA	NA
ASV_4299	k__Fungi	NA	NA	NA	NA	NA	NA
ASV_4300	k__Fungi	p__Ascomycota	NA	NA	NA	NA	NA
ASV_4301	k__Fungi	NA	NA	NA	NA	NA	NA
ASV_4302	k__Fungi	p__Basidiomycota	c__Microbotryomycetes	o__Leucosporidiales	f__Leucosporidiaceae	g__Leucosporidium	s__golubevii
ASV_4303	k__Fungi	NA	NA	NA	NA	NA	NA
ASV_4304	k__Fungi	p__Ascomycota	NA	NA	NA	NA	NA
ASV_4305	k__Fungi	p__Ascomycota	c__Saccharomycetes	o__Saccharomycetales	NA	NA	NA
ASV_4306	k__Fungi	p__Ascomycota	c__Saccharomycetes	o__Saccharomycetales	NA	NA	NA
ASV_4307	k__Fungi	p__Ascomycota	NA	NA	NA	NA	NA
ASV_4308	k__Fungi	p__Ascomycota	NA	NA	NA	NA	NA
ASV_4309	k__Fungi	NA	NA	NA	NA	NA	NA
ASV_4310	k__Fungi	NA	NA	NA	NA	NA	NA
ASV_4311	k__Fungi	p__Ascomycota	c__Saccharomycetes	o__Saccharomycetales	NA	NA	NA
ASV_4312	k__Fungi	NA	NA	NA	NA	NA	NA
ASV_4313	k__Fungi	p__Ascomycota	c__Saccharomycetes	o__Saccharomycetales	NA	NA	NA
ASV_4314	k__Fungi	p__Ascomycota	c__Saccharomycetes	o__Saccharomycetales	NA	NA	NA
ASV_4315	k__Fungi	p__Ascomycota	NA	NA	NA	NA	NA
ASV_4316	k__Fungi	p__Ascomycota	c__Saccharomycetes	o__Saccharomycetales	NA	NA	NA
ASV_4317	k__Fungi	NA	NA	NA	NA	NA	NA
ASV_4318	k__Fungi	NA	NA	NA	NA	NA	NA
ASV_4319	k__Fungi	NA	NA	NA	NA	NA	NA
ASV_4320	k__Fungi	p__Ascomycota	c__Dothideomycetes	o__Pleosporales	f__Didymellaceae	g__Neoascochyta	s__graminicola
ASV_4321	k__Fungi	NA	NA	NA	NA	NA	NA
ASV_4322	k__Fungi	p__Basidiomycota	NA	NA	NA	NA	NA
ASV_4323	k__Fungi	p__Basidiomycota	NA	NA	NA	NA	NA
ASV_4324	k__Fungi	p__Basidiomycota	c__Agaricomycetes	o__Agaricales	f__Mycenaceae	g__Mycena	s__metata
ASV_4325	k__Fungi	p__Ascomycota	c__Dothideomycetes	o__Venturiales	f__Venturiaceae	g__Tyrannosorus	NA
ASV_4326	k__Fungi	p__Basidiomycota	c__Malasseziomycetes	o__Malasseziales	f__Malasseziaceae	g__Malassezia	s__globosa
ASV_4327	k__Fungi	p__Ascomycota	c__Eurotiomycetes	o__Arachnomycetales	f__Arachnomycetaceae	g__Arachnomyces	NA
ASV_4328	k__Fungi	p__Ascomycota	c__Dothideomycetes	o__Pleosporales	f__Didymellaceae	g__Neodidymelliopsis	s__cannabis
ASV_4329	k__Fungi	NA	NA	NA	NA	NA	NA
ASV_4330	k__Fungi	p__Basidiomycota	c__Malasseziomycetes	o__Malasseziales	f__Malasseziaceae	g__Malassezia	s__dermatis
ASV_4331	k__Fungi	p__Basidiomycota	c__Ustilaginomycetes	o__Ustilaginales	f__Ustilaginaceae	g__Ustilaginaceae_gen_Incertae_sedis	NA
ASV_4332	k__Fungi	NA	NA	NA	NA	NA	NA
ASV_4333	k__Fungi	p__Ascomycota	c__Dothideomycetes	o__Cladosporiales	f__Cladosporiaceae	g__Cladosporium	s__herbarum
ASV_4334	k__Fungi	p__Ascomycota	c__Sordariomycetes	o__Hypocreales	f__Cordycipitaceae	g__Lecanicillium	s__psalliotae
ASV_4335	k__Fungi	p__Ascomycota	c__Sordariomycetes	o__Xylariales	f__Nothodactylariaceae	g__Nothodactylaria	NA
ASV_4336	k__Fungi	p__Ascomycota	c__Sordariomycetes	o__Hypocreales	f__Cordycipitaceae	g__Gamszarea	NA
ASV_4337	k__Fungi	NA	NA	NA	NA	NA	NA
ASV_4338	k__Fungi	p__Ascomycota	NA	NA	NA	NA	NA
ASV_4339	k__Fungi	p__Ascomycota	c__Sordariomycetes	o__Hypocreales	NA	NA	NA
ASV_4340	k__Fungi	p__Ascomycota	c__Saccharomycetes	o__Saccharomycetales	NA	NA	NA
ASV_4341	k__Fungi	p__Ascomycota	c__Saccharomycetes	o__Saccharomycetales	NA	NA	NA
ASV_4342	k__Fungi	p__Ascomycota	NA	NA	NA	NA	NA
ASV_4343	k__Fungi	NA	NA	NA	NA	NA	NA
ASV_4344	k__Fungi	NA	NA	NA	NA	NA	NA
ASV_4345	k__Fungi	p__Basidiomycota	c__Agaricomycetes	o__Agaricales	f__Omphalotaceae	g__Gymnopus	s__dryophilus
ASV_4346	k__Fungi	p__Ascomycota	NA	NA	NA	NA	NA
ASV_4347	k__Fungi	NA	NA	NA	NA	NA	NA
ASV_4348	k__Fungi	p__Basidiomycota	c__Malasseziomycetes	o__Malasseziales	f__Malasseziaceae	g__Malassezia	s__restricta
ASV_4349	k__Fungi	p__Ascomycota	c__Sordariomycetes	o__Xylariales	f__Graphostromataceae	g__Biscogniauxia	s__nummularia
ASV_4350	k__Fungi	p__Ascomycota	c__Taphrinomycetes	o__Taphrinales	f__Taphrinaceae	g__Taphrina	NA
ASV_4351	k__Fungi	p__Basidiomycota	NA	NA	NA	NA	NA
ASV_4352	k__Fungi	p__Basidiomycota	c__Agaricomycetes	o__Russulales	f__Peniophoraceae	g__Peniophora	s__yunnanensis
ASV_4353	k__Fungi	p__Basidiomycota	c__Tremellomycetes	o__Tremellales	f__Bulleribasidiaceae	g__Vishniacozyma	s__victoriae
ASV_4354	k__Fungi	p__Ascomycota	c__Dothideomycetes	o__Mycosphaerellales	f__Teratosphaeriaceae	g__Neocatenulostroma	s__microsporum
ASV_4355	k__Fungi	NA	NA	NA	NA	NA	NA
ASV_4356	k__Fungi	p__Ascomycota	c__Dothideomycetes	o__Pleosporales	f__Didymosphaeriaceae	NA	NA
ASV_4357	k__Fungi	NA	NA	NA	NA	NA	NA
ASV_4358	k__Fungi	p__Basidiomycota	NA	NA	NA	NA	NA
ASV_4359	k__Fungi	NA	NA	NA	NA	NA	NA
ASV_4360	k__Fungi	NA	NA	NA	NA	NA	NA
ASV_4361	k__Fungi	p__Basidiomycota	c__Pucciniomycetes	o__Pucciniales	f__Melampsoraceae	g__Melampsora	s__epitea
ASV_4362	k__Fungi	p__Ascomycota	NA	NA	NA	NA	NA
ASV_4363	k__Fungi	p__Ascomycota	c__Sordariomycetes	o__Xylariales	NA	NA	NA
ASV_4364	k__Fungi	p__Ascomycota	c__Sordariomycetes	o__Sordariales	f__Podosporaceae	g__Podospora	s__bullata
ASV_4365	k__Fungi	p__Ascomycota	c__Leotiomycetes	o__Helotiales	f__Myxotrichaceae	g__Oidiodendron	s__truncatum
ASV_4366	k__Fungi	p__Basidiomycota	c__Cystobasidiomycetes	o__Erythrobasidiales	f__Erythrobasidiales_fam_Incertae_sedis	g__Erythrobasidiales_gen_Incertae_sedis	NA
ASV_4367	k__Fungi	p__Ascomycota	c__Sordariomycetes	o__Hypocreales	f__Tilachlidiaceae	g__Tilachlidium	s__brachiatum
ASV_4368	k__Fungi	NA	NA	NA	NA	NA	NA
ASV_4369	k__Fungi	p__Ascomycota	c__Dothideomycetes	o__Mycosphaerellales	NA	NA	NA
ASV_4370	k__Fungi	p__Ascomycota	c__Dothideomycetes	o__Mycosphaerellales	f__Mycosphaerellaceae	NA	NA
ASV_4371	k__Fungi	p__Ascomycota	c__Sordariomycetes	o__Hypocreales	f__Nectriaceae	g__Aphanocladium	s__album
ASV_4372	k__Fungi	p__Ascomycota	c__Dothideomycetes	o__Mycosphaerellales	f__Extremaceae	g__Pseudoramichloridium	s__henryi
ASV_4373	k__Fungi	p__Ascomycota	c__Eurotiomycetes	o__Chaetothyriales	f__Herpotrichiellaceae	g__Cladophialophora	NA
ASV_4374	k__Fungi	p__Ascomycota	c__Sordariomycetes	o__Hypocreales	f__Nectriaceae	g__Fusicolla	s__aquaeductuum
ASV_4375	k__Fungi	NA	NA	NA	NA	NA	NA
ASV_4376	k__Fungi	p__Ascomycota	c__Eurotiomycetes	o__Chaetothyriales	f__Pyrenotrichaceae	g__Neophaeococcomyces	s__catenatus
ASV_4377	k__Fungi	p__Ascomycota	c__Sordariomycetes	o__Myrmecridiales	f__Myrmecridiaceae	g__Myrmecridium	NA
ASV_4378	k__Fungi	p__Basidiomycota	NA	NA	NA	NA	NA
ASV_4379	k__Fungi	p__Ascomycota	NA	NA	NA	NA	NA
ASV_4380	k__Fungi	NA	NA	NA	NA	NA	NA
ASV_4381	k__Fungi	p__Ascomycota	c__Saccharomycetes	o__Saccharomycetales	NA	NA	NA
ASV_4382	k__Fungi	p__Basidiomycota	c__Agaricomycetes	o__Polyporales	f__Ganodermataceae	g__Ganoderma	s__pfeifferi
ASV_4383	k__Fungi	p__Basidiomycota	c__Malasseziomycetes	o__Malasseziales	f__Malasseziaceae	g__Malassezia	s__globosa
ASV_4384	k__Fungi	p__Basidiomycota	c__Agaricomycetes	o__Russulales	f__Peniophoraceae	g__Peniophora	s__incarnata
ASV_4385	k__Fungi	NA	NA	NA	NA	NA	NA
ASV_4386	k__Fungi	NA	NA	NA	NA	NA	NA
ASV_4387	k__Fungi	NA	NA	NA	NA	NA	NA
ASV_4388	k__Fungi	NA	NA	NA	NA	NA	NA
ASV_4389	k__Fungi	p__Basidiomycota	c__Agaricomycetes	o__Agaricales	f__Bolbitiaceae	g__Conocybe	s__pubescens
ASV_4390	k__Fungi	NA	NA	NA	NA	NA	NA
ASV_4391	k__Fungi	p__Mucoromycota	c__Mucoromycetes	o__Mucorales	f__Mucoraceae	g__Mucor	s__hiemalis
ASV_4392	k__Fungi	p__Ascomycota	c__Dothideomycetes	o__Pleosporales	f__Sporormiaceae	g__Preussia	NA
ASV_4393	k__Fungi	p__Ascomycota	c__Eurotiomycetes	o__Onygenales	f__Gymnoascaceae	g__Arachniotus	s__hebridensis
ASV_4394	k__Fungi	p__Ascomycota	c__Dothideomycetes	o__Pleosporales	f__Phaeosphaeriaceae	g__Wojnowiciella	NA
ASV_4395	k__Fungi	p__Ascomycota	c__Dothideomycetes	o__Pleosporales	f__Melanommataceae	g__Melanodiplodia	s__tianschanica
ASV_4396	k__Fungi	NA	NA	NA	NA	NA	NA
ASV_4397	k__Fungi	p__Basidiomycota	c__Ustilaginomycetes	o__Ustilaginales	f__Anthracoideaceae	g__Farysia	s__acheniorum
ASV_4398	k__Fungi	NA	NA	NA	NA	NA	NA
ASV_4399	k__Fungi	p__Ascomycota	c__Sordariomycetes	o__Hypocreales	f__Nectriaceae	g__Neonectria	s__major
ASV_4400	k__Fungi	p__Basidiomycota	NA	NA	NA	NA	NA
ASV_4401	k__Fungi	p__Basidiomycota	NA	NA	NA	NA	NA
ASV_4402	k__Fungi	p__Ascomycota	c__Eurotiomycetes	o__Eurotiales	f__Trichocomaceae	g__Talaromyces	s__ramulosus
ASV_4403	k__Fungi	NA	NA	NA	NA	NA	NA
ASV_4404	k__Fungi	NA	NA	NA	NA	NA	NA
ASV_4405	k__Fungi	p__Ascomycota	c__Dothideomycetes	o__Mycosphaerellales	f__Extremaceae	g__Paradevriesia	s__pseudoamericana
ASV_4406	k__Fungi	p__Ascomycota	c__Dothideomycetes	o__Dothideales	f__Saccotheciaceae	g__Aureobasidium	s__pullulans
ASV_4407	k__Fungi	p__Ascomycota	c__Leotiomycetes	o__Helotiales	f__Myxotrichaceae	g__Oidiodendron	s__flavum
ASV_4408	k__Fungi	p__Ascomycota	c__Eurotiomycetes	o__Onygenales	f__Onygenaceae	g__Amauroascus	s__aureus
ASV_4409	k__Fungi	NA	NA	NA	NA	NA	NA
ASV_4410	k__Fungi	p__Ascomycota	c__Sordariomycetes	o__Hypocreales	f__Sarocladiaceae	g__Sarocladium	s__dejongiae
ASV_4411	k__Fungi	p__Ascomycota	c__Sordariomycetes	o__Hypocreales	NA	NA	NA
ASV_4412	k__Fungi	NA	NA	NA	NA	NA	NA
ASV_4413	k__Fungi	NA	NA	NA	NA	NA	NA
ASV_4414	k__Fungi	p__Basidiomycota	c__Microbotryomycetes	o__Microbotryomycetes_ord_Incertae_sedis	f__Microbotryomycetes_fam_Incertae_sedis	g__Curvibasidium	s__cygneicollum
ASV_4415	k__Fungi	NA	NA	NA	NA	NA	NA
ASV_4416	k__Fungi	p__Ascomycota	c__Saccharomycetes	o__Saccharomycetales	NA	NA	NA
ASV_4417	k__Fungi	NA	NA	NA	NA	NA	NA
ASV_4418	k__Fungi	p__Ascomycota	c__Saccharomycetes	o__Saccharomycetales	NA	NA	NA
ASV_4419	k__Fungi	p__Ascomycota	NA	NA	NA	NA	NA
ASV_4420	k__Fungi	NA	NA	NA	NA	NA	NA
ASV_4421	k__Fungi	p__Ascomycota	c__Saccharomycetes	o__Saccharomycetales	NA	NA	NA
ASV_4422	k__Fungi	NA	NA	NA	NA	NA	NA
ASV_4423	k__Fungi	NA	NA	NA	NA	NA	NA
ASV_4424	k__Fungi	p__Ascomycota	c__Saccharomycetes	o__Saccharomycetales	NA	NA	NA
ASV_4425	k__Fungi	p__Ascomycota	c__Saccharomycetes	o__Saccharomycetales	NA	NA	NA
ASV_4426	k__Fungi	p__Ascomycota	c__Saccharomycetes	o__Saccharomycetales	NA	NA	NA
ASV_4427	k__Fungi	p__Ascomycota	c__Saccharomycetes	o__Saccharomycetales	NA	NA	NA
ASV_4428	k__Fungi	p__Ascomycota	c__Dothideomycetes	o__Pleosporales	f__Phaeosphaeriaceae	NA	NA
ASV_4429	k__Fungi	p__Ascomycota	c__Leotiomycetes	o__Helotiales	NA	NA	NA
ASV_4430	k__Fungi	p__Ascomycota	NA	NA	NA	NA	NA
ASV_4431	k__Fungi	p__Basidiomycota	c__Cystobasidiomycetes	o__Cystobasidiomycetes_ord_Incertae_sedis	NA	NA	NA
ASV_4432	k__Fungi	p__Ascomycota	c__Sordariomycetes	o__Myrmecridiales	f__Myrmecridiaceae	g__Myrmecridium	NA
ASV_4433	k__Fungi	p__Basidiomycota	NA	NA	NA	NA	NA
ASV_4434	k__Fungi	NA	NA	NA	NA	NA	NA
ASV_4435	k__Fungi	NA	NA	NA	NA	NA	NA
ASV_4436	k__Fungi	NA	NA	NA	NA	NA	NA
ASV_4437	k__Fungi	NA	NA	NA	NA	NA	NA
ASV_4438	k__Fungi	p__Ascomycota	c__Saccharomycetes	o__Saccharomycetales	NA	NA	NA
ASV_4439	k__Fungi	p__Basidiomycota	c__Ustilaginomycetes	o__Ustilaginales	f__Ustilaginaceae	g__Ustilago	s__coicis
ASV_4440	k__Fungi	p__Basidiomycota	c__Agaricomycetes	o__Cantharellales	f__Botryobasidiaceae	g__Botryobasidium	s__candicans
ASV_4441	k__Fungi	p__Basidiomycota	NA	NA	NA	NA	NA
ASV_4442	k__Fungi	NA	NA	NA	NA	NA	NA
ASV_4443	k__Fungi	p__Basidiomycota	c__Tremellomycetes	o__Cystofilobasidiales	f__Cystofilobasidiaceae	g__Cystofilobasidium	s__macerans
ASV_4444	k__Fungi	p__Basidiomycota	NA	NA	NA	NA	NA
ASV_4445	k__Fungi	p__Basidiomycota	NA	NA	NA	NA	NA
ASV_4446	k__Fungi	p__Basidiomycota	c__Agaricomycetes	o__Trechisporales	f__Hydnodontaceae	g__Trechispora	NA
ASV_4447	k__Fungi	p__Basidiomycota	NA	NA	NA	NA	NA
ASV_4448	k__Fungi	p__Basidiomycota	c__Ustilaginomycetes	o__Ustilaginales	f__Ustilaginaceae	g__Ustilago	s__nunavutica
ASV_4449	k__Fungi	p__Ascomycota	c__Dothideomycetes	o__Pleosporales	f__Didymosphaeriaceae	g__Paraconiothyrium	NA
ASV_4450	k__Fungi	p__Ascomycota	c__Sordariomycetes	o__Hypocreales	f__Nectriaceae	g__Fusarium	s__variasi
ASV_4451	k__Fungi	p__Ascomycota	c__Leotiomycetes	o__Helotiales	f__Myxotrichaceae	g__Oidiodendron	NA
ASV_4452	k__Fungi	p__Basidiomycota	c__Agaricomycetes	o__Agaricales	f__Strophariaceae	g__Hypholoma	s__fasciculare
ASV_4453	k__Fungi	p__Ascomycota	c__Eurotiomycetes	o__Eurotiales	f__Aspergillaceae	g__Aspergillus	NA
ASV_4454	k__Fungi	p__Ascomycota	c__Sordariomycetes	o__Hypocreales	f__Bionectriaceae	g__Acremonium	s__rutilum
ASV_4455	k__Fungi	p__Ascomycota	c__Sordariomycetes	o__Diaporthales	NA	NA	NA
ASV_4456	k__Fungi	p__Ascomycota	c__Sordariomycetes	o__Hypocreales	f__Hypocreaceae	g__Trichoderma	s__koningiopsis
ASV_4457	k__Fungi	p__Basidiomycota	NA	NA	NA	NA	NA
ASV_4458	k__Fungi	NA	NA	NA	NA	NA	NA
ASV_4459	k__Fungi	p__Ascomycota	c__Eurotiomycetes	o__Eurotiales	f__Trichocomaceae	g__Talaromyces	s__proteolyticus
ASV_4460	k__Fungi	p__Ascomycota	c__Leotiomycetes	o__Helotiales	NA	NA	NA
ASV_4461	k__Fungi	p__Basidiomycota	c__Agaricomycetes	o__Hymenochaetales	f__Schizoporaceae	g__Alutaceodontia	s__alutacea
ASV_4462	k__Fungi	NA	NA	NA	NA	NA	NA
ASV_4463	k__Fungi	NA	NA	NA	NA	NA	NA
ASV_4464	k__Fungi	p__Basidiomycota	c__Agaricomycetes	o__Agaricales	f__Lycoperdaceae	g__Lycoperdon	s__utriforme
ASV_4465	k__Fungi	p__Ascomycota	c__Dothideomycetes	o__Dothideomycetes_ord_Incertae_sedis	f__Dothideomycetes_fam_Incertae_sedis	g__Lembosiniella	s__eucalyptorum
ASV_4466	k__Fungi	NA	NA	NA	NA	NA	NA
ASV_4467	k__Fungi	p__Ascomycota	c__Saccharomycetes	o__Saccharomycetales	NA	NA	NA
ASV_4468	k__Fungi	NA	NA	NA	NA	NA	NA
ASV_4469	k__Fungi	p__Ascomycota	c__Saccharomycetes	o__Saccharomycetales	NA	NA	NA
ASV_4470	k__Fungi	NA	NA	NA	NA	NA	NA
ASV_4471	k__Fungi	NA	NA	NA	NA	NA	NA
ASV_4472	k__Fungi	NA	NA	NA	NA	NA	NA
ASV_4473	k__Fungi	p__Basidiomycota	NA	NA	NA	NA	NA
ASV_4474	k__Fungi	NA	NA	NA	NA	NA	NA
ASV_4475	k__Fungi	NA	NA	NA	NA	NA	NA
ASV_4476	k__Fungi	p__Basidiomycota	NA	NA	NA	NA	NA
ASV_4477	k__Fungi	p__Ascomycota	c__Dothideomycetes	o__Mycosphaerellales	f__Mycosphaerellaceae	NA	NA
ASV_4478	k__Fungi	p__Ascomycota	c__Leotiomycetes	o__Helotiales	NA	NA	NA
ASV_4479	k__Fungi	NA	NA	NA	NA	NA	NA
ASV_4480	k__Fungi	p__Ascomycota	c__Eurotiomycetes	o__Eurotiales	f__Elaphomycetaceae	g__Elaphomyces	NA
ASV_4481	k__Fungi	p__Ascomycota	c__Leotiomycetes	o__Helotiales	NA	NA	NA
ASV_4482	k__Fungi	p__Ascomycota	c__Eurotiomycetes	o__Chaetothyriales	f__Herpotrichiellaceae	g__Cladophialophora	s__humicola
ASV_4483	k__Fungi	p__Ascomycota	c__Sordariomycetes	o__Atractosporales	f__Conlariaceae	g__Conlarium	NA
ASV_4484	k__Fungi	NA	NA	NA	NA	NA	NA
ASV_4485	k__Fungi	p__Basidiomycota	NA	NA	NA	NA	NA
ASV_4486	k__Fungi	p__Basidiomycota	NA	NA	NA	NA	NA
ASV_4487	k__Fungi	NA	NA	NA	NA	NA	NA
ASV_4488	k__Fungi	p__Ascomycota	c__Sordariomycetes	o__Hypocreales	f__Clavicipitaceae	NA	NA
ASV_4489	k__Fungi	NA	NA	NA	NA	NA	NA
ASV_4490	k__Fungi	p__Basidiomycota	c__Agaricomycetes	o__Russulales	f__Russulaceae	g__Lactarius	s__alutaceus
ASV_4491	k__Fungi	NA	NA	NA	NA	NA	NA
ASV_4492	k__Fungi	p__Ascomycota	c__Leotiomycetes	o__Helotiales	f__Myxotrichaceae	g__Oidiodendron	s__cereale
ASV_4493	k__Fungi	p__Ascomycota	c__Sordariomycetes	o__Amphisphaeriales	f__Apiosporaceae	g__Apiospora	s__stipae
ASV_4494	k__Fungi	p__Ascomycota	c__Sordariomycetes	o__Hypocreales	f__Sarocladiaceae	g__Sarocladium	s__summerbellii
ASV_4495	k__Fungi	p__Ascomycota	c__Eurotiomycetes	o__Chaetothyriales	f__Herpotrichiellaceae	g__Exophiala	s__opportunistica
ASV_4496	k__Fungi	p__Ascomycota	c__Dothideomycetes	o__Mycosphaerellales	f__Teratosphaeriaceae	g__Constantinomyces	s__oldenburgensis
ASV_4497	k__Fungi	p__Ascomycota	c__Sordariomycetes	o__Phomatosporales	f__Phomatosporaceae	g__Phomatospora	s__dinemasporium
ASV_4498	k__Fungi	p__Ascomycota	c__Dothideomycetes	o__Mycosphaerellales	f__Teratosphaeriaceae	g__Constantinomyces	s__oldenburgensis
ASV_4499	k__Fungi	p__Ascomycota	c__Dothideomycetes	o__Pleosporales	f__Amorosiaceae	g__Angustimassarina	s__acerina
ASV_4500	k__Fungi	NA	NA	NA	NA	NA	NA
ASV_4501	k__Fungi	p__Ascomycota	c__Dothideomycetes	o__Mycosphaerellales	f__Mycosphaerellaceae	NA	NA
ASV_4502	k__Fungi	p__Ascomycota	c__Eurotiomycetes	o__Chaetothyriales	NA	NA	NA
ASV_4503	k__Fungi	p__Basidiomycota	c__Tremellomycetes	o__Filobasidiales	f__Piskurozymaceae	g__Piskurozyma	s__silvicola
ASV_4504	k__Fungi	p__Ascomycota	NA	NA	NA	NA	NA
ASV_4505	k__Fungi	p__Basidiomycota	NA	NA	NA	NA	NA
ASV_4506	k__Fungi	p__Ascomycota	c__Dothideomycetes	o__Pleosporales	f__Pleosporaceae	g__Alternaria	NA
ASV_4507	k__Fungi	p__Basidiomycota	c__Ustilaginomycetes	o__Ustilaginales	f__Anthracoideaceae	g__Farysia	s__acheniorum
ASV_4508	k__Fungi	p__Ascomycota	c__Saccharomycetes	o__Saccharomycetales	NA	NA	NA
ASV_4509	k__Fungi	NA	NA	NA	NA	NA	NA
ASV_4510	k__Fungi	p__Ascomycota	c__Saccharomycetes	o__Saccharomycetales	NA	NA	NA
ASV_4511	k__Fungi	p__Ascomycota	c__Saccharomycetes	o__Saccharomycetales	NA	NA	NA
ASV_4512	k__Fungi	p__Ascomycota	c__Eurotiomycetes	o__Chaetothyriales	f__Cyphellophoraceae	g__Cyphellophora	s__sessilis
ASV_4513	k__Fungi	p__Ascomycota	c__Saccharomycetes	o__Saccharomycetales	NA	NA	NA
ASV_4514	k__Fungi	NA	NA	NA	NA	NA	NA
ASV_4515	k__Fungi	p__Ascomycota	c__Saccharomycetes	o__Saccharomycetales	NA	NA	NA
ASV_4516	k__Fungi	p__Ascomycota	c__Saccharomycetes	o__Saccharomycetales	NA	NA	NA
ASV_4517	k__Fungi	NA	NA	NA	NA	NA	NA
ASV_4518	k__Fungi	NA	NA	NA	NA	NA	NA
ASV_4519	k__Fungi	p__Ascomycota	NA	NA	NA	NA	NA
ASV_4520	k__Fungi	NA	NA	NA	NA	NA	NA
ASV_4521	k__Fungi	p__Ascomycota	c__Dothideomycetes	o__Pleosporales	f__Periconiaceae	g__Periconia	s__celtidis
ASV_4522	k__Fungi	p__Ascomycota	c__Eurotiomycetes	o__Ascosphaerales	f__Ascosphaeraceae	g__Ascosphaera	s__asterophora
ASV_4523	k__Fungi	p__Ascomycota	c__Sordariomycetes	o__Myrmecridiales	f__Myrmecridiaceae	g__Myrmecridium	NA
ASV_4524	k__Fungi	p__Ascomycota	c__Sordariomycetes	o__Hypocreales	f__Nectriaceae	g__Volutella	NA
ASV_4525	k__Fungi	p__Basidiomycota	c__Agaricomycetes	o__Agaricales	f__Psathyrellaceae	g__Coprinopsis	NA
ASV_4526	k__Fungi	p__Ascomycota	c__Eurotiomycetes	o__Chaetothyriales	f__Cyphellophoraceae	g__Cyphellophoraceae_gen_Incertae_sedis	NA
ASV_4527	k__Fungi	p__Basidiomycota	c__Agaricomycetes	o__Agaricales	f__Strophariaceae	g__Deconica	NA
ASV_4528	k__Fungi	p__Basidiomycota	NA	NA	NA	NA	NA
ASV_4529	k__Fungi	p__Basidiomycota	c__Agaricomycetes	o__Trechisporales	f__Hydnodontaceae	g__Trechispora	NA
ASV_4530	k__Fungi	p__Basidiomycota	c__Microbotryomycetes	o__Leucosporidiales	f__Leucosporidiaceae	g__Leucosporidium	s__escuderoi
ASV_4531	k__Fungi	NA	NA	NA	NA	NA	NA
ASV_4532	k__Fungi	p__Ascomycota	c__Dothideomycetes	o__Pleosporales	f__Lentitheciaceae	g__Phragmocamarosporium	s__qujingensis
ASV_4533	k__Fungi	p__Mucoromycota	c__Umbelopsidomycetes	o__Umbelopsidales	f__Umbelopsidaceae	g__Umbelopsis	s__isabellina
ASV_4534	k__Fungi	p__Basidiomycota	c__Agaricomycetes	o__Agaricales	f__Cortinariaceae	g__Cortinarius	s__infractus
ASV_4535	k__Fungi	p__Mucoromycota	c__Mucoromycetes	o__Mucorales	f__Mucoraceae	g__Chaetocladium	s__jonesii
ASV_4536	k__Fungi	p__Ascomycota	c__Dothideomycetes	o__Pleosporales	f__Lophiostomataceae	g__Coelodictyosporium	s__rosarum
ASV_4537	k__Fungi	p__Ascomycota	c__Sordariomycetes	o__Hypocreales	NA	NA	NA
ASV_4538	k__Fungi	p__Ascomycota	c__Sordariomycetes	o__Xylariales	f__Clypeosphaeriaceae	g__Clypeosphaeria	NA
ASV_4539	k__Fungi	p__Ascomycota	c__Leotiomycetes	o__Helotiales	f__Discinellaceae	g__Articulospora	NA
ASV_4540	k__Fungi	p__Ascomycota	c__Eurotiomycetes	o__Eurotiales	f__Aspergillaceae	g__Aspergillus	s__tardicrescens
ASV_4541	k__Fungi	p__Ascomycota	c__Dothideomycetes	o__Pleosporales	f__Torulaceae	g__Torula	s__fici
ASV_4542	k__Fungi	p__Ascomycota	c__Dothideomycetes	o__Pleosporales	f__Phaeosphaeriaceae	g__Phaeosphaeria	NA
ASV_4543	k__Fungi	p__Ascomycota	c__Dothideomycetes	o__Cladosporiales	f__Cladosporiaceae	g__Rachicladosporium	s__cboliae
ASV_4544	k__Fungi	p__Ascomycota	c__Leotiomycetes	o__Phacidiales	f__Phacidiaceae	g__Gloeopycnis	s__protuberans
ASV_4545	k__Fungi	p__Basidiomycota	c__Agaricomycetes	o__Agaricales	f__Strophariaceae	g__Hypholoma	s__fasciculare
ASV_4546	k__Fungi	p__Ascomycota	c__Eurotiomycetes	o__Chaetothyriales	NA	NA	NA
ASV_4547	k__Fungi	p__Ascomycota	c__Dothideomycetes	o__Dothideomycetes_ord_Incertae_sedis	f__Eremomycetaceae	g__Arthrographis	NA
ASV_4548	k__Fungi	p__Ascomycota	NA	NA	NA	NA	NA
ASV_4549	k__Fungi	p__Ascomycota	c__Pezizomycotina_cls_Incertae_sedis	o__Pezizomycotina_ord_Incertae_sedis	f__Pezizomycotina_fam_Incertae_sedis	g__Arcuadendron	s__triangulare
ASV_4550	k__Fungi	p__Basidiomycota	NA	NA	NA	NA	NA
ASV_4551	k__Fungi	p__Ascomycota	c__Dothideomycetes	o__Pleosporales	f__Didymellaceae	g__Neoascochyta	s__tardicrescens
ASV_4552	k__Fungi	p__Ascomycota	c__Dothideomycetes	o__Dothideales	f__Saccotheciaceae	g__Aureobasidium	s__pullulans
ASV_4553	k__Fungi	p__Basidiomycota	c__Agaricomycetes	o__Agaricales	f__Agaricales_fam_Incertae_sedis	g__Clitocybe	NA
ASV_4554	k__Fungi	p__Ascomycota	c__Saccharomycetes	o__Saccharomycetales	NA	NA	NA
ASV_4555	k__Fungi	p__Ascomycota	c__Dothideomycetes	o__Pleosporales	f__Phaeosphaeriaceae	g__Phaeosphaeria	NA
ASV_4556	k__Fungi	p__Ascomycota	c__Saccharomycetes	o__Saccharomycetales	NA	NA	NA
ASV_4557	k__Fungi	NA	NA	NA	NA	NA	NA
ASV_4558	k__Fungi	p__Ascomycota	c__Saccharomycetes	o__Saccharomycetales	NA	NA	NA
ASV_4559	k__Fungi	p__Ascomycota	c__Saccharomycetes	o__Saccharomycetales	NA	NA	NA
ASV_4560	k__Fungi	NA	NA	NA	NA	NA	NA
ASV_4561	k__Fungi	p__Ascomycota	c__Saccharomycetes	o__Saccharomycetales	f__Saccharomycodaceae	g__Hanseniaspora	s__uvarum
ASV_4562	k__Fungi	p__Basidiomycota	c__Cystobasidiomycetes	o__Erythrobasidiales	f__Erythrobasidiales_fam_Incertae_sedis	g__Erythrobasidiales_gen_Incertae_sedis	NA
ASV_4563	k__Fungi	p__Basidiomycota	c__Agaricomycetes	o__Russulales	f__Hericiaceae	g__Dentipellis	s__fragilis
ASV_4564	k__Fungi	p__Ascomycota	c__Dothideomycetes	o__Mycosphaerellales	f__Teratosphaeriaceae	g__Catenulostroma	s__hermanusense
ASV_4565	k__Fungi	p__Basidiomycota	c__Exobasidiomycetes	o__Exobasidiales	f__Exobasidiaceae	g__Exobasidium	NA
ASV_4566	k__Fungi	p__Basidiomycota	c__Agaricomycetes	o__Corticiales	f__Corticiaceae	g__Limonomyces	s__roseipellis
ASV_4567	k__Fungi	p__Ascomycota	c__Eurotiomycetes	o__Chaetothyriales	f__Herpotrichiellaceae	g__Exophiala	s__salmonis
ASV_4568	k__Fungi	p__Ascomycota	c__Saccharomycetes	o__Saccharomycetales	f__Saccharomycodaceae	g__Saccharomycodaceae_gen_Incertae_sedis	NA
ASV_4569	k__Fungi	p__Ascomycota	c__Sordariomycetes	o__Chaetosphaeriales	f__Chaetosphaeriaceae	g__Chaetosphaeria	s__ciliata
ASV_4570	k__Fungi	p__Ascomycota	c__Leotiomycetes	NA	NA	NA	NA
ASV_4571	k__Fungi	p__Basidiomycota	c__Malasseziomycetes	o__Malasseziales	f__Malasseziaceae	g__Malassezia	NA
ASV_4572	k__Fungi	p__Ascomycota	c__Dothideomycetes	o__Pleosporales	f__Didymosphaeriaceae	g__Paraphaeosphaeria	s__xanthorrhoeae
ASV_4573	k__Fungi	p__Ascomycota	c__Sordariomycetes	o__Cephalothecales	f__Cephalothecaceae	g__Phialemonium	s__guarroi
ASV_4574	k__Fungi	p__Ascomycota	c__Eurotiomycetes	o__Eurotiales	f__Aspergillaceae	g__Penicillium	NA
ASV_4575	k__Fungi	p__Ascomycota	c__Eurotiomycetes	o__Chaetothyriales	f__Herpotrichiellaceae	g__Exophiala	s__moniliae
ASV_4576	k__Fungi	NA	NA	NA	NA	NA	NA
ASV_4577	k__Fungi	p__Ascomycota	c__Dothideomycetes	o__Pleosporales	f__Pleosporaceae	g__Comoclathris	NA
ASV_4578	k__Fungi	p__Ascomycota	c__Sordariomycetes	o__Hypocreales	f__Hypocreaceae	g__Trichoderma	NA
ASV_4579	k__Fungi	p__Ascomycota	c__Eurotiomycetes	o__Eurotiales	f__Aspergillaceae	g__Aspergillus	s__inflatus
ASV_4580	k__Fungi	p__Ascomycota	c__Eurotiomycetes	o__Chaetothyriales	f__Herpotrichiellaceae	g__Cladophialophora	s__nyingchiensis
ASV_4581	k__Fungi	p__Ascomycota	c__Sordariomycetes	o__Amphisphaeriales	f__Amphisphaeriaceae	g__Funiliomyces	NA
ASV_4582	k__Fungi	p__Ascomycota	NA	NA	NA	NA	NA
ASV_4583	k__Fungi	p__Mortierellomycota	c__Mortierellomycetes	o__Mortierellales	f__Mortierellaceae	g__Linnemannia	s__gamsii
ASV_4584	k__Fungi	p__Ascomycota	c__Leotiomycetes	o__Helotiales	NA	NA	NA
ASV_4585	k__Fungi	p__Basidiomycota	c__Agaricomycetes	o__Agaricales	f__Psathyrellaceae	g__Coprinopsis	s__brunneofibrillosa
ASV_4586	k__Fungi	p__Ascomycota	c__Eurotiomycetes	o__Chaetothyriales	f__Pyrenotrichaceae	g__Neophaeococcomyces	NA
ASV_4587	k__Fungi	p__Ascomycota	c__Saccharomycetes	o__Saccharomycetales	NA	NA	NA
ASV_4588	k__Fungi	p__Ascomycota	c__Saccharomycetes	o__Saccharomycetales	NA	NA	NA
ASV_4589	k__Fungi	NA	NA	NA	NA	NA	NA
ASV_4590	k__Fungi	NA	NA	NA	NA	NA	NA
ASV_4591	k__Fungi	p__Ascomycota	NA	NA	NA	NA	NA
ASV_4592	k__Fungi	NA	NA	NA	NA	NA	NA
ASV_4593	k__Fungi	p__Ascomycota	c__Sordariomycetes	o__Glomerellales	f__Plectosphaerellaceae	g__Gibellulopsis	NA
ASV_4594	k__Fungi	p__Ascomycota	c__Saccharomycetes	o__Saccharomycetales	NA	NA	NA
ASV_4595	k__Fungi	p__Basidiomycota	c__Tremellomycetes	o__Filobasidiales	f__Filobasidiaceae	g__Filobasidiaceae_gen_Incertae_sedis	NA
ASV_4596	k__Fungi	p__Basidiomycota	c__Agaricomycetes	o__Trechisporales	f__Hydnodontaceae	NA	NA
ASV_4597	k__Fungi	p__Ascomycota	c__Sordariomycetes	o__Hypocreales	f__Hypocreaceae	g__Trichoderma	s__theobromicola
ASV_4598	k__Fungi	p__Basidiomycota	c__Agaricomycetes	o__Russulales	f__Hericiaceae	g__Dentipellis	s__fragilis
ASV_4599	k__Fungi	p__Basidiomycota	NA	NA	NA	NA	NA
ASV_4600	k__Fungi	p__Ascomycota	c__Eurotiomycetes	o__Chaetothyriales	f__Herpotrichiellaceae	g__Exophiala	s__eucalyptorum
ASV_4601	k__Fungi	p__Basidiomycota	c__Agaricomycetes	o__Cantharellales	f__Hydnaceae	g__Sistotrema	NA
ASV_4602	k__Fungi	p__Basidiomycota	NA	NA	NA	NA	NA
ASV_4603	k__Fungi	p__Basidiomycota	c__Ustilaginomycetes	o__Ustilaginales	f__Anthracoideaceae	g__Farysia	s__acheniorum
ASV_4604	k__Fungi	p__Ascomycota	c__Dothideomycetes	o__Mycosphaerellales	f__Neodevriesiaceae	g__Neodevriesia	s__stirlingiae
ASV_4605	k__Fungi	p__Ascomycota	c__Dothideomycetes	o__Mycosphaerellales	f__Teratosphaeriaceae	g__Lapidomyces	NA
ASV_4606	k__Fungi	p__Ascomycota	c__Dothideomycetes	o__Pleosporales	f__Sporormiaceae	g__Sporormiella	s__irregularis
ASV_4607	k__Fungi	p__Fungi_phy_Incertae_sedis	c__Fungi_cls_Incertae_sedis	o__Fungi_ord_Incertae_sedis	f__Fungi_fam_Incertae_sedis	g__Fungi_gen_Incertae_sedis	NA
ASV_4608	k__Fungi	p__Ascomycota	c__Leotiomycetes	o__Helotiales	f__Discinellaceae	g__Gyoerffyella	NA
ASV_4609	k__Fungi	p__Ascomycota	c__Eurotiomycetes	o__Onygenales	f__Onygenaceae	g__Chrysosporium	s__carmichaelii
ASV_4610	k__Fungi	NA	NA	NA	NA	NA	NA
ASV_4611	k__Fungi	p__Ascomycota	c__Leotiomycetes	o__Helotiales	f__Myxotrichaceae	g__Oidiodendron	NA
ASV_4612	k__Fungi	p__Mortierellomycota	c__Mortierellomycetes	o__Mortierellales	f__Mortierellaceae	g__Linnemannia	s__hyalina
ASV_4613	k__Fungi	p__Ascomycota	c__Sordariomycetes	o__Myrmecridiales	f__Myrmecridiaceae	g__Myrmecridium	s__phragmiticola
ASV_4614	k__Fungi	p__Ascomycota	c__Sordariomycetes	o__Hypocreales	f__Hypocreaceae	g__Trichoderma	NA
ASV_4615	k__Fungi	p__Ascomycota	c__Sordariomycetes	o__Hypocreales	NA	NA	NA
ASV_4616	k__Fungi	p__Ascomycota	NA	NA	NA	NA	NA
ASV_4617	k__Fungi	p__Ascomycota	c__Sordariomycetes	NA	NA	NA	NA
ASV_4618	k__Fungi	p__Ascomycota	NA	NA	NA	NA	NA
ASV_4619	k__Fungi	p__Ascomycota	c__Sordariomycetes	o__Hypocreales	NA	NA	NA
ASV_4620	k__Fungi	p__Basidiomycota	c__Agaricomycetes	o__Cantharellales	f__Ceratobasidiaceae	g__Ceratobasidiaceae_gen_Incertae_sedis	NA
ASV_4621	k__Fungi	p__Chytridiomycota	c__Spizellomycetes	o__Spizellomycetales	f__Spizellomycetales_fam_Incertae_sedis	g__Spizellomycetales_gen_Incertae_sedis	NA
ASV_4622	k__Fungi	p__Basidiomycota	NA	NA	NA	NA	NA
ASV_4623	k__Fungi	p__Basidiomycota	NA	NA	NA	NA	NA
ASV_4624	k__Fungi	p__Ascomycota	c__Dothideomycetes	o__Pleosporales	f__Didymellaceae	g__Xenodidymella	NA
ASV_4625	k__Fungi	p__Basidiomycota	c__Agaricomycetes	o__Polyporales	f__Phanerochaetaceae	g__Phanerochaete	s__livescens
ASV_4626	k__Fungi	p__Ascomycota	NA	NA	NA	NA	NA
ASV_4627	k__Fungi	NA	NA	NA	NA	NA	NA
ASV_4628	k__Fungi	p__Ascomycota	NA	NA	NA	NA	NA
ASV_4629	k__Fungi	p__Ascomycota	c__Saccharomycetes	o__Saccharomycetales	NA	NA	NA
ASV_4630	k__Fungi	p__Ascomycota	NA	NA	NA	NA	NA
ASV_4631	k__Fungi	NA	NA	NA	NA	NA	NA
ASV_4632	k__Fungi	p__Basidiomycota	c__Agaricomycetes	o__Trechisporales	f__Hydnodontaceae	g__Trechispora	s__caucasica
ASV_4633	k__Fungi	p__Ascomycota	c__Leotiomycetes	o__Helotiales	NA	NA	NA
ASV_4634	k__Fungi	p__Ascomycota	c__Pezizomycetes	o__Pezizales	f__Pyronemataceae	g__Scutellinia	NA
ASV_4635	k__Fungi	p__Ascomycota	c__Leotiomycetes	o__Thelebolales	f__Thelebolaceae	g__Thelebolus	s__globosus
ASV_4636	k__Fungi	p__Ascomycota	c__Dothideomycetes	o__Pleosporales	f__Lentitheciaceae	g__Phragmocamarosporium	s__qujingensis
ASV_4637	k__Fungi	p__Mortierellomycota	c__Mortierellomycetes	o__Mortierellales	f__Mortierellaceae	g__Mortierella	NA
ASV_4638	k__Fungi	p__Ascomycota	c__Dothideomycetes	o__Pleosporales	f__Torulaceae	g__Torula	s__acaciae
ASV_4639	k__Fungi	p__Ascomycota	c__Eurotiomycetes	o__Chaetothyriales	f__Herpotrichiellaceae	g__Cladophialophora	NA
ASV_4640	k__Fungi	p__Basidiomycota	c__Agaricomycetes	o__Agaricales	f__Agaricales_fam_Incertae_sedis	g__Clitocybe	s__nebularis
ASV_4641	k__Fungi	p__Basidiomycota	c__Agaricomycetes	o__Agaricales	f__Agaricales_fam_Incertae_sedis	g__Paralepista	s__flaccida
ASV_4642	k__Fungi	p__Mortierellomycota	c__Mortierellomycetes	o__Mortierellales	f__Mortierellaceae	g__Mortierella	s__fluviae
ASV_4643	k__Fungi	p__Ascomycota	c__Sordariomycetes	NA	NA	NA	NA
ASV_4644	k__Fungi	p__Ascomycota	c__Eurotiomycetes	o__Chaetothyriales	f__Trichomeriaceae	NA	NA
ASV_4645	k__Fungi	p__Ascomycota	c__Leotiomycetes	o__Helotiales	NA	NA	NA
ASV_4646	k__Fungi	p__Ascomycota	c__Dothideomycetes	o__Pleosporales	f__Pleosporaceae	g__Alternaria	s__rosae
ASV_4647	k__Fungi	p__Basidiomycota	NA	NA	NA	NA	NA
ASV_4648	k__Fungi	p__Basidiomycota	c__Agaricomycetes	NA	NA	NA	NA
ASV_4649	k__Fungi	p__Basidiomycota	c__Malasseziomycetes	o__Malasseziales	f__Malasseziaceae	g__Malassezia	s__restricta
ASV_4650	k__Fungi	p__Ascomycota	c__Eurotiomycetes	NA	NA	NA	NA
ASV_4651	k__Fungi	NA	NA	NA	NA	NA	NA
ASV_4652	k__Fungi	p__Ascomycota	c__Dothideomycetes	o__Pleosporales	f__Didymellaceae	g__Ascochyta	NA
ASV_4653	k__Fungi	p__Ascomycota	c__Sordariomycetes	o__Microascales	f__Microascaceae	g__Cephalotrichum	s__lignatile
ASV_4654	k__Fungi	p__Ascomycota	c__Eurotiomycetes	o__Chaetothyriales	f__Cyphellophoraceae	g__Cyphellophora	NA
ASV_4655	k__Fungi	p__Ascomycota	NA	NA	NA	NA	NA
ASV_4656	k__Fungi	p__Ascomycota	c__Taphrinomycetes	o__Taphrinales	f__Taphrinaceae	g__Taphrina	s__vestergrenii
ASV_4657	k__Fungi	p__Ascomycota	c__Sordariomycetes	o__Hypocreales	f__Clavicipitaceae	g__Metarhizium	s__baoshanense
ASV_4658	k__Fungi	p__Basidiomycota	c__Agaricomycetes	o__Agaricales	f__Physalacriaceae	g__Armillaria	s__borealis
ASV_4659	k__Fungi	p__Ascomycota	c__Eurotiomycetes	o__Chaetothyriales	NA	NA	NA
ASV_4660	k__Fungi	p__Ascomycota	c__Dothideomycetes	o__Pleosporales	f__Phaeosphaeriaceae	g__Leptospora	s__rubella
ASV_4661	k__Fungi	p__Ascomycota	c__Dothideomycetes	o__Venturiales	f__Sympoventuriaceae	g__Pseudosigmoidea	s__excentrica
ASV_4662	k__Fungi	p__Ascomycota	c__Sordariomycetes	o__Amphisphaeriales	f__Sporocadaceae	NA	NA
ASV_4663	k__Fungi	NA	NA	NA	NA	NA	NA
ASV_4664	k__Fungi	p__Basidiomycota	NA	NA	NA	NA	NA
ASV_4665	k__Fungi	NA	NA	NA	NA	NA	NA
ASV_4666	k__Fungi	p__Ascomycota	c__Leotiomycetes	o__Helotiales	f__Helotiales_fam_Incertae_sedis	g__Leptodophora	s__orchidicola
ASV_4667	k__Fungi	p__Ascomycota	c__Eurotiomycetes	o__Eurotiales	f__Aspergillaceae	g__Penicillium	s__aquadulcis
ASV_4668	k__Fungi	p__Ascomycota	c__Sordariomycetes	o__Hypocreales	f__Nectriaceae	g__Nectria	s__pseudotrichia
ASV_4669	k__Fungi	p__Basidiomycota	c__Microbotryomycetes	o__Microbotryomycetes_ord_Incertae_sedis	f__Chrysozymaceae	g__Bannozyma	s__yamatoana
ASV_4670	k__Fungi	NA	NA	NA	NA	NA	NA
ASV_4671	k__Fungi	p__Ascomycota	c__Saccharomycetes	o__Saccharomycetales	NA	NA	NA
ASV_4672	k__Fungi	p__Ascomycota	NA	NA	NA	NA	NA
ASV_4673	k__Fungi	p__Ascomycota	c__Saccharomycetes	o__Saccharomycetales	NA	NA	NA
ASV_4674	k__Fungi	NA	NA	NA	NA	NA	NA
ASV_4675	k__Fungi	NA	NA	NA	NA	NA	NA
ASV_4676	k__Fungi	p__Ascomycota	c__Dothideomycetes	o__Pleosporales	f__Didymosphaeriaceae	g__Neptunomyces	s__aureus
ASV_4677	k__Fungi	p__Basidiomycota	c__Agaricomycetes	o__Corticiales	f__Corticiaceae	g__Corticiaceae_gen_Incertae_sedis	NA
ASV_4678	k__Fungi	p__Ascomycota	c__Sordariomycetes	o__Hypocreales	f__Clavicipitaceae	g__Metapochonia	s__rubescens
ASV_4679	k__Fungi	p__Basidiomycota	c__Agaricomycetes	o__Russulales	f__Peniophoraceae	g__Peniophora	s__rufomarginata
ASV_4680	k__Fungi	p__Ascomycota	c__Leotiomycetes	o__Helotiales	f__Dermateaceae	g__Dermateaceae_gen_Incertae_sedis	NA
ASV_4681	k__Fungi	NA	NA	NA	NA	NA	NA
ASV_4682	k__Fungi	p__Basidiomycota	c__Agaricomycetes	o__Agaricales	f__Mycenaceae	g__Mycena	NA
ASV_4683	k__Fungi	p__Ascomycota	c__Leotiomycetes	o__Helotiales	f__Sclerotiniaceae	g__Clarireedia	s__bennettii
ASV_4684	k__Fungi	p__Basidiomycota	NA	NA	NA	NA	NA
ASV_4685	k__Fungi	p__Basidiomycota	c__Agaricomycetes	o__Agaricales	f__Agaricales_fam_Incertae_sedis	g__Cellypha	s__goldbachii
ASV_4686	k__Fungi	NA	NA	NA	NA	NA	NA
ASV_4687	k__Fungi	NA	NA	NA	NA	NA	NA
ASV_4688	k__Fungi	p__Ascomycota	c__Sordariomycetes	o__Myrmecridiales	f__Myrmecridiaceae	g__Myrmecridium	NA
ASV_4689	k__Fungi	p__Basidiomycota	c__Cystobasidiomycetes	o__Cystobasidiomycetes_ord_Incertae_sedis	f__Symmetrosporaceae	g__Symmetrospora	s__clarorosea
ASV_4690	k__Fungi	p__Ascomycota	c__Dothideomycetes	NA	NA	NA	NA
ASV_4691	k__Fungi	p__Basidiomycota	NA	NA	NA	NA	NA
ASV_4692	k__Fungi	p__Ascomycota	c__Sordariomycetes	o__Cephalothecales	f__Cephalothecaceae	g__Phialemonium	s__inflatum
ASV_4693	k__Fungi	NA	NA	NA	NA	NA	NA
ASV_4694	k__Fungi	NA	NA	NA	NA	NA	NA
ASV_4695	k__Fungi	p__Basidiomycota	c__Agaricomycetes	o__Russulales	f__Stereaceae	g__Aleurodiscus	s__verrucosporus
ASV_4696	k__Fungi	p__Basidiomycota	c__Agaricomycetes	o__Trechisporales	f__Hydnodontaceae	g__Trechispora	s__cohaerens
ASV_4697	k__Fungi	NA	NA	NA	NA	NA	NA
ASV_4698	k__Fungi	p__Ascomycota	c__Sordariomycetes	o__Hypocreales	f__Sarocladiaceae	g__Sarocladium	s__gamsii
ASV_4699	k__Fungi	p__Ascomycota	c__Sordariomycetes	o__Hypocreales	f__Niessliaceae	g__Niesslia	s__aurantiaca
ASV_4700	k__Fungi	p__Ascomycota	c__Eurotiomycetes	o__Eurotiales	f__Aspergillaceae	g__Penicillium	s__buchwaldii
ASV_4701	k__Fungi	NA	NA	NA	NA	NA	NA
ASV_4702	k__Fungi	NA	NA	NA	NA	NA	NA
ASV_4703	k__Fungi	p__Ascomycota	c__Sordariomycetes	o__Hypocreales	f__Stachybotryaceae	g__Myxospora	s__musae
ASV_4704	k__Fungi	p__Ascomycota	c__Sordariomycetes	o__Glomerellales	f__Plectosphaerellaceae	g__Phaeochloridium	s__geniculatum
ASV_4705	k__Fungi	p__Ascomycota	c__Sordariomycetes	o__Hypocreales	f__Sarocladiaceae	g__Sarocladium	s__bacillisporum
ASV_4706	k__Fungi	p__Basidiomycota	NA	NA	NA	NA	NA
ASV_4707	k__Fungi	NA	NA	NA	NA	NA	NA
ASV_4708	k__Fungi	p__Ascomycota	c__Eurotiomycetes	o__Chaetothyriales	f__Herpotrichiellaceae	NA	NA
ASV_4709	k__Fungi	p__Basidiomycota	NA	NA	NA	NA	NA
ASV_4710	k__Fungi	p__Ascomycota	c__Leotiomycetes	o__Helotiales	f__Myxotrichaceae	g__Myxotrichum	NA
ASV_4711	k__Fungi	p__Ascomycota	c__Leotiomycetes	o__Helotiales	f__Myxotrichaceae	g__Oidiodendron	NA
ASV_4712	k__Fungi	p__Basidiomycota	c__Ustilaginomycetes	o__Ustilaginales	f__Anthracoideaceae	g__Farysia	s__acheniorum
ASV_4713	k__Fungi	NA	NA	NA	NA	NA	NA
ASV_4714	k__Fungi	p__Ascomycota	c__Sordariomycetes	o__Chaetosphaeriales	f__Chaetosphaeriaceae	g__Phaeostalagmus	NA
ASV_4715	k__Fungi	p__Basidiomycota	c__Agaricomycetes	o__Trechisporales	f__Hydnodontaceae	g__Trechispora	s__subsphaerospora
ASV_4716	k__Fungi	p__Ascomycota	c__Sordariomycetes	NA	NA	NA	NA
ASV_4717	k__Fungi	p__Ascomycota	c__Leotiomycetes	o__Helotiales	f__Helotiales_fam_Incertae_sedis	g__Infundichalara	s__microchona
ASV_4718	k__Fungi	p__Ascomycota	c__Dothideomycetes	o__Mycosphaerellales	f__Mycosphaerellaceae	NA	NA
ASV_4719	k__Fungi	p__Chytridiomycota	c__Spizellomycetes	o__Spizellomycetales	f__Spizellomycetales_fam_Incertae_sedis	g__Spizellomycetales_gen_Incertae_sedis	NA
ASV_4720	k__Fungi	p__Basidiomycota	c__Malasseziomycetes	o__Malasseziales	f__Malasseziaceae	g__Malassezia	NA
ASV_4721	k__Fungi	p__Ascomycota	c__Sordariomycetes	o__Hypocreales	f__Nectriaceae	NA	NA
ASV_4722	k__Fungi	p__Ascomycota	c__Dothideomycetes	o__Pleosporales	f__Teichosporaceae	g__Pseudocyclothyriella	s__clematidis
ASV_4723	k__Fungi	p__Ascomycota	c__Eurotiomycetes	o__Eurotiales	f__Aspergillaceae	g__Penicillium	s__coprobium
ASV_4724	k__Fungi	p__Ascomycota	c__Dothideomycetes	o__Mycosphaerellales	f__Neodevriesiaceae	g__Neodevriesia	NA
ASV_4725	k__Fungi	p__Basidiomycota	c__Microbotryomycetes	o__Leucosporidiales	f__Leucosporidiaceae	g__Leucosporidium	s__intermedium
ASV_4726	k__Fungi	NA	NA	NA	NA	NA	NA
ASV_4727	k__Fungi	p__Basidiomycota	c__Agaricomycetes	o__Agaricales	f__Schizophyllaceae	g__Schizophyllum	s__commune
ASV_4728	k__Fungi	p__Ascomycota	c__Dothideomycetes	o__Pleosporales	f__Torulaceae	g__Torula	s__gaodangensis
ASV_4729	k__Fungi	p__Basidiomycota	NA	NA	NA	NA	NA
ASV_4730	k__Fungi	p__Basidiomycota	c__Agaricomycetes	o__Trechisporales	f__Hydnodontaceae	g__Hydnodontaceae_gen_Incertae_sedis	NA
ASV_4731	k__Fungi	p__Ascomycota	c__Leotiomycetes	o__Helotiales	NA	NA	NA
ASV_4732	k__Fungi	p__Ascomycota	c__Saccharomycetes	o__Saccharomycetales	NA	NA	NA
ASV_4733	k__Fungi	p__Ascomycota	c__Saccharomycetes	o__Saccharomycetales	NA	NA	NA
ASV_4734	k__Fungi	p__Basidiomycota	c__Agaricomycetes	o__Russulales	f__Peniophoraceae	g__Peniophora	s__yunnanensis
ASV_4735	k__Fungi	p__Ascomycota	c__Dothideomycetes	o__Mycosphaerellales	NA	NA	NA
ASV_4736	k__Fungi	p__Ascomycota	c__Eurotiomycetes	o__Eurotiales	f__Trichocomaceae	g__Talaromyces	s__xishaensis
ASV_4737	k__Fungi	p__Ascomycota	c__Sordariomycetes	o__Atractosporales	f__Conlariaceae	g__Conlarium	NA
ASV_4738	k__Fungi	p__Basidiomycota	NA	NA	NA	NA	NA
ASV_4739	k__Fungi	p__Ascomycota	c__Dothideomycetes	o__Dothideales	f__Saccotheciaceae	NA	NA
ASV_4740	k__Fungi	p__Ascomycota	c__Sordariomycetes	o__Xylariales	f__Microdochiaceae	g__Microdochium	s__phragmitis
ASV_4741	k__Fungi	p__Ascomycota	c__Eurotiomycetes	o__Onygenales	f__Gymnoascaceae	g__Gymnoascus	s__reessii
ASV_4742	k__Fungi	p__Ascomycota	c__Leotiomycetes	o__Helotiales	f__Helotiaceae	g__Hymenoscyphus	s__dehlii
ASV_4743	k__Fungi	p__Ascomycota	c__Dothideomycetes	o__Pleosporales	f__Phaeosphaeriaceae	g__Septoriella	s__hirta
ASV_4744	k__Fungi	p__Basidiomycota	c__Agaricomycetes	o__Agaricales	f__Lycoperdaceae	g__Lycoperdon	s__utriforme
ASV_4745	k__Fungi	p__Basidiomycota	c__Agaricomycetes	o__Agaricales	f__Pleurotaceae	g__Pleurotus	s__parsonsiae
ASV_4746	k__Fungi	p__Basidiomycota	NA	NA	NA	NA	NA
ASV_4747	k__Fungi	p__Ascomycota	c__Eurotiomycetes	NA	NA	NA	NA
ASV_4748	k__Fungi	p__Basidiomycota	c__Agaricostilbomycetes	o__Agaricostilbales	f__Agaricostilbales_fam_Incertae_sedis	g__Agaricostilbales_gen_Incertae_sedis	NA
ASV_4749	k__Fungi	p__Basidiomycota	c__Agaricomycetes	o__Sebacinales	f__Sebacinaceae	g__Chaetospermum	NA
ASV_4750	k__Fungi	p__Basidiomycota	NA	NA	NA	NA	NA
ASV_4751	k__Fungi	p__Ascomycota	c__Orbiliomycetes	o__Orbiliales	f__Orbiliaceae	g__Retiarius	s__bovicornutus
ASV_4752	k__Fungi	p__Ascomycota	c__Eurotiomycetes	o__Chaetothyriales	f__Trichomeriaceae	g__Trichomerium	NA
ASV_4753	k__Fungi	p__Basidiomycota	c__Tremellomycetes	o__Tremellales	f__Bulleraceae	g__Genolevuria	NA
ASV_4754	k__Fungi	p__Ascomycota	c__Sordariomycetes	o__Xylariales	f__Hypoxylaceae	g__Hypoxylon	s__fuscum
ASV_4755	k__Fungi	p__Ascomycota	c__Eurotiomycetes	o__Eurotiales	f__Aspergillaceae	g__Aspergillus	s__penicillioides
ASV_4756	k__Fungi	p__Basidiomycota	c__Microbotryomycetes	o__Leucosporidiales	f__Leucosporidiaceae	g__Leucosporidium	s__creatinivorum
ASV_4757	k__Fungi	p__Ascomycota	c__Dothideomycetes	o__Pleosporales	f__Leptosphaeriaceae	g__Subplenodomus	s__urticae
ASV_4758	k__Fungi	p__Basidiomycota	c__Cystobasidiomycetes	o__Cystobasidiales	f__Cystobasidiaceae	g__Cystobasidium	s__slooffiae
ASV_4759	k__Fungi	p__Ascomycota	c__Dothideomycetes	o__Pleosporales	f__Tetraplosphaeriaceae	g__Tetraploa	NA
ASV_4760	k__Fungi	p__Basidiomycota	c__Agaricomycetes	o__Agaricales	f__Bolbitiaceae	g__Conocybe	s__dumetorum
ASV_4761	k__Fungi	p__Ascomycota	c__Eurotiomycetes	o__Eurotiales	f__Aspergillaceae	g__Penicillium	s__aquadulcis
ASV_4762	k__Fungi	p__Ascomycota	c__Pezizomycetes	o__Pezizales	f__Pezizales_fam_Incertae_sedis	g__Coprotus	NA
ASV_4763	k__Fungi	p__Basidiomycota	c__Ustilaginomycetes	o__Ustilaginales	f__Ustilaginaceae	g__Tranzscheliella	s__hypodytes
ASV_4764	k__Fungi	p__Ascomycota	c__Eurotiomycetes	o__Eurotiales	NA	NA	NA
ASV_4765	k__Fungi	p__Ascomycota	c__Sordariomycetes	o__Hypocreales	f__Sarocladiaceae	g__Sarocladium	s__junci
ASV_4766	k__Fungi	p__Ascomycota	c__Leotiomycetes	o__Helotiales	NA	NA	NA
ASV_4767	k__Fungi	p__Ascomycota	c__Leotiomycetes	o__Helotiales	f__Hyaloscyphaceae	NA	NA
ASV_4768	k__Fungi	p__Ascomycota	c__Leotiomycetes	o__Helotiales	f__Myxotrichaceae	g__Oidiodendron	s__truncatum
ASV_4769	k__Fungi	p__Ascomycota	c__Sordariomycetes	o__Glomerellales	f__Plectosphaerellaceae	NA	NA
ASV_4770	k__Fungi	p__Fungi_phy_Incertae_sedis	c__Fungi_cls_Incertae_sedis	o__Fungi_ord_Incertae_sedis	f__Fungi_fam_Incertae_sedis	g__Fungi_gen_Incertae_sedis	NA
ASV_4771	k__Fungi	NA	NA	NA	NA	NA	NA
ASV_4772	k__Fungi	NA	NA	NA	NA	NA	NA
ASV_4773	k__Fungi	p__Ascomycota	c__Dothideomycetes	o__Pleosporales	f__Sporormiaceae	g__Preussia	s__dubia
ASV_4774	k__Fungi	p__Basidiomycota	c__Malasseziomycetes	o__Malasseziales	f__Malasseziaceae	g__Malassezia	s__restricta
ASV_4775	k__Fungi	p__Basidiomycota	NA	NA	NA	NA	NA
ASV_4776	k__Fungi	p__Basidiomycota	NA	NA	NA	NA	NA
ASV_4777	k__Fungi	p__Basidiomycota	c__Agaricomycetes	o__Trechisporales	f__Hydnodontaceae	g__Trechispora	s__invisitata
ASV_4778	k__Fungi	p__Ascomycota	c__Eurotiomycetes	o__Eurotiales	f__Aspergillaceae	g__Aspergillus	NA
ASV_4779	k__Fungi	NA	NA	NA	NA	NA	NA
ASV_4780	k__Fungi	NA	NA	NA	NA	NA	NA
ASV_4781	k__Fungi	p__Ascomycota	c__Eurotiomycetes	o__Onygenales	f__Onygenaceae	g__Chrysosporium	s__carmichaelii
ASV_4782	k__Fungi	p__Ascomycota	c__Leotiomycetes	o__Helotiales	NA	NA	NA
ASV_4783	k__Fungi	p__Ascomycota	c__Sordariomycetes	o__Xylariales	f__Hypoxylaceae	g__Jackrogersella	s__cohaerens
ASV_4784	k__Fungi	p__Basidiomycota	NA	NA	NA	NA	NA
ASV_4785	k__Fungi	p__Basidiomycota	c__Agaricomycetes	o__Hymenochaetales	f__Rickenellaceae	g__Peniophorella	s__pubera
ASV_4786	k__Fungi	p__Ascomycota	c__Sordariomycetes	o__Sordariales	f__Chaetomiaceae	g__Botryotrichum	s__atrogriseum
ASV_4787	k__Fungi	p__Ascomycota	c__Dothideomycetes	o__Pleosporales	f__Neophaeosphaeriaceae	g__Neophaeosphaeria	NA
ASV_4788	k__Fungi	p__Ascomycota	c__Sordariomycetes	o__Hypocreales	f__Ophiocordycipitaceae	g__Tolypocladium	NA
ASV_4789	k__Fungi	p__Ascomycota	c__Sordariomycetes	o__Hypocreales	f__Cordycipitaceae	g__Leptobacillium	s__leptobactrum
ASV_4790	k__Fungi	p__Basidiomycota	c__Microbotryomycetes	o__Sporidiobolales	f__Sporidiobolaceae	g__Sporobolomyces	s__ruberrimus
ASV_4791	k__Fungi	p__Basidiomycota	c__Agaricomycetes	o__Thelephorales	f__Thelephoraceae	g__Tomentellopsis	NA
ASV_4792	k__Fungi	p__Basidiomycota	NA	NA	NA	NA	NA
ASV_4793	k__Fungi	p__Basidiomycota	NA	NA	NA	NA	NA
ASV_4794	k__Fungi	p__Ascomycota	c__Dothideomycetes	o__Mycosphaerellales	f__Extremaceae	g__Extremus	s__caricis
ASV_4795	k__Fungi	p__Mortierellomycota	c__Mortierellomycetes	o__Mortierellales	f__Mortierellaceae	g__Podila	s__humilis
ASV_4796	k__Fungi	p__Ascomycota	c__Dothideomycetes	o__Mycosphaerellales	NA	NA	NA
ASV_4797	k__Fungi	p__Ascomycota	c__Taphrinomycetes	o__Taphrinales	f__Taphrinaceae	g__Taphrina	NA
ASV_4798	k__Fungi	NA	NA	NA	NA	NA	NA
ASV_4799	k__Fungi	p__Ascomycota	c__Sordariomycetes	o__Conioscyphales	f__Conioscyphaceae	g__Conioscyphaceae_gen_Incertae_sedis	NA
ASV_4800	k__Fungi	NA	NA	NA	NA	NA	NA
ASV_4801	k__Fungi	p__Mucoromycota	c__Umbelopsidomycetes	o__Umbelopsidales	f__Umbelopsidaceae	g__Umbelopsis	s__isabellina
ASV_4802	k__Fungi	p__Ascomycota	c__Dothideomycetes	o__Cladosporiales	f__Cladosporiaceae	g__Cladosporium	s__halotolerans
ASV_4803	k__Fungi	p__Fungi_phy_Incertae_sedis	c__Fungi_cls_Incertae_sedis	o__Fungi_ord_Incertae_sedis	f__Fungi_fam_Incertae_sedis	g__Fungi_gen_Incertae_sedis	NA
ASV_4804	k__Fungi	p__Ascomycota	c__Pezizomycetes	o__Pezizales	f__Pezizales_fam_Incertae_sedis	g__Boubovia	NA
ASV_4805	k__Fungi	p__Ascomycota	c__Sordariomycetes	o__Hypocreales	f__Clavicipitaceae	g__Metapochonia	s__bulbillosa
ASV_4806	k__Fungi	p__Basidiomycota	NA	NA	NA	NA	NA
ASV_4807	k__Fungi	p__Basidiomycota	c__Agaricomycetes	o__Agaricales	f__Psathyrellaceae	NA	NA
ASV_4808	k__Fungi	NA	NA	NA	NA	NA	NA
ASV_4809	k__Fungi	p__Ascomycota	c__Eurotiomycetes	o__Onygenales	f__Onygenaceae	g__Chrysosporium	s__lobatum
ASV_4810	k__Fungi	NA	NA	NA	NA	NA	NA
ASV_4811	k__Fungi	p__Ascomycota	c__Eurotiomycetes	o__Chaetothyriales	f__Herpotrichiellaceae	g__Sorocybe	NA
ASV_4812	k__Fungi	p__Basidiomycota	NA	NA	NA	NA	NA
ASV_4813	k__Fungi	p__Basidiomycota	NA	NA	NA	NA	NA
ASV_4814	k__Fungi	p__Ascomycota	NA	NA	NA	NA	NA
ASV_4815	k__Fungi	NA	NA	NA	NA	NA	NA
ASV_4816	k__Fungi	p__Ascomycota	c__Leotiomycetes	o__Helotiales	f__Pezizellaceae	NA	NA
ASV_4817	k__Fungi	p__Mortierellomycota	c__Mortierellomycetes	o__Mortierellales	f__Mortierellaceae	g__Entomortierella	s__parvispora
ASV_4818	k__Fungi	p__Basidiomycota	c__Agaricomycetes	o__Trechisporales	f__Hydnodontaceae	g__Trechispora	s__caucasica
ASV_4819	k__Fungi	NA	NA	NA	NA	NA	NA
ASV_4820	k__Fungi	NA	NA	NA	NA	NA	NA
ASV_4821	k__Fungi	p__Ascomycota	c__Eurotiomycetes	o__Onygenales	f__Helicoarthrosporaceae	g__Helicoarthrosporum	s__mellicola
ASV_4822	k__Fungi	p__Basidiomycota	c__Agaricomycetes	o__Hymenochaetales	f__Hymenochaetaceae	g__Hymenochaete	NA
ASV_4823	k__Fungi	p__Ascomycota	NA	NA	NA	NA	NA
ASV_4824	k__Fungi	p__Basidiomycota	NA	NA	NA	NA	NA
ASV_4825	k__Fungi	p__Fungi_phy_Incertae_sedis	c__Fungi_cls_Incertae_sedis	o__Fungi_ord_Incertae_sedis	f__Fungi_fam_Incertae_sedis	g__Fungi_gen_Incertae_sedis	NA
ASV_4826	k__Fungi	p__Ascomycota	c__Sordariomycetes	o__Hypocreales	NA	NA	NA
ASV_4827	k__Fungi	p__Basidiomycota	NA	NA	NA	NA	NA
ASV_4828	k__Fungi	p__Ascomycota	c__Sordariomycetes	o__Xylariales	f__Xylariaceae	g__Xylaria	s__carpophila
ASV_4829	k__Fungi	p__Basidiomycota	c__Malasseziomycetes	o__Malasseziales	f__Malasseziaceae	g__Malassezia	s__restricta
ASV_4830	k__Fungi	p__Basidiomycota	c__Agaricomycetes	o__Agaricales	f__Pleurotaceae	g__Pleurotus	s__flabellatus
ASV_4831	k__Fungi	p__Ascomycota	c__Leotiomycetes	NA	NA	NA	NA
ASV_4832	k__Fungi	NA	NA	NA	NA	NA	NA
ASV_4833	k__Fungi	NA	NA	NA	NA	NA	NA
ASV_4834	k__Fungi	NA	NA	NA	NA	NA	NA
ASV_4835	k__Fungi	p__Basidiomycota	NA	NA	NA	NA	NA
ASV_4836	k__Fungi	p__Basidiomycota	c__Agaricomycetes	o__Trechisporales	f__Hydnodontaceae	g__Trechispora	s__invisitata
ASV_4837	k__Fungi	NA	NA	NA	NA	NA	NA
ASV_4838	k__Fungi	p__Basidiomycota	c__Agaricomycetes	o__Agaricales	f__Entolomataceae	g__Entoloma	s__luteofuscum
ASV_4839	k__Fungi	p__Ascomycota	NA	NA	NA	NA	NA
ASV_4840	k__Fungi	p__Ascomycota	c__Leotiomycetes	o__Helotiales	f__Lachnaceae	g__Lachnellula	NA
ASV_4841	k__Fungi	p__Ascomycota	c__Saccharomycetes	o__Saccharomycetales	NA	NA	NA
ASV_4842	k__Fungi	p__Basidiomycota	NA	NA	NA	NA	NA
ASV_4843	k__Fungi	p__Ascomycota	c__Saccharomycetes	o__Saccharomycetales	NA	NA	NA
ASV_4844	k__Fungi	NA	NA	NA	NA	NA	NA
ASV_4845	k__Fungi	p__Ascomycota	c__Dothideomycetes	o__Mycosphaerellales	f__Mycosphaerellaceae	NA	NA
ASV_4846	k__Fungi	p__Ascomycota	c__Sordariomycetes	o__Xylariales	NA	NA	NA
ASV_4847	k__Fungi	p__Ascomycota	c__Dothideomycetes	o__Mycosphaerellales	f__Teratosphaeriaceae	g__Bryochiton	NA
ASV_4848	k__Fungi	p__Ascomycota	c__Eurotiomycetes	o__Eurotiales	f__Trichocomaceae	g__Talaromyces	s__cecidicola
ASV_4849	k__Fungi	p__Ascomycota	c__Sordariomycetes	NA	NA	NA	NA
ASV_4850	k__Fungi	p__Basidiomycota	NA	NA	NA	NA	NA
ASV_4851	k__Fungi	p__Basidiomycota	c__Agaricostilbomycetes	o__Agaricostilbales	f__Kondoaceae	g__Bensingtonia	s__rectispora
ASV_4852	k__Fungi	p__Ascomycota	c__Sordariomycetes	o__Hypocreales	f__Clavicipitaceae	g__Claviceps	s__paspali
ASV_4853	k__Fungi	p__Ascomycota	c__Dothideomycetes	o__Cladosporiales	f__Cladosporiaceae	NA	NA
ASV_4854	k__Fungi	p__Basidiomycota	c__Agaricomycetes	o__Agaricales	f__Psathyrellaceae	g__Parasola	s__setulosa
ASV_4855	k__Fungi	p__Basidiomycota	c__Tremellomycetes	o__Cystofilobasidiales	f__Cystofilobasidiaceae	g__Cystofilobasidium	s__capitatum
ASV_4856	k__Fungi	p__Basidiomycota	NA	NA	NA	NA	NA
ASV_4857	k__Fungi	p__Basidiomycota	c__Malasseziomycetes	o__Malasseziales	f__Malasseziaceae	g__Malassezia	s__restricta
ASV_4858	k__Fungi	p__Basidiomycota	c__Microbotryomycetes	o__Microbotryomycetes_ord_Incertae_sedis	f__Chrysozymaceae	g__Bannozyma	s__yamatoana
ASV_4859	k__Fungi	p__Ascomycota	c__Eurotiomycetes	o__Chaetothyriales	f__Herpotrichiellaceae	g__Cladophialophora	NA
ASV_4860	k__Fungi	p__Basidiomycota	c__Agaricomycetes	o__Agaricales	f__Physalacriaceae	g__Armillaria	s__borealis
ASV_4861	k__Fungi	p__Ascomycota	c__Saccharomycetes	o__Saccharomycetales	f__Trichomonascaceae	g__Blastobotrys	s__niveus
ASV_4862	k__Fungi	p__Ascomycota	c__Eurotiomycetes	o__Eurotiales	f__Trichocomaceae	g__Talaromyces	s__piceae
ASV_4863	k__Fungi	p__Basidiomycota	NA	NA	NA	NA	NA
ASV_4864	k__Fungi	p__Basidiomycota	c__Tremellomycetes	o__Cystofilobasidiales	f__Mrakiaceae	NA	NA
ASV_4865	k__Fungi	p__Ascomycota	c__Eurotiomycetes	o__Eurotiales	f__Aspergillaceae	g__Aspergillus	s__ruber
ASV_4866	k__Fungi	p__Ascomycota	c__Eurotiomycetes	o__Ascosphaerales	f__Ascosphaeraceae	g__Ascosphaera	s__celerrima
ASV_4867	k__Fungi	p__Ascomycota	c__Sordariomycetes	o__Hypocreales	f__Sarocladiaceae	g__Sarocladium	s__summerbellii
ASV_4868	k__Fungi	p__Ascomycota	c__Eurotiomycetes	o__Eurotiales	f__Trichocomaceae	g__Talaromyces	s__infraolivaceus
ASV_4869	k__Fungi	p__Ascomycota	c__Sordariomycetes	o__Hypocreales	f__Clavicipitaceae	g__Keithomyces	s__carneus
ASV_4870	k__Fungi	p__Ascomycota	c__Dothideomycetes	o__Pleosporales	f__Didymosphaeriaceae	g__Neptunomyces	s__aureus
ASV_4871	k__Fungi	NA	NA	NA	NA	NA	NA
ASV_4872	k__Fungi	p__Basidiomycota	c__Agaricomycetes	o__Agaricales	f__Physalacriaceae	g__Armillaria	s__borealis
ASV_4873	k__Fungi	p__Ascomycota	c__Sordariomycetes	o__Hypocreales	f__Hypocreaceae	g__Trichoderma	s__caerulescens
ASV_4874	k__Fungi	p__Ascomycota	c__Sordariomycetes	o__Hypocreales	f__Cordycipitaceae	g__Akanthomyces	s__muscarius
ASV_4875	k__Fungi	p__Ascomycota	c__Eurotiomycetes	o__Chaetothyriales	NA	NA	NA
ASV_4876	k__Fungi	p__Ascomycota	c__Eurotiomycetes	o__Onygenales	f__Arthrodermataceae	g__Arthroderma	s__curreyi
ASV_4877	k__Fungi	p__Ascomycota	c__Sordariomycetes	o__Amphisphaeriales	f__Apiosporaceae	g__Nigrospora	s__vesicularifera
ASV_4878	k__Fungi	p__Basidiomycota	NA	NA	NA	NA	NA
ASV_4879	k__Fungi	NA	NA	NA	NA	NA	NA
ASV_4880	k__Fungi	NA	NA	NA	NA	NA	NA
ASV_4881	k__Fungi	NA	NA	NA	NA	NA	NA
ASV_4882	k__Fungi	p__Ascomycota	c__Leotiomycetes	o__Helotiales	f__Myxotrichaceae	g__Oidiodendron	s__eucalypti
ASV_4883	k__Fungi	p__Mortierellomycota	c__Mortierellomycetes	o__Mortierellales	f__Mortierellaceae	g__Mortierella	s__basiparvispora
ASV_4884	k__Fungi	p__Basidiomycota	NA	NA	NA	NA	NA
ASV_4885	k__Fungi	p__Basidiomycota	c__Agaricomycetes	o__Trechisporales	f__Hydnodontaceae	g__Luellia	s__recondita
ASV_4886	k__Fungi	p__Ascomycota	c__Leotiomycetes	NA	NA	NA	NA
ASV_4887	k__Fungi	p__Basidiomycota	c__Agaricomycetes	o__Agaricales	f__Psathyrellaceae	g__Hormographiella	s__verticillata
ASV_4888	k__Fungi	p__Fungi_phy_Incertae_sedis	c__Fungi_cls_Incertae_sedis	o__Fungi_ord_Incertae_sedis	f__Fungi_fam_Incertae_sedis	g__Fungi_gen_Incertae_sedis	NA
ASV_4889	k__Fungi	p__Basidiomycota	NA	NA	NA	NA	NA
ASV_4890	k__Fungi	p__Basidiomycota	c__Ustilaginomycetes	o__Urocystidales	f__Urocystidaceae	g__Urocystis	s__agropyri
ASV_4891	k__Fungi	p__Basidiomycota	c__Agaricomycetes	o__Polyporales	f__Polyporaceae	g__Trametes	s__versicolor
ASV_4892	k__Fungi	p__Basidiomycota	c__Malasseziomycetes	o__Malasseziales	f__Malasseziaceae	g__Malassezia	s__globosa
ASV_4893	k__Fungi	p__Ascomycota	c__Eurotiomycetes	o__Onygenales	f__Arthrodermataceae	g__Arthroderma	s__ciferrii
ASV_4894	k__Fungi	p__Basidiomycota	c__Agaricomycetes	o__Agaricales	f__Strophariaceae	g__Pholiota	s__squarrosa
ASV_4895	k__Fungi	p__Ascomycota	c__Saccharomycetes	o__Saccharomycetales	NA	NA	NA
ASV_4896	k__Fungi	p__Basidiomycota	c__Agaricomycetes	o__Boletales	f__Boletaceae	g__Tylopilus	s__felleus
ASV_4897	k__Fungi	NA	NA	NA	NA	NA	NA
ASV_4898	k__Fungi	p__Fungi_phy_Incertae_sedis	c__Fungi_cls_Incertae_sedis	o__Fungi_ord_Incertae_sedis	f__Fungi_fam_Incertae_sedis	g__Fungi_gen_Incertae_sedis	NA
ASV_4899	k__Fungi	p__Basidiomycota	NA	NA	NA	NA	NA
ASV_4900	k__Fungi	p__Basidiomycota	c__Agaricomycetes	o__Agaricales	f__Psathyrellaceae	g__Parasola	s__auricoma
ASV_4901	k__Fungi	p__Ascomycota	c__Sordariomycetes	o__Hypocreales	NA	NA	NA
ASV_4902	k__Fungi	NA	NA	NA	NA	NA	NA
ASV_4903	k__Fungi	p__Basidiomycota	c__Agaricomycetes	o__Cantharellales	f__Ceratobasidiaceae	NA	NA
ASV_4904	k__Fungi	p__Basidiomycota	NA	NA	NA	NA	NA
ASV_4905	k__Fungi	p__Ascomycota	c__Eurotiomycetes	o__Chaetothyriales	f__Herpotrichiellaceae	NA	NA
ASV_4906	k__Fungi	p__Ascomycota	c__Leotiomycetes	o__Helotiales	f__Hyaloscyphaceae	g__Hyphodiscus	NA
ASV_4907	k__Fungi	p__Ascomycota	c__Dothideomycetes	o__Pleosporales	f__Didymosphaeriaceae	g__Paraphaeosphaeria	s__michotii
ASV_4908	k__Fungi	p__Basidiomycota	c__Agaricomycetes	o__Boletales	f__Serpulaceae	g__Serpula	s__himantioides
ASV_4909	k__Fungi	p__Basidiomycota	NA	NA	NA	NA	NA
ASV_4910	k__Fungi	p__Ascomycota	c__Sordariomycetes	o__Sordariales	f__Podosporaceae	g__Podospora	s__austrohemisphaerica
ASV_4911	k__Fungi	NA	NA	NA	NA	NA	NA
ASV_4912	k__Fungi	p__Basidiomycota	c__Tremellomycetes	o__Filobasidiales	f__Filobasidiaceae	g__Naganishia	NA
ASV_4913	k__Fungi	p__Basidiomycota	c__Agaricomycetes	o__Agaricales	NA	NA	NA
ASV_4914	k__Fungi	p__Ascomycota	c__Sordariomycetes	NA	NA	NA	NA
ASV_4915	k__Fungi	p__Basidiomycota	NA	NA	NA	NA	NA
ASV_4916	k__Fungi	p__Basidiomycota	c__Agaricomycetes	o__Atheliales	f__Atheliaceae	g__Athelia	s__epiphylla
ASV_4917	k__Fungi	p__Ascomycota	c__Dothideomycetes	o__Cladosporiales	f__Cladosporiaceae	g__Cladosporium	NA
ASV_4918	k__Fungi	p__Ascomycota	c__Dothideomycetes	o__Cladosporiales	f__Cladosporiaceae	g__Rachicladosporium	s__paucitum
ASV_4919	k__Fungi	p__Basidiomycota	NA	NA	NA	NA	NA
ASV_4920	k__Fungi	NA	NA	NA	NA	NA	NA
ASV_4921	k__Fungi	p__Basidiomycota	c__Agaricomycetes	o__Trechisporales	f__Hydnodontaceae	g__Trechispora	NA
ASV_4922	k__Fungi	p__Basidiomycota	NA	NA	NA	NA	NA
ASV_4923	k__Fungi	p__Ascomycota	c__Sordariomycetes	o__Hypocreales	NA	NA	NA
ASV_4924	k__Fungi	p__Ascomycota	c__Sordariomycetes	o__Hypocreales	NA	NA	NA
ASV_4925	k__Fungi	NA	NA	NA	NA	NA	NA
ASV_4926	k__Fungi	p__Basidiomycota	c__Agaricostilbomycetes	o__Agaricostilbales	f__Kondoaceae	g__Kondoa	NA
ASV_4927	k__Fungi	p__Ascomycota	c__Sordariomycetes	o__Hypocreales	f__Stachybotryaceae	g__Alfaria	s__putrefolia
ASV_4928	k__Fungi	p__Basidiomycota	NA	NA	NA	NA	NA
ASV_4929	k__Fungi	p__Ascomycota	c__Leotiomycetes	o__Helotiales	f__Helotiaceae	NA	NA
ASV_4930	k__Fungi	p__Ascomycota	c__Sordariomycetes	o__Hypocreales	NA	NA	NA
ASV_4931	k__Fungi	p__Ascomycota	c__Dothideomycetes	o__Pleosporales	f__Didymellaceae	NA	NA
ASV_4932	k__Fungi	p__Ascomycota	c__Sordariomycetes	o__Hypocreales	f__Stachybotryaceae	g__Alfaria	s__putrefolia
ASV_4933	k__Fungi	p__Ascomycota	c__Dothideomycetes	o__Mycosphaerellales	f__Mycosphaerellaceae	g__Zymoseptoria	s__brevis
ASV_4934	k__Fungi	NA	NA	NA	NA	NA	NA
ASV_4935	k__Fungi	p__Ascomycota	c__Leotiomycetes	NA	NA	NA	NA
ASV_4936	k__Fungi	p__Basidiomycota	c__Agaricomycetes	o__Agaricales	f__Strophariaceae	g__Hypholoma	s__fasciculare
ASV_4937	k__Fungi	p__Ascomycota	c__Sordariomycetes	o__Hypocreales	f__Stachybotryaceae	g__Alfaria	s__putrefolia
ASV_4938	k__Fungi	p__Basidiomycota	c__Malasseziomycetes	o__Malasseziales	f__Malasseziaceae	g__Malassezia	s__restricta
ASV_4939	k__Fungi	p__Ascomycota	c__Leotiomycetes	o__Helotiales	f__Pleuroascaceae	g__Pleuroascus	NA
ASV_4940	k__Fungi	p__Basidiomycota	NA	NA	NA	NA	NA
ASV_4941	k__Fungi	NA	NA	NA	NA	NA	NA
ASV_4942	k__Fungi	p__Basidiomycota	NA	NA	NA	NA	NA
ASV_4943	k__Fungi	p__Ascomycota	c__Dothideomycetes	o__Venturiales	f__Sympoventuriaceae	NA	NA
ASV_4944	k__Fungi	p__Basidiomycota	c__Agaricomycetes	o__Polyporales	f__Phanerochaetaceae	g__Phlebiopsis	NA
ASV_4945	k__Fungi	p__Ascomycota	c__Leotiomycetes	o__Helotiales	f__Hyaloscyphaceae	g__Clathrosphaerina	NA
ASV_4946	k__Fungi	p__Ascomycota	c__Sordariomycetes	o__Hypocreales	NA	NA	NA
ASV_4947	k__Fungi	p__Ascomycota	c__Sordariomycetes	o__Hypocreales	f__Nectriaceae	g__Neonectria	s__major
ASV_4948	k__Fungi	NA	NA	NA	NA	NA	NA
ASV_4949	k__Fungi	p__Fungi_phy_Incertae_sedis	c__Fungi_cls_Incertae_sedis	o__Fungi_ord_Incertae_sedis	f__Fungi_fam_Incertae_sedis	g__Fungi_gen_Incertae_sedis	NA
ASV_4950	k__Fungi	NA	NA	NA	NA	NA	NA
ASV_4951	k__Fungi	p__Chytridiomycota	c__Rhizophydiomycetes	o__Rhizophydiales	f__Rhizophydiaceae	g__Rhizophydium	NA
ASV_4952	k__Fungi	p__Ascomycota	c__Leotiomycetes	o__Helotiales	f__Dermateaceae	g__Coleophoma	NA
ASV_4953	k__Fungi	p__Ascomycota	c__Leotiomycetes	o__Helotiales	f__Erysiphaceae	g__Podosphaera	s__astericola
ASV_4954	k__Fungi	p__Basidiomycota	c__Agaricomycetes	NA	NA	NA	NA
ASV_4955	k__Fungi	p__Ascomycota	c__Dothideomycetes	o__Mycosphaerellales	f__Mycosphaerellaceae	g__Ramularia	s__collo-cygni
ASV_4956	k__Fungi	p__Basidiomycota	c__Agaricomycetes	o__Hymenochaetales	f__Schizoporaceae	g__Hyphodontia	s__pallidula
ASV_4957	k__Fungi	p__Basidiomycota	c__Tritirachiomycetes	o__Tritirachiales	f__Tritirachiaceae	g__Tritirachium	s__cinnamomeum
ASV_4958	k__Fungi	p__Ascomycota	c__Sordariomycetes	o__Cephalothecales	f__Cephalothecaceae	g__Phialemonium	s__inflatum
ASV_4959	k__Fungi	p__Ascomycota	c__Leotiomycetes	o__Helotiales	f__Myxotrichaceae	g__Oidiodendron	NA
ASV_4960	k__Fungi	p__Ascomycota	c__Dothideomycetes	o__Pleosporales	f__Didymellaceae	g__Neoascochyta	s__paspali
ASV_4961	k__Fungi	p__Ascomycota	c__Sordariomycetes	o__Sordariales	f__Schizotheciaceae	g__Pseudoechria	s__longicollis
ASV_4962	k__Fungi	p__Basidiomycota	c__Agaricomycetes	o__Polyporales	f__Polyporales_fam_Incertae_sedis	g__Amyloporia	s__xantha
ASV_4963	k__Fungi	p__Ascomycota	c__Dothideomycetes	o__Venturiales	f__Sympoventuriaceae	NA	NA
ASV_4964	k__Fungi	p__Basidiomycota	c__Agaricomycetes	o__Cantharellales	f__Ceratobasidiaceae	g__Ceratobasidiaceae_gen_Incertae_sedis	NA
ASV_4965	k__Fungi	p__Basidiomycota	c__Agaricomycetes	o__Agaricales	f__Psathyrellaceae	g__Coprinopsis	s__filamentifera
ASV_4966	k__Fungi	NA	NA	NA	NA	NA	NA
ASV_4967	k__Fungi	p__Basidiomycota	c__Agaricomycetes	o__Agaricales	f__Mycenaceae	g__Mycena	s__subviscosa
ASV_4968	k__Fungi	p__Ascomycota	NA	NA	NA	NA	NA
ASV_4969	k__Fungi	p__Basidiomycota	c__Agaricomycetes	o__Agaricales	f__Strophariaceae	g__Protostropharia	s__semiglobata
ASV_4970	k__Fungi	p__Basidiomycota	NA	NA	NA	NA	NA
ASV_4971	k__Fungi	p__Rozellomycota	c__Rozellomycota_cls_Incertae_sedis	o__Rozellomycota_ord_Incertae_sedis	f__Rozellomycota_fam_Incertae_sedis	g__Rozellomycota_gen_Incertae_sedis	NA
ASV_4972	k__Fungi	p__Ascomycota	c__Leotiomycetes	o__Helotiales	f__Hyaloscyphaceae	g__Hyphodiscus	NA
ASV_4973	k__Fungi	p__Basidiomycota	c__Cystobasidiomycetes	o__Erythrobasidiales	f__Erythrobasidiaceae	g__Bannoa	NA
ASV_4974	k__Fungi	p__Basidiomycota	c__Agaricomycetes	o__Russulales	f__Peniophoraceae	g__Peniophora	s__yunnanensis
ASV_4975	k__Fungi	p__Basidiomycota	NA	NA	NA	NA	NA
ASV_4976	k__Fungi	p__Basidiomycota	NA	NA	NA	NA	NA
ASV_4977	k__Fungi	NA	NA	NA	NA	NA	NA
ASV_4978	k__Fungi	p__Ascomycota	c__Eurotiomycetes	o__Chaetothyriales	f__Chaetothyriaceae	NA	NA
ASV_4979	k__Fungi	p__Basidiomycota	NA	NA	NA	NA	NA
ASV_4980	k__Fungi	p__Ascomycota	c__Dothideomycetes	o__Pleosporales	f__Didymosphaeriaceae	g__Paraphaeosphaeria	s__parmeliae
ASV_4981	k__Fungi	p__Basidiomycota	NA	NA	NA	NA	NA
ASV_4982	k__Fungi	p__Basidiomycota	NA	NA	NA	NA	NA
ASV_4983	k__Fungi	p__Mortierellomycota	c__Mortierellomycetes	o__Mortierellales	f__Mortierellaceae	g__Mortierella	s__elongatula
ASV_4984	k__Fungi	NA	NA	NA	NA	NA	NA
ASV_4985	k__Fungi	p__Ascomycota	c__Dothideomycetes	o__Mycosphaerellales	NA	NA	NA
ASV_4986	k__Fungi	p__Ascomycota	c__Dothideomycetes	o__Pleosporales	f__Teichosporaceae	NA	NA
ASV_4987	k__Fungi	p__Basidiomycota	c__Malasseziomycetes	o__Malasseziales	f__Malasseziaceae	g__Malassezia	s__restricta
ASV_4988	k__Fungi	NA	NA	NA	NA	NA	NA
ASV_4989	k__Fungi	p__Basidiomycota	c__Agaricomycetes	o__Agaricales	f__Marasmiaceae	g__Marasmius	s__oreades
ASV_4990	k__Fungi	p__Mortierellomycota	c__Mortierellomycetes	o__Mortierellales	f__Mortierellaceae	g__Entomortierella	s__parvispora
ASV_4991	k__Fungi	p__Ascomycota	c__Eurotiomycetes	o__Chaetothyriales	NA	NA	NA
ASV_4992	k__Fungi	p__Ascomycota	NA	NA	NA	NA	NA
ASV_4993	k__Fungi	p__Ascomycota	c__Eurotiomycetes	o__Chaetothyriales	f__Herpotrichiellaceae	g__Cladophialophora	s__mongoliae
ASV_4994	k__Fungi	p__Basidiomycota	c__Agaricomycetes	NA	NA	NA	NA
ASV_4995	k__Fungi	p__Ascomycota	c__Dothideomycetes	o__Pleosporales	f__Dictyosporiaceae	g__Pseudocoleophoma	NA
ASV_4996	k__Fungi	p__Ascomycota	c__Sordariomycetes	o__Xylariales	f__Xylariaceae	g__Rosellinia	s__britannica
ASV_4997	k__Fungi	p__Ascomycota	c__Sordariomycetes	o__Diaporthales	f__Gnomoniaceae	g__Apiognomonia	s__errabunda
ASV_4998	k__Fungi	p__Ascomycota	c__Leotiomycetes	NA	NA	NA	NA
ASV_4999	k__Fungi	p__Basidiomycota	c__Agaricomycetes	o__Agaricales	f__Mycenaceae	g__Mycena	s__metata
ASV_5000	k__Fungi	p__Basidiomycota	c__Tremellomycetes	o__Cystofilobasidiales	f__Mrakiaceae	g__Mrakia	s__hoshinonis
ASV_5001	k__Fungi	NA	NA	NA	NA	NA	NA
ASV_5002	k__Fungi	p__Ascomycota	c__Dothideomycetes	o__Pleosporales	f__Didymosphaeriaceae	g__Paraphaeosphaeria	s__viciae
ASV_5003	k__Fungi	p__Basidiomycota	NA	NA	NA	NA	NA
ASV_5004	k__Fungi	p__Basidiomycota	c__Agaricomycetes	o__Agaricales	f__Agaricales_fam_Incertae_sedis	g__Clitocybe	NA
ASV_5005	k__Fungi	p__Ascomycota	c__Dothideomycetes	o__Pleosporales	f__Didymosphaeriaceae	g__Paraphaeosphaeria	s__michotii
ASV_5006	k__Fungi	p__Ascomycota	c__Dothideomycetes	o__Pleosporales	f__Dictyosporiaceae	g__Pseudodictyosporium	s__elegans
ASV_5007	k__Fungi	p__Basidiomycota	NA	NA	NA	NA	NA
ASV_5008	k__Fungi	p__Ascomycota	c__Leotiomycetes	NA	NA	NA	NA
ASV_5009	k__Fungi	p__Ascomycota	NA	NA	NA	NA	NA
ASV_5010	k__Fungi	p__Ascomycota	c__Dothideomycetes	o__Venturiales	f__Sympoventuriaceae	g__Pinaceicola	s__cordae
ASV_5011	k__Fungi	p__Basidiomycota	c__Tremellomycetes	o__Tremellales	f__Bulleribasidiaceae	g__Derxomyces	s__hainanensis
ASV_5012	k__Fungi	p__Basidiomycota	c__Tremellomycetes	o__Tremellales	f__Bulleraceae	g__Fonsecazyma	NA
ASV_5013	k__Fungi	p__Basidiomycota	c__Agaricomycetes	o__Hymenochaetales	f__Hymenochaetaceae	g__Hymenochaete	NA
ASV_5014	k__Fungi	p__Fungi_phy_Incertae_sedis	c__Fungi_cls_Incertae_sedis	o__Fungi_ord_Incertae_sedis	f__Fungi_fam_Incertae_sedis	g__Fungi_gen_Incertae_sedis	NA
ASV_5015	k__Fungi	p__Fungi_phy_Incertae_sedis	c__Fungi_cls_Incertae_sedis	o__Fungi_ord_Incertae_sedis	f__Fungi_fam_Incertae_sedis	g__Fungi_gen_Incertae_sedis	NA
ASV_5016	k__Fungi	p__Ascomycota	c__Pezizomycetes	o__Pezizales	f__Ascobolaceae	g__Ascobolus	NA
ASV_5017	k__Fungi	p__Ascomycota	NA	NA	NA	NA	NA
ASV_5018	k__Fungi	p__Basidiomycota	c__Agaricomycetes	o__Agaricales	f__Physalacriaceae	g__Strobilurus	s__tenacellus
ASV_5019	k__Fungi	p__Basidiomycota	c__Agaricomycetes	o__Sebacinales	f__Serendipitaceae	g__Serendipita	NA
ASV_5020	k__Fungi	p__Ascomycota	c__Leotiomycetes	NA	NA	NA	NA
ASV_5021	k__Fungi	p__Ascomycota	NA	NA	NA	NA	NA
ASV_5022	k__Fungi	p__Ascomycota	c__Sordariomycetes	o__Hypocreales	f__Stachybotryaceae	NA	NA
ASV_5023	k__Fungi	p__Basidiomycota	c__Agaricostilbomycetes	o__Agaricostilbales	f__Chionosphaeraceae	g__Kurtzmanomyces	NA
ASV_5024	k__Fungi	p__Ascomycota	c__Dothideomycetes	o__Pleosporales	f__Leptosphaeriaceae	g__Leptosphaeria	s__veronicae
ASV_5025	k__Fungi	p__Basidiomycota	NA	NA	NA	NA	NA
ASV_5026	k__Fungi	NA	NA	NA	NA	NA	NA
ASV_5027	k__Fungi	NA	NA	NA	NA	NA	NA
ASV_5028	k__Fungi	NA	NA	NA	NA	NA	NA
ASV_5029	k__Fungi	p__Ascomycota	c__Dothideomycetes	o__Pleosporales	NA	NA	NA
ASV_5030	k__Fungi	p__Ascomycota	c__Saccharomycetes	o__Saccharomycetales	f__Debaryomycetaceae	g__Meyerozyma	s__guilliermondii
ASV_5031	k__Fungi	p__Basidiomycota	c__Agaricomycetes	o__Agaricales	f__Strophariaceae	g__Deconica	NA
ASV_5032	k__Fungi	p__Ascomycota	c__Dothideomycetes	o__Pleosporales	f__Phaeosphaeriaceae	g__Pseudoophiobolus	s__pseudoitalicus
ASV_5033	k__Fungi	p__Basidiomycota	NA	NA	NA	NA	NA
ASV_5034	k__Fungi	p__Fungi_phy_Incertae_sedis	c__Fungi_cls_Incertae_sedis	o__Fungi_ord_Incertae_sedis	f__Fungi_fam_Incertae_sedis	g__Fungi_gen_Incertae_sedis	NA
ASV_5035	k__Fungi	NA	NA	NA	NA	NA	NA
ASV_5036	k__Fungi	p__Basidiomycota	c__Tremellomycetes	NA	NA	NA	NA
ASV_5037	k__Fungi	p__Basidiomycota	NA	NA	NA	NA	NA
ASV_5038	k__Fungi	p__Basidiomycota	NA	NA	NA	NA	NA
ASV_5039	k__Fungi	NA	NA	NA	NA	NA	NA
ASV_5040	k__Fungi	p__Basidiomycota	c__Agaricomycetes	o__Agaricales	f__Psathyrellaceae	g__Psathyrellaceae_gen_Incertae_sedis	NA
ASV_5041	k__Fungi	p__Ascomycota	c__Dothideomycetes	o__Mycosphaerellales	f__Mycosphaerellaceae	NA	NA
ASV_5042	k__Fungi	p__Basidiomycota	c__Agaricomycetes	o__Boletales	f__Boletaceae	g__Leccinum	s__pseudoscabrum
ASV_5043	k__Fungi	p__Ascomycota	c__Dothideomycetes	o__Capnodiales	f__Capnodiales_fam_Incertae_sedis	g__Arthrocatena	NA
ASV_5044	k__Fungi	p__Ascomycota	c__Eurotiomycetes	o__Eurotiales	f__Aspergillaceae	g__Penicillium	NA
ASV_5045	k__Fungi	p__Ascomycota	c__Dothideomycetes	o__Pleosporales	f__Didymosphaeriaceae	g__Paraphaeosphaeria	s__sporulosa
ASV_5046	k__Fungi	p__Ascomycota	c__Leotiomycetes	NA	NA	NA	NA
ASV_5047	k__Fungi	p__Ascomycota	c__Dothideomycetes	o__Mycosphaerellales	f__Mycosphaerellaceae	NA	NA
ASV_5048	k__Fungi	p__Fungi_phy_Incertae_sedis	c__Fungi_cls_Incertae_sedis	o__Fungi_ord_Incertae_sedis	f__Fungi_fam_Incertae_sedis	g__Fungi_gen_Incertae_sedis	NA
ASV_5049	k__Fungi	NA	NA	NA	NA	NA	NA
ASV_5050	k__Fungi	p__Fungi_phy_Incertae_sedis	c__Fungi_cls_Incertae_sedis	o__Fungi_ord_Incertae_sedis	f__Fungi_fam_Incertae_sedis	g__Fungi_gen_Incertae_sedis	NA
ASV_5051	k__Fungi	p__Ascomycota	c__Saccharomycetes	o__Saccharomycetales	f__Saccharomycopsidaceae	g__Saccharomycopsis	s__fodiens
ASV_5052	k__Fungi	p__Basidiomycota	NA	NA	NA	NA	NA
ASV_5053	k__Fungi	p__Basidiomycota	c__Tremellomycetes	o__Cystofilobasidiales	f__Mrakiaceae	NA	NA
ASV_5054	k__Fungi	p__Basidiomycota	NA	NA	NA	NA	NA
ASV_5055	k__Fungi	p__Basidiomycota	c__Agaricomycetes	o__Agaricales	f__Strophariaceae	g__Deconica	NA
ASV_5056	k__Fungi	p__Ascomycota	c__Taphrinomycetes	o__Taphrinales	f__Taphrinaceae	g__Taphrina	s__tormentillae
ASV_5057	k__Fungi	p__Basidiomycota	NA	NA	NA	NA	NA
ASV_5058	k__Fungi	p__Basidiomycota	c__Microbotryomycetes	o__Sporidiobolales	f__Sporidiobolaceae	g__Rhodosporidiobolus	s__colostri
ASV_5059	k__Fungi	p__Ascomycota	c__Taphrinomycetes	o__Taphrinales	f__Protomycetaceae	g__Protomyces	NA
ASV_5060	k__Fungi	p__Ascomycota	c__Sordariomycetes	o__Hypocreales	f__Bionectriaceae	g__Acremonium	s__salmoneum
ASV_5061	k__Fungi	p__Basidiomycota	c__Cystobasidiomycetes	o__Erythrobasidiales	f__Erythrobasidiaceae	g__Erythrobasidium	s__yunnanense
ASV_5062	k__Fungi	p__Ascomycota	c__Leotiomycetes	o__Thelebolales	f__Pseudeurotiaceae	g__Pseudogymnoascus	NA
ASV_5063	k__Fungi	p__Ascomycota	c__Eurotiomycetes	o__Phaeomoniellales	f__Celotheliaceae	g__Neophaeomoniella	s__niveniae
ASV_5064	k__Fungi	p__Basidiomycota	NA	NA	NA	NA	NA
ASV_5065	k__Fungi	NA	NA	NA	NA	NA	NA
ASV_5066	k__Fungi	p__Mortierellomycota	c__Mortierellomycetes	o__Mortierellales	f__Mortierellaceae	g__Mortierella	NA
ASV_5067	k__Fungi	NA	NA	NA	NA	NA	NA
ASV_5068	k__Fungi	p__Basidiomycota	NA	NA	NA	NA	NA
ASV_5069	k__Fungi	p__Ascomycota	c__Dothideomycetes	o__Cladosporiales	f__Cladosporiaceae	NA	NA
ASV_5070	k__Fungi	p__Ascomycota	c__Dothideomycetes	o__Mycosphaerellales	f__Teratosphaeriaceae	g__Constantinomyces	s__oldenburgensis
ASV_5071	k__Fungi	p__Ascomycota	c__Dothideomycetes	o__Pleosporales	f__Leptosphaeriaceae	g__Paraleptosphaeria	NA
ASV_5072	k__Fungi	p__Ascomycota	c__Sordariomycetes	o__Xylariales	f__Xylariales_fam_Incertae_sedis	g__Polyscytalum	NA
ASV_5073	k__Fungi	p__Basidiomycota	NA	NA	NA	NA	NA
ASV_5074	k__Fungi	p__Ascomycota	c__Sordariomycetes	o__Sordariales	NA	NA	NA
ASV_5075	k__Fungi	p__Ascomycota	c__Leotiomycetes	NA	NA	NA	NA
ASV_5076	k__Fungi	p__Ascomycota	c__Dothideomycetes	o__Pleosporales	f__Phaeosphaeriaceae	g__Septoriella	NA
ASV_5077	k__Fungi	p__Ascomycota	c__Sordariomycetes	NA	NA	NA	NA
ASV_5078	k__Fungi	p__Ascomycota	c__Eurotiomycetes	o__Eurotiales	f__Aspergillaceae	g__Penicillium	s__jensenii
ASV_5079	k__Fungi	p__Basidiomycota	c__Agaricomycetes	o__Cantharellales	f__Hydnaceae	NA	NA
ASV_5080	k__Fungi	p__Ascomycota	c__Eurotiomycetes	o__Eurotiales	f__Aspergillaceae	g__Aspergillus	s__ruber
ASV_5081	k__Fungi	p__Basidiomycota	c__Tremellomycetes	o__Filobasidiales	f__Piskurozymaceae	g__Piskurozyma	s__taiwanensis
ASV_5082	k__Fungi	p__Ascomycota	c__Sordariomycetes	o__Hypocreales	NA	NA	NA
ASV_5083	k__Fungi	p__Ascomycota	c__Eurotiomycetes	o__Onygenales	f__Gymnoascaceae	g__Gymnoascus	NA
ASV_5084	k__Fungi	p__Ascomycota	c__Ascomycota_cls_Incertae_sedis	o__Ascomycota_ord_Incertae_sedis	f__Ascomycota_fam_Incertae_sedis	g__Phaeodactylium	NA
ASV_5085	k__Fungi	p__Basidiomycota	c__Exobasidiomycetes	o__Exobasidiales	f__Exobasidiaceae	g__Arcticomyces	s__warmingii
ASV_5086	k__Fungi	p__Ascomycota	c__Eurotiomycetes	o__Onygenales	f__Gymnoascaceae	g__Gymnoascus	NA
ASV_5087	k__Fungi	p__Ascomycota	c__Dothideomycetes	o__Mycosphaerellales	f__Neodevriesiaceae	g__Neodevriesiaceae_gen_Incertae_sedis	NA
ASV_5088	k__Fungi	p__Ascomycota	c__Taphrinomycetes	o__Taphrinales	f__Taphrinaceae	g__Taphrina	s__carpini
ASV_5089	k__Fungi	p__Ascomycota	c__Leotiomycetes	o__Helotiales	NA	NA	NA
ASV_5090	k__Fungi	NA	NA	NA	NA	NA	NA
ASV_5091	k__Fungi	p__Fungi_phy_Incertae_sedis	c__Fungi_cls_Incertae_sedis	o__Fungi_ord_Incertae_sedis	f__Fungi_fam_Incertae_sedis	g__Fungi_gen_Incertae_sedis	NA
ASV_5092	k__Fungi	p__Basidiomycota	c__Malasseziomycetes	o__Malasseziales	f__Malasseziaceae	g__Malassezia	s__restricta
ASV_5093	k__Fungi	NA	NA	NA	NA	NA	NA
ASV_5094	k__Fungi	p__Basidiomycota	c__Cystobasidiomycetes	o__Cystobasidiomycetes_ord_Incertae_sedis	f__Microsporomycetaceae	g__Microsporomycetaceae_gen_Incertae_sedis	NA
ASV_5095	k__Fungi	NA	NA	NA	NA	NA	NA
ASV_5096	k__Fungi	p__Ascomycota	c__Dothideomycetes	o__Pleosporales	f__Didymosphaeriaceae	g__Neptunomyces	s__aureus
ASV_5097	k__Fungi	p__Ascomycota	c__Leotiomycetes	o__Helotiales	f__Pezizellaceae	g__Chalara	NA
ASV_5098	k__Fungi	p__Ascomycota	c__Sordariomycetes	o__Diaporthales	f__Diaporthaceae	g__Diaporthe	s__kochmanii
ASV_5099	k__Fungi	p__Fungi_phy_Incertae_sedis	c__Fungi_cls_Incertae_sedis	o__Fungi_ord_Incertae_sedis	f__Fungi_fam_Incertae_sedis	g__Fungi_gen_Incertae_sedis	NA
ASV_5100	k__Fungi	p__Ascomycota	c__Sordariomycetes	o__Coronophorales	f__Coronophorales_fam_Incertae_sedis	g__Papulaspora	s__funabasensis
ASV_5101	k__Fungi	p__Ascomycota	c__Sordariomycetes	o__Sordariales	NA	NA	NA
ASV_5102	k__Fungi	p__Ascomycota	c__Dothideomycetes	o__Pleosporales	NA	NA	NA
ASV_5103	k__Fungi	p__Basidiomycota	NA	NA	NA	NA	NA
ASV_5104	k__Fungi	NA	NA	NA	NA	NA	NA
ASV_5105	k__Fungi	p__Basidiomycota	c__Agaricomycetes	o__Agaricales	f__Typhulaceae	g__Typhula	NA
ASV_5106	k__Fungi	p__Basidiomycota	c__Tremellomycetes	o__Filobasidiales	f__Filobasidiaceae	g__Filobasidium	s__chernovii
ASV_5107	k__Fungi	p__Basidiomycota	c__Agaricomycetes	o__Agaricales	f__Pluteaceae	g__Pluteus	s__cinereofuscus
ASV_5108	k__Fungi	p__Ascomycota	NA	NA	NA	NA	NA
ASV_5109	k__Fungi	p__Ascomycota	c__Eurotiomycetes	o__Eurotiales	f__Aspergillaceae	g__Aspergillus	s__penicillioides
ASV_5110	k__Fungi	p__Fungi_phy_Incertae_sedis	c__Fungi_cls_Incertae_sedis	o__Fungi_ord_Incertae_sedis	f__Fungi_fam_Incertae_sedis	g__Fungi_gen_Incertae_sedis	NA
ASV_5111	k__Fungi	p__Basidiomycota	c__Microbotryomycetes	o__Microbotryales	f__Ustilentylomataceae	g__Ustilentyloma	NA
ASV_5112	k__Fungi	p__Basidiomycota	c__Agaricomycetes	o__Agaricales	f__Psathyrellaceae	g__Coprinellus	s__micaceus
ASV_5113	k__Fungi	p__Basidiomycota	NA	NA	NA	NA	NA
ASV_5114	k__Fungi	p__Basidiomycota	c__Ustilaginomycetes	o__Ustilaginales	f__Ustilaginaceae	g__Ustilago	s__hordei
ASV_5115	k__Fungi	p__Ascomycota	c__Eurotiomycetes	o__Onygenales	f__Onygenaceae	g__Chrysosporium	s__lobatum
ASV_5116	k__Fungi	NA	NA	NA	NA	NA	NA
ASV_5117	k__Fungi	p__Basidiomycota	NA	NA	NA	NA	NA
ASV_5118	k__Fungi	p__Fungi_phy_Incertae_sedis	c__Fungi_cls_Incertae_sedis	o__Fungi_ord_Incertae_sedis	f__Fungi_fam_Incertae_sedis	g__Fungi_gen_Incertae_sedis	NA
ASV_5119	k__Fungi	p__Basidiomycota	NA	NA	NA	NA	NA
ASV_5120	k__Fungi	p__Basidiomycota	c__Agaricomycetes	o__Agaricales	f__Omphalotaceae	g__Collybiopsis	s__ramealis
ASV_5121	k__Fungi	p__Ascomycota	c__Dothideomycetes	o__Pleosporales	f__Lophiotremataceae	g__Lophiotrema	s__mucilaginosis
ASV_5122	k__Fungi	p__Basidiomycota	c__Agaricomycetes	o__Hymenochaetales	f__Hymenochaetaceae	g__Phylloporia	s__ribis
ASV_5123	k__Fungi	p__Ascomycota	c__Leotiomycetes	o__Helotiales	f__Sclerotiniaceae	g__Clarireedia	s__bennettii
ASV_5124	k__Fungi	p__Ascomycota	c__Dothideomycetes	o__Pleosporales	NA	NA	NA
ASV_5125	k__Fungi	p__Ascomycota	c__Sordariomycetes	NA	NA	NA	NA
ASV_5126	k__Fungi	p__Ascomycota	c__Sordariomycetes	o__Hypocreales	NA	NA	NA
ASV_5127	k__Fungi	p__Ascomycota	c__Dothideomycetes	o__Botryosphaeriales	NA	NA	NA
ASV_5128	k__Fungi	p__Ascomycota	c__Dothideomycetes	o__Pleosporales	f__Teichosporaceae	g__Pseudocyclothyriella	s__clematidis
ASV_5129	k__Fungi	p__Ascomycota	c__Sordariomycetes	o__Hypocreales	NA	NA	NA
ASV_5130	k__Fungi	p__Basidiomycota	c__Agaricomycetes	o__Agaricales	f__Entolomataceae	g__Entoloma	s__piceinum
ASV_5131	k__Fungi	p__Basidiomycota	c__Agaricomycetes	o__Agaricales	f__Strophariaceae	g__Deconica	NA
ASV_5132	k__Fungi	p__Ascomycota	c__Dothideomycetes	o__Mycosphaerellales	NA	NA	NA
ASV_5133	k__Fungi	p__Basidiomycota	c__Agaricomycetes	o__Polyporales	f__Polyporaceae	g__Perenniporia	s__formosana
ASV_5134	k__Fungi	p__Ascomycota	NA	NA	NA	NA	NA
ASV_5135	k__Fungi	p__Basidiomycota	c__Agaricomycetes	o__Corticiales	f__Corticiaceae	g__Laetisaria	s__fuciformis
ASV_5136	k__Fungi	NA	NA	NA	NA	NA	NA
ASV_5137	k__Fungi	p__Basidiomycota	c__Agaricomycetes	o__Boletales	f__Paxillaceae	g__Melanogaster	s__broomeanus
ASV_5138	k__Fungi	p__Basidiomycota	NA	NA	NA	NA	NA
ASV_5139	k__Fungi	p__Ascomycota	NA	NA	NA	NA	NA
ASV_5140	k__Fungi	p__Chytridiomycota	c__Rhizophydiomycetes	o__Rhizophydiales	f__Rhizophydiales_fam_Incertae_sedis	g__Rhizophydiales_gen_Incertae_sedis	NA
ASV_5141	k__Fungi	p__Mucoromycota	c__Umbelopsidomycetes	o__Umbelopsidales	f__Umbelopsidaceae	g__Umbelopsis	s__isabellina
ASV_5142	k__Fungi	p__Ascomycota	c__Dothideomycetes	o__Pleosporales	f__Pleosporaceae	g__Alternaria	s__alternata
ASV_5143	k__Fungi	NA	NA	NA	NA	NA	NA
ASV_5144	k__Fungi	NA	NA	NA	NA	NA	NA
ASV_5145	k__Fungi	p__Ascomycota	c__Eurotiomycetes	o__Eurotiales	f__Aspergillaceae	g__Aspergillus	s__penicillioides
ASV_5146	k__Fungi	p__Ascomycota	c__Dothideomycetes	o__Mycosphaerellales	f__Extremaceae	g__Paradevriesia	s__pseudoamericana
ASV_5147	k__Fungi	p__Basidiomycota	c__Agaricomycetes	o__Agaricales	f__Schizophyllaceae	g__Schizophyllum	s__commune
ASV_5148	k__Fungi	p__Basidiomycota	c__Agaricomycetes	o__Agaricales	f__Lycoperdaceae	g__Lycoperdon	s__pratense
ASV_5149	k__Fungi	p__Ascomycota	c__Leotiomycetes	o__Helotiales	f__Helotiales_fam_Incertae_sedis	NA	NA
ASV_5150	k__Fungi	NA	NA	NA	NA	NA	NA
ASV_5151	k__Fungi	NA	NA	NA	NA	NA	NA
ASV_5152	k__Fungi	p__Ascomycota	c__Eurotiomycetes	o__Onygenales	NA	NA	NA
ASV_5153	k__Fungi	p__Ascomycota	c__Eurotiomycetes	o__Onygenales	f__Onygenaceae	g__Auxarthron	s__filamentosum
ASV_5154	k__Fungi	p__Ascomycota	c__Sordariomycetes	o__Myrmecridiales	f__Myrmecridiaceae	g__Neomyrmecridium	NA
ASV_5155	k__Fungi	p__Basidiomycota	NA	NA	NA	NA	NA
ASV_5156	k__Fungi	p__Ascomycota	c__Sordariomycetes	o__Hypocreales	f__Ophiocordycipitaceae	g__Tolypocladium	NA
ASV_5157	k__Fungi	p__Ascomycota	c__Taphrinomycetes	o__Taphrinales	f__Protomycetaceae	NA	NA
ASV_5158	k__Fungi	NA	NA	NA	NA	NA	NA
ASV_5159	k__Fungi	p__Basidiomycota	c__Agaricomycetes	o__Agaricales	f__Entolomataceae	g__Entoloma	s__zuccherellii
ASV_5160	k__Fungi	p__Basidiomycota	c__Microbotryomycetes	o__Sporidiobolales	f__Sporidiobolaceae	g__Sporobolomyces	s__roseus
ASV_5161	k__Fungi	p__Ascomycota	c__Eurotiomycetes	o__Onygenales	f__Onygenaceae	g__Leucothecium	s__emdenii
ASV_5162	k__Fungi	p__Ascomycota	c__Eurotiomycetes	o__Chaetothyriales	f__Cyphellophoraceae	g__Cyphellophora	NA
ASV_5163	k__Fungi	p__Ascomycota	c__Leotiomycetes	o__Helotiales	f__Ploettnerulaceae	NA	NA
ASV_5164	k__Fungi	p__Ascomycota	c__Arthoniomycetes	o__Lichenostigmatales	f__Phaeococcomycetaceae	g__Phaeococcomyces	s__mexicanus
ASV_5165	k__Fungi	p__Ascomycota	c__Sordariomycetes	o__Hypocreales	NA	NA	NA
ASV_5166	k__Fungi	p__Ascomycota	c__Leotiomycetes	o__Helotiales	f__Helotiales_fam_Incertae_sedis	g__Crocicreas	NA
ASV_5167	k__Fungi	p__Basidiomycota	c__Microbotryomycetes	o__Microbotryomycetes_ord_Incertae_sedis	f__Chrysozymaceae	g__Fellozyma	s__inositophila
ASV_5168	k__Fungi	p__Ascomycota	c__Dothideomycetes	o__Pleosporales	f__Didymosphaeriaceae	g__Pseudocamarosporium	NA
ASV_5169	k__Fungi	p__Ascomycota	c__Dothideomycetes	o__Dothideomycetes_ord_Incertae_sedis	f__Dothideomycetes_fam_Incertae_sedis	g__Radulidium	s__subulatum
ASV_5170	k__Fungi	p__Ascomycota	c__Eurotiomycetes	NA	NA	NA	NA
ASV_5171	k__Fungi	p__Ascomycota	c__Dothideomycetes	o__Pleosporales	f__Pleosporaceae	g__Alternaria	s__infectoria
ASV_5172	k__Fungi	p__Ascomycota	c__Sordariomycetes	o__Xylariales	f__Microdochiaceae	g__Microdochium	s__phragmitis
ASV_5173	k__Fungi	p__Basidiomycota	c__Tremellomycetes	o__Filobasidiales	f__Filobasidiaceae	g__Filobasidium	s__oeirense
ASV_5174	k__Fungi	NA	NA	NA	NA	NA	NA
ASV_5175	k__Fungi	p__Basidiomycota	c__Cystobasidiomycetes	o__Cystobasidiomycetes_ord_Incertae_sedis	f__Cystobasidiomycetes_fam_Incertae_sedis	g__Cystobasidiomycetes_gen_Incertae_sedis	NA
ASV_5176	k__Fungi	p__Basidiomycota	NA	NA	NA	NA	NA
ASV_5177	k__Fungi	p__Ascomycota	NA	NA	NA	NA	NA
ASV_5178	k__Fungi	NA	NA	NA	NA	NA	NA
ASV_5179	k__Fungi	p__Ascomycota	c__Sordariomycetes	o__Hypocreales	f__Hypocreaceae	g__Kiflimonium	NA
ASV_5180	k__Fungi	p__Basidiomycota	NA	NA	NA	NA	NA
ASV_5181	k__Fungi	p__Ascomycota	c__Dothideomycetes	o__Pleosporales	f__Phaeosphaeriaceae	g__Neosetophoma	NA
ASV_5182	k__Fungi	p__Basidiomycota	c__Agaricomycetes	o__Russulales	f__Bondarzewiaceae	g__Heterobasidion	s__parviporum
ASV_5183	k__Fungi	p__Basidiomycota	NA	NA	NA	NA	NA
ASV_5184	k__Fungi	NA	NA	NA	NA	NA	NA
ASV_5185	k__Fungi	p__Basidiomycota	c__Agaricomycetes	o__Corticiales	f__Corticiaceae	g__Limonomyces	s__roseipellis
ASV_5186	k__Fungi	p__Basidiomycota	c__Agaricomycetes	o__Agaricales	f__Strophariaceae	g__Agrocybe	s__pediades
ASV_5187	k__Fungi	p__Fungi_phy_Incertae_sedis	c__Fungi_cls_Incertae_sedis	o__Fungi_ord_Incertae_sedis	f__Fungi_fam_Incertae_sedis	g__Fungi_gen_Incertae_sedis	NA
ASV_5188	k__Fungi	p__Ascomycota	c__Eurotiomycetes	o__Onygenales	f__Arthrodermataceae	g__Arthroderma	s__insingulare
ASV_5189	k__Fungi	p__Basidiomycota	NA	NA	NA	NA	NA
ASV_5190	k__Fungi	p__Basidiomycota	c__Agaricomycetes	o__Polyporales	f__Polyporaceae	NA	NA
ASV_5191	k__Fungi	NA	NA	NA	NA	NA	NA
ASV_5192	k__Fungi	p__Basidiomycota	NA	NA	NA	NA	NA
ASV_5193	k__Fungi	NA	NA	NA	NA	NA	NA
ASV_5194	k__Fungi	p__Basidiomycota	c__Agaricomycetes	o__Agaricales	f__Crepidotaceae	g__Crepidotus	s__crocophyllus
ASV_5195	k__Fungi	p__Ascomycota	c__Sordariomycetes	o__Phomatosporales	f__Phomatosporaceae	g__Phomatospora	s__biseriata
ASV_5196	k__Fungi	p__Basidiomycota	NA	NA	NA	NA	NA
ASV_5197	k__Fungi	p__Ascomycota	NA	NA	NA	NA	NA
ASV_5198	k__Fungi	p__Basidiomycota	NA	NA	NA	NA	NA
ASV_5199	k__Fungi	NA	NA	NA	NA	NA	NA
ASV_5200	k__Fungi	p__Basidiomycota	c__Agaricomycetes	o__Agaricales	f__Strophariaceae	g__Hypholoma	s__fasciculare
ASV_5201	k__Fungi	p__Basidiomycota	c__Agaricomycetes	o__Trechisporales	f__Hydnodontaceae	g__Trechispora	s__hymenocystis
ASV_5202	k__Fungi	p__Basidiomycota	c__Agaricomycetes	o__Polyporales	f__Phanerochaetaceae	g__Phanerochaete	NA
ASV_5203	k__Fungi	p__Ascomycota	c__Dothideomycetes	o__Mycosphaerellales	f__Dissoconiaceae	g__Ramichloridium	s__luteum
ASV_5204	k__Fungi	p__Basidiomycota	c__Microbotryomycetes	o__Microbotryomycetes_ord_Incertae_sedis	f__Chrysozymaceae	g__Bannozyma	s__yamatoana
ASV_5205	k__Fungi	p__Ascomycota	c__Dothideomycetes	NA	NA	NA	NA
ASV_5206	k__Fungi	p__Ascomycota	c__Dothideomycetes	o__Pleosporales	f__Didymellaceae	NA	NA
ASV_5207	k__Fungi	p__Basidiomycota	c__Agaricomycetes	o__Agaricales	f__Mycenaceae	g__Mycena	s__rosea
ASV_5208	k__Fungi	p__Basidiomycota	c__Agaricomycetes	o__Agaricales	f__Agaricales_fam_Incertae_sedis	g__Megacollybia	s__platyphylla
ASV_5209	k__Fungi	p__Ascomycota	c__Eurotiomycetes	o__Chaetothyriales	f__Herpotrichiellaceae	g__Rhinocladiella	NA
ASV_5210	k__Fungi	p__Ascomycota	c__Orbiliomycetes	o__Orbiliales	f__Orbiliaceae	g__Retiarius	s__revayae
ASV_5211	k__Fungi	p__Ascomycota	c__Dothideomycetes	o__Mycosphaerellales	f__Mycosphaerellaceae	g__Ramularia	s__armoraciae
ASV_5212	k__Fungi	p__Basidiomycota	c__Agaricomycetes	o__Agaricales	f__Mycenaceae	g__Mycena	NA
ASV_5213	k__Fungi	p__Basidiomycota	NA	NA	NA	NA	NA
ASV_5214	k__Fungi	p__Ascomycota	c__Leotiomycetes	o__Helotiales	f__Discinellaceae	g__Articulospora	NA
ASV_5215	k__Fungi	p__Ascomycota	c__Leotiomycetes	o__Helotiales	f__Sclerotiniaceae	g__Botrytis	NA
ASV_5216	k__Fungi	p__Ascomycota	c__Pezizomycetes	o__Pezizales	f__Sarcosomataceae	g__Plectania	s__melastoma
ASV_5217	k__Fungi	p__Basidiomycota	c__Microbotryomycetes	o__Leucosporidiales	f__Leucosporidiaceae	g__Leucosporidium	s__creatinivorum
ASV_5218	k__Fungi	p__Basidiomycota	NA	NA	NA	NA	NA
ASV_5219	k__Fungi	p__Ascomycota	c__Dothideomycetes	o__Dothideomycetes_ord_Incertae_sedis	f__Dothideomycetes_fam_Incertae_sedis	g__Lembosiniella	s__eucalyptorum
ASV_5220	k__Fungi	NA	NA	NA	NA	NA	NA
ASV_5221	k__Fungi	p__Basidiomycota	NA	NA	NA	NA	NA
ASV_5222	k__Fungi	p__Basidiomycota	NA	NA	NA	NA	NA
ASV_5223	k__Fungi	p__Ascomycota	c__Sordariomycetes	o__Xylariales	f__Hypoxylaceae	g__Daldinia	s__vernicosa
ASV_5224	k__Fungi	p__Ascomycota	c__Leotiomycetes	o__Helotiales	f__Calloriaceae	g__Calloria	NA
ASV_5225	k__Fungi	p__Basidiomycota	NA	NA	NA	NA	NA
ASV_5226	k__Fungi	NA	NA	NA	NA	NA	NA
ASV_5227	k__Fungi	p__Chytridiomycota	c__Spizellomycetes	o__Spizellomycetales	f__Spizellomycetales_fam_Incertae_sedis	g__Spizellomycetales_gen_Incertae_sedis	NA
ASV_5228	k__Fungi	NA	NA	NA	NA	NA	NA
ASV_5229	k__Fungi	p__Basidiomycota	c__Microbotryomycetes	o__Sporidiobolales	f__Sporidiobolaceae	g__Rhodotorula	s__graminis
